"""Atmos Mix Number""",BassRightPosX:,BassRightPosY:,BassRightPosZ:,BassLeftPosX:,BassLeftPosY:,BassLeftPosZ:
1,8.248158639,5.630183526,0.6558558728,8.248158639,-5.630183526,0.6558558728
2,9.403157977,4.420323122,0.3879017864,9.403157977,-4.420323122,0.3879017864
3,8.371295548,3.576557118,0.0593014617,8.371295548,-3.576557118,0.0593014617
4,8.325901231,5.724480584,0.6854204705,8.325901231,-5.724480584,0.6854204705
5,8.661967082,3.231243851,0.5275787315,8.661967082,-3.231243851,0.5275787315
6,8.631620606,3.398286599,0.4916405159,8.631620606,-3.398286599,0.4916405159
7,9.879342004,3.98409488,0.1762244542,9.879342004,-3.98409488,0.1762244542
8,8.471009067,5.667268946,0.2843720016,8.471009067,-5.667268946,0.2843720016
9,9.327810961,3.857192003,0.6807320286,9.327810961,-3.857192003,0.6807320286
10,9.357225247,5.048952583,0.5245549057,9.357225247,-5.048952583,0.5245549057
11,8.533861166,3.603008474,0.54907341,8.533861166,-3.603008474,0.54907341
12,9.892792908,4.531803245,0.2608861053,9.892792908,-4.531803245,0.2608861053
13,9.256606435,3.498655179,0.5210509977,9.256606435,-3.498655179,0.5210509977
14,9.374971226,5.602637874,0.5807729733,9.374971226,-5.602637874,0.5807729733
15,9.812109651,3.333489108,0.02180080918,9.812109651,-3.333489108,0.02180080918
16,9.345629914,4.865762986,0.7173290676,9.345629914,-4.865762986,0.7173290676
17,8.689140265,5.883454246,0.06127893474,8.689140265,-5.883454246,0.06127893474
18,9.502987159,5.584913542,0.5462647127,9.502987159,-5.584913542,0.5462647127
19,8.717769492,4.680550444,0.79697699,8.717769492,-4.680550444,0.79697699
20,8.613158395,5.023602056,0.9315041409,8.613158395,-5.023602056,0.9315041409
21,8.92104871,4.075841226,0.04721448646,8.92104871,-4.075841226,0.04721448646
22,9.526267762,5.846491021,0.2020347832,9.526267762,-5.846491021,0.2020347832
23,9.21402126,4.962340765,0.1315627563,9.21402126,-4.962340765,0.1315627563
24,8.023098134,5.381494283,0.7783375692,8.023098134,-5.381494283,0.7783375692
25,8.674810584,4.869776052,0.4383052046,8.674810584,-4.869776052,0.4383052046
26,9.933350237,4.708978118,0.1938626573,9.933350237,-4.708978118,0.1938626573
27,9.842089548,5.313273451,0.381994832,9.842089548,-5.313273451,0.381994832
28,8.246252977,5.742048321,0.07012942344,8.246252977,-5.742048321,0.07012942344
29,9.815690738,3.916032584,0.8634239281,9.815690738,-3.916032584,0.8634239281
30,9.280465348,4.763707091,0.8634938995,9.280465348,-4.763707091,0.8634938995
31,8.557548942,4.122447684,0.8165834209,8.557548942,-4.122447684,0.8165834209
32,9.426142118,4.787769264,0.783417094,9.426142118,-4.787769264,0.783417094
33,9.194897929,5.7602258,0.9000025204,9.194897929,-5.7602258,0.9000025204
34,8.582148189,4.277826553,0.327787863,8.582148189,-4.277826553,0.327787863
35,9.084255269,5.832011164,0.2313850411,9.084255269,-5.832011164,0.2313850411
36,8.781412057,4.781112973,0.5477266793,8.781412057,-4.781112973,0.5477266793
37,8.452049196,4.049909762,0.2834874276,8.452049196,-4.049909762,0.2834874276
38,9.254250199,3.172593995,0.865178215,9.254250199,-3.172593995,0.865178215
39,8.415846668,5.648047792,0.5551282668,8.415846668,-5.648047792,0.5551282668
40,8.481382669,5.141595458,0.959962778,8.481382669,-5.141595458,0.959962778
41,9.720361733,4.093698746,0.4441200627,9.720361733,-4.093698746,0.4441200627
42,9.824744808,5.143294666,0.6229047492,9.824744808,-5.143294666,0.6229047492
43,8.487336642,5.688250345,0.3094335131,8.487336642,-5.688250345,0.3094335131
44,8.815784462,3.056787386,0.2579151588,8.815784462,-3.056787386,0.2579151588
45,8.351820024,4.723918741,0.08933425986,8.351820024,-4.723918741,0.08933425986
46,8.879672433,4.688458433,0.8938261524,8.879672433,-4.688458433,0.8938261524
47,8.494398358,5.406070514,0.002482746597,8.494398358,-5.406070514,0.002482746597
48,9.462947756,5.904140366,0.637336112,9.462947756,-5.904140366,0.637336112
49,8.01589573,4.026602241,0.9026022333,8.01589573,-4.026602241,0.9026022333
50,9.526025117,4.608034557,0.728225264,9.526025117,-4.608034557,0.728225264
51,9.855519158,5.790216398,0.2774584428,9.855519158,-5.790216398,0.2774584428
52,8.006406482,4.974459903,0.02926973624,8.006406482,-4.974459903,0.02926973624
53,8.824224175,4.958692598,0.8133492036,8.824224175,-4.958692598,0.8133492036
54,8.030322815,5.915930327,0.4438697416,8.030322815,-5.915930327,0.4438697416
55,9.392281264,3.841298122,0.9114854538,9.392281264,-3.841298122,0.9114854538
56,9.758083881,5.79545545,0.4677903613,9.758083881,-5.79545545,0.4677903613
57,9.494971396,5.172130115,0.7075962098,9.494971396,-5.172130115,0.7075962098
58,8.231086176,5.091807845,0.6766923295,8.231086176,-5.091807845,0.6766923295
59,9.945603235,4.17410247,0.5664737069,9.945603235,-4.17410247,0.5664737069
60,8.416929087,5.255166932,0.2730345227,8.416929087,-5.255166932,0.2730345227
61,9.994451826,3.508046077,0.8952796603,9.994451826,-3.508046077,0.8952796603
62,9.825366224,5.170279251,0.9748073333,9.825366224,-5.170279251,0.9748073333
63,9.350855112,4.284405206,0.5301731255,9.350855112,-4.284405206,0.5301731255
64,9.125077554,5.720183672,0.1503865422,9.125077554,-5.720183672,0.1503865422
65,9.579886367,5.611595164,0.1277350816,9.579886367,-5.611595164,0.1277350816
66,8.693940715,5.332629698,0.5801804171,8.693940715,-5.332629698,0.5801804171
67,8.462337121,4.053411876,0.5539170794,8.462337121,-4.053411876,0.5539170794
68,8.079311414,5.432437153,0.963905466,8.079311414,-5.432437153,0.963905466
69,8.716017874,3.949013034,0.4676216934,8.716017874,-3.949013034,0.4676216934
70,9.056743816,4.426941358,0.9651212944,9.056743816,-4.426941358,0.9651212944
71,8.74769161,3.440845676,0.2929437171,8.74769161,-3.440845676,0.2929437171
72,8.013798402,5.650970231,0.3805565009,8.013798402,-5.650970231,0.3805565009
73,9.949629804,3.183288371,0.8536034266,9.949629804,-3.183288371,0.8536034266
74,8.439546119,3.196983236,0.8948697605,8.439546119,-3.196983236,0.8948697605
75,9.865395018,3.039381567,0.7858496877,9.865395018,-3.039381567,0.7858496877
76,8.590791978,5.281447743,0.8015378518,8.590791978,-5.281447743,0.8015378518
77,8.499840912,3.383395027,0.7733913781,8.499840912,-3.383395027,0.7733913781
78,9.184856631,3.948474909,0.2728976625,9.184856631,-3.948474909,0.2728976625
79,9.593554583,3.228555449,0.8716437569,9.593554583,-3.228555449,0.8716437569
80,9.019177159,4.106294511,0.9979691216,9.019177159,-4.106294511,0.9979691216
81,8.058378337,4.904334082,0.06129102814,8.058378337,-4.904334082,0.06129102814
82,8.554470956,3.923321687,0.7921503984,8.554470956,-3.923321687,0.7921503984
83,8.495813418,5.07545627,0.4360328527,8.495813418,-5.07545627,0.4360328527
84,9.066451222,5.192211746,0.6504353377,9.066451222,-5.192211746,0.6504353377
85,9.092858444,4.981289878,0.4701876755,9.092858444,-4.981289878,0.4701876755
86,9.348043232,4.788164787,0.4633036056,9.348043232,-4.788164787,0.4633036056
87,9.790245169,4.882439829,0.9029863129,9.790245169,-4.882439829,0.9029863129
88,8.037930441,3.609441539,0.5553560808,8.037930441,-3.609441539,0.5553560808
89,9.807433689,4.131009347,0.3329413731,9.807433689,-4.131009347,0.3329413731
90,8.40151187,4.373078703,0.4202120248,8.40151187,-4.373078703,0.4202120248
91,9.029697715,4.378781406,0.4432887287,9.029697715,-4.378781406,0.4432887287
92,9.267677127,5.248514237,0.6058764856,9.267677127,-5.248514237,0.6058764856
93,9.838990825,5.34706887,0.3244529929,9.838990825,-5.34706887,0.3244529929
94,9.331163759,5.119492698,0.01307892612,9.331163759,-5.119492698,0.01307892612
95,8.407123438,3.993614547,0.9587057437,8.407123438,-3.993614547,0.9587057437
96,8.198845468,5.265333391,0.7809532429,8.198845468,-5.265333391,0.7809532429
97,9.753415719,5.812996129,0.06320090714,9.753415719,-5.812996129,0.06320090714
98,8.45357277,5.613404154,0.09147640068,8.45357277,-5.613404154,0.09147640068
99,8.767012024,5.43168406,0.01855077565,8.767012024,-5.43168406,0.01855077565
100,9.226846466,5.524317518,0.2835351036,9.226846466,-5.524317518,0.2835351036
101,9.455265988,4.438271556,0.0498378001,9.455265988,-4.438271556,0.0498378001
102,8.93860304,4.090693598,0.5521982073,8.93860304,-4.090693598,0.5521982073
103,8.734119331,5.901368531,0.5748555416,8.734119331,-5.901368531,0.5748555416
104,8.136936365,3.341937418,0.6572141515,8.136936365,-3.341937418,0.6572141515
105,9.73552252,3.947035861,0.2304755473,9.73552252,-3.947035861,0.2304755473
106,9.94211992,4.905845112,0.6810281746,9.94211992,-4.905845112,0.6810281746
107,8.763264509,5.816110275,0.4630104406,8.763264509,-5.816110275,0.4630104406
108,9.188534982,3.859352757,0.1804508339,9.188534982,-3.859352757,0.1804508339
109,9.3559182,5.517887007,0.2935754998,9.3559182,-5.517887007,0.2935754998
110,8.717004886,3.653615566,0.5528594469,8.717004886,-3.653615566,0.5528594469
111,8.369045414,3.605817891,0.4066554782,8.369045414,-3.605817891,0.4066554782
112,8.681785537,3.492971129,0.08845164286,8.681785537,-3.492971129,0.08845164286
113,9.304670518,5.085454068,0.6619004635,9.304670518,-5.085454068,0.6619004635
114,8.515523841,5.925190126,0.7712004135,8.515523841,-5.925190126,0.7712004135
115,9.311900531,4.433987659,0.4887663575,9.311900531,-4.433987659,0.4887663575
116,8.187567703,3.125617682,0.2050059456,8.187567703,-3.125617682,0.2050059456
117,8.157272779,3.370489186,0.02477373692,8.157272779,-3.370489186,0.02477373692
118,9.473050624,5.56610337,0.1259556653,9.473050624,-5.56610337,0.1259556653
119,8.097023779,5.119219491,0.8252942944,8.097023779,-5.119219491,0.8252942944
120,8.530381776,5.008622374,0.3800638964,8.530381776,-5.008622374,0.3800638964
121,9.837326977,3.505024848,0.1709295634,9.837326977,-3.505024848,0.1709295634
122,9.602602222,5.782696111,0.3274713101,9.602602222,-5.782696111,0.3274713101
123,9.785216497,5.406482128,0.4833821817,9.785216497,-5.406482128,0.4833821817
124,8.08422291,4.746498627,0.7235647919,8.08422291,-4.746498627,0.7235647919
125,9.496229326,4.762697411,0.8285285745,9.496229326,-4.762697411,0.8285285745
126,8.531593745,4.517123271,0.8351856512,8.531593745,-4.517123271,0.8351856512
127,9.819839667,5.923913103,0.5230942252,9.819839667,-5.923913103,0.5230942252
128,9.974768063,5.231003117,0.002001357119,9.974768063,-5.231003117,0.002001357119
129,8.71684742,3.391643221,0.1964507891,8.71684742,-3.391643221,0.1964507891
130,9.676675035,5.177916035,0.9408280764,9.676675035,-5.177916035,0.9408280764
131,9.341606517,3.695117489,0.4097593305,9.341606517,-3.695117489,0.4097593305
132,8.376902038,4.980236072,0.7214320628,8.376902038,-4.980236072,0.7214320628
133,9.795156409,5.878427924,0.8597675959,9.795156409,-5.878427924,0.8597675959
134,9.17946402,3.073848504,0.6889601172,9.17946402,-3.073848504,0.6889601172
135,8.293034692,3.954860428,0.9434436542,8.293034692,-3.954860428,0.9434436542
136,8.254811333,4.021056004,0.3591304504,8.254811333,-4.021056004,0.3591304504
137,8.465130083,4.146274059,0.8223336217,8.465130083,-4.146274059,0.8223336217
138,8.115444949,4.7533467,0.9217544675,8.115444949,-4.7533467,0.9217544675
139,9.50695488,5.237726477,0.2827309474,9.50695488,-5.237726477,0.2827309474
140,9.612577671,5.229451914,0.9257862549,9.612577671,-5.229451914,0.9257862549
141,9.106009392,5.209407617,0.4607281885,9.106009392,-5.209407617,0.4607281885
142,8.240252348,5.899923705,0.7202595559,8.240252348,-5.899923705,0.7202595559
143,9.928551285,5.274750291,0.601903913,9.928551285,-5.274750291,0.601903913
144,8.606407074,4.913632347,0.5411507255,8.606407074,-4.913632347,0.5411507255
145,8.207400949,3.667647322,0.3063148958,8.207400949,-3.667647322,0.3063148958
146,8.852015469,5.476114626,0.7809979832,8.852015469,-5.476114626,0.7809979832
147,8.137986233,3.142201801,0.413783399,8.137986233,-3.142201801,0.413783399
148,9.715332339,3.388457655,0.9882442731,9.715332339,-3.388457655,0.9882442731
149,8.666484986,5.131417455,0.6959775829,8.666484986,-5.131417455,0.6959775829
150,9.225390243,5.444127474,0.8145999556,9.225390243,-5.444127474,0.8145999556
151,8.420741833,5.359638283,0.6148968699,8.420741833,-5.359638283,0.6148968699
152,9.575430647,4.347460131,0.2747212799,9.575430647,-4.347460131,0.2747212799
153,9.352940484,3.217166847,0.497129268,9.352940484,-3.217166847,0.497129268
154,9.512359444,4.620920012,0.8822731094,9.512359444,-4.620920012,0.8822731094
155,8.775386389,3.231016953,0.8653112563,8.775386389,-3.231016953,0.8653112563
156,8.05330089,5.990062053,0.07471396575,8.05330089,-5.990062053,0.07471396575
157,9.301023948,4.146734423,0.3088802999,9.301023948,-4.146734423,0.3088802999
158,9.006835257,5.048651781,0.6962627037,9.006835257,-5.048651781,0.6962627037
159,9.453554533,3.663090012,0.002379197053,9.453554533,-3.663090012,0.002379197053
160,9.667748508,3.106720993,0.5504530214,9.667748508,-3.106720993,0.5504530214
161,9.874565551,4.221502943,0.7687905816,9.874565551,-4.221502943,0.7687905816
162,8.234549908,3.678456118,0.302057026,8.234549908,-3.678456118,0.302057026
163,9.894506133,3.979484143,0.8058124803,9.894506133,-3.979484143,0.8058124803
164,8.564328477,5.663597095,0.4601900847,8.564328477,-5.663597095,0.4601900847
165,9.299475196,3.523241294,0.8534199732,9.299475196,-3.523241294,0.8534199732
166,8.456675652,3.176216263,0.2329449196,8.456675652,-3.176216263,0.2329449196
167,9.246708073,4.876796549,0.5809096686,9.246708073,-4.876796549,0.5809096686
168,8.905601091,5.860954991,0.6474228031,8.905601091,-5.860954991,0.6474228031
169,8.0696788,3.118336197,0.3509303316,8.0696788,-3.118336197,0.3509303316
170,8.865066287,3.263523698,0.1816335407,8.865066287,-3.263523698,0.1816335407
171,9.061460622,4.64071901,0.7074295316,9.061460622,-4.64071901,0.7074295316
172,9.760656825,4.165880917,0.9761507009,9.760656825,-4.165880917,0.9761507009
173,8.906233352,4.81067237,0.005281044164,8.906233352,-4.81067237,0.005281044164
174,9.998966398,4.205237684,0.4689863145,9.998966398,-4.205237684,0.4689863145
175,8.19866876,3.055630504,0.5135158798,8.19866876,-3.055630504,0.5135158798
176,9.360670908,5.440011144,0.5278659087,9.360670908,-5.440011144,0.5278659087
177,9.1856976,3.100722486,0.1840995382,9.1856976,-3.100722486,0.1840995382
178,9.727488502,5.847059039,0.1065421298,9.727488502,-5.847059039,0.1065421298
179,9.502436633,5.100280609,0.5772431316,9.502436633,-5.100280609,0.5772431316
180,9.932951466,5.996836547,0.4082098133,9.932951466,-5.996836547,0.4082098133
181,9.052662624,5.464464417,0.3060972601,9.052662624,-5.464464417,0.3060972601
182,9.519109131,4.992271056,0.04732924263,9.519109131,-4.992271056,0.04732924263
183,9.384241239,5.525112151,0.8327665234,9.384241239,-5.525112151,0.8327665234
184,9.234146849,3.230764103,0.8247029751,9.234146849,-3.230764103,0.8247029751
185,8.792675857,5.365546988,0.6789401963,8.792675857,-5.365546988,0.6789401963
186,9.658890999,5.886294335,0.2985877927,9.658890999,-5.886294335,0.2985877927
187,9.094020359,3.753455628,0.6637245674,9.094020359,-3.753455628,0.6637245674
188,8.373982369,4.361485001,0.1916825203,8.373982369,-4.361485001,0.1916825203
189,8.465619191,3.557681098,0.8447728357,8.465619191,-3.557681098,0.8447728357
190,8.576088541,3.150943843,0.9303675737,8.576088541,-3.150943843,0.9303675737
191,8.164586468,4.239253605,0.5034553951,8.164586468,-4.239253605,0.5034553951
192,9.55409896,3.832313659,0.8945574776,9.55409896,-3.832313659,0.8945574776
193,9.285930298,3.221536319,0.008132720914,9.285930298,-3.221536319,0.008132720914
194,9.509249542,4.677268952,0.6555682215,9.509249542,-4.677268952,0.6555682215
195,8.282358396,3.448155188,0.3297530652,8.282358396,-3.448155188,0.3297530652
196,9.942269936,5.990031948,0.002719167484,9.942269936,-5.990031948,0.002719167484
197,9.784884704,5.311480067,0.6297825472,9.784884704,-5.311480067,0.6297825472
198,9.362877649,4.746599343,0.5798412524,9.362877649,-4.746599343,0.5798412524
199,9.667478628,4.006750402,0.8413035129,9.667478628,-4.006750402,0.8413035129
200,9.060474506,3.856387793,0.6589204861,9.060474506,-3.856387793,0.6589204861
201,8.401484081,3.162297716,0.8100253092,8.401484081,-3.162297716,0.8100253092
202,9.799173295,4.003910904,0.9238746557,9.799173295,-4.003910904,0.9238746557
203,9.938963957,3.286392829,0.03360426715,9.938963957,-3.286392829,0.03360426715
204,8.786010029,4.077766066,0.09266443125,8.786010029,-4.077766066,0.09266443125
205,9.82232357,5.924591176,0.6563571485,9.82232357,-5.924591176,0.6563571485
206,9.360324801,3.855870332,0.005932359626,9.360324801,-3.855870332,0.005932359626
207,9.39561403,4.753489093,0.3540856777,9.39561403,-4.753489093,0.3540856777
208,9.348029224,4.509666343,0.2061183459,9.348029224,-4.509666343,0.2061183459
209,9.12714089,4.759853446,0.4328519457,9.12714089,-4.759853446,0.4328519457
210,9.731274285,5.407906357,0.5391223349,9.731274285,-5.407906357,0.5391223349
211,8.660981371,5.827313951,0.609316164,8.660981371,-5.827313951,0.609316164
212,9.547589168,4.356488352,0.4632978953,9.547589168,-4.356488352,0.4632978953
213,9.595576132,4.932274987,0.9224602799,9.595576132,-4.932274987,0.9224602799
214,9.129834293,3.190399917,0.3457190878,9.129834293,-3.190399917,0.3457190878
215,8.720784056,3.739339101,0.3215872705,8.720784056,-3.739339101,0.3215872705
216,8.837505215,3.344745482,0.3767400143,8.837505215,-3.344745482,0.3767400143
217,8.892000621,3.984140226,0.09844484452,8.892000621,-3.984140226,0.09844484452
218,9.250487711,3.653576963,0.9199670607,9.250487711,-3.653576963,0.9199670607
219,9.523720688,3.984742785,0.2878387508,9.523720688,-3.984742785,0.2878387508
220,8.869003257,3.059190848,0.230612145,8.869003257,-3.059190848,0.230612145
221,8.269100727,4.075229167,0.8974631487,8.269100727,-4.075229167,0.8974631487
222,9.190153347,4.733929486,0.8811440182,9.190153347,-4.733929486,0.8811440182
223,9.521725028,3.397198383,0.6807982626,9.521725028,-3.397198383,0.6807982626
224,8.645368652,5.316460556,0.8051800872,8.645368652,-5.316460556,0.8051800872
225,8.417230617,4.303940912,0.6143477936,8.417230617,-4.303940912,0.6143477936
226,8.348654204,5.711983115,0.2502641302,8.348654204,-5.711983115,0.2502641302
227,8.793275946,5.662218416,0.1503735853,8.793275946,-5.662218416,0.1503735853
228,8.518492462,5.289703634,0.7747847507,8.518492462,-5.289703634,0.7747847507
229,9.635376699,5.408913677,0.197423145,9.635376699,-5.408913677,0.197423145
230,8.423578714,5.091971816,0.6566526736,8.423578714,-5.091971816,0.6566526736
231,8.723457189,5.212261107,0.03275003306,8.723457189,-5.212261107,0.03275003306
232,9.922419401,4.030286952,0.1399536884,9.922419401,-4.030286952,0.1399536884
233,9.11090373,5.674718728,0.5132367543,9.11090373,-5.674718728,0.5132367543
234,8.308677789,5.338471711,0.0347255805,8.308677789,-5.338471711,0.0347255805
235,9.607038119,4.918486434,0.9553095395,9.607038119,-4.918486434,0.9553095395
236,9.958703929,5.05902909,0.5240002775,9.958703929,-5.05902909,0.5240002775
237,8.269081198,4.133760843,0.4708727967,8.269081198,-4.133760843,0.4708727967
238,8.956893811,4.003288808,0.1066586517,8.956893811,-4.003288808,0.1066586517
239,9.995925773,3.809476331,0.8374015897,9.995925773,-3.809476331,0.8374015897
240,8.731585363,4.819536845,0.4154398428,8.731585363,-4.819536845,0.4154398428
241,8.389716812,5.268821876,0.7485536522,8.389716812,-5.268821876,0.7485536522
242,8.083571231,3.067888004,0.9632325341,8.083571231,-3.067888004,0.9632325341
243,8.129916883,4.206416805,0.5301610804,8.129916883,-4.206416805,0.5301610804
244,8.676695407,5.000081286,0.4697787585,8.676695407,-5.000081286,0.4697787585
245,8.987051866,4.37674127,0.7490252064,8.987051866,-4.37674127,0.7490252064
246,8.962350529,5.212391585,0.3529919758,8.962350529,-5.212391585,0.3529919758
247,8.369755735,5.167166106,0.1129813165,8.369755735,-5.167166106,0.1129813165
248,9.035213773,3.038071876,0.7977089336,9.035213773,-3.038071876,0.7977089336
249,8.810401107,5.553527314,0.3252599883,8.810401107,-5.553527314,0.3252599883
250,9.505701924,3.201669392,0.8689582643,9.505701924,-3.201669392,0.8689582643
251,8.194082292,3.978314808,0.1699150942,8.194082292,-3.978314808,0.1699150942
252,9.096092676,4.522550774,0.7614666282,9.096092676,-4.522550774,0.7614666282
253,9.746848478,5.904753383,0.7643021586,9.746848478,-5.904753383,0.7643021586
254,9.324006955,4.652282871,0.08248627553,9.324006955,-4.652282871,0.08248627553
255,8.0269338,3.624772312,0.2061905831,8.0269338,-3.624772312,0.2061905831
256,8.862172108,5.705248947,0.177091305,8.862172108,-5.705248947,0.177091305
257,9.393637792,5.072392909,0.4946161392,9.393637792,-5.072392909,0.4946161392
258,9.521550058,4.111040485,0.8154587192,9.521550058,-4.111040485,0.8154587192
259,8.930039757,5.700595245,0.7331927467,8.930039757,-5.700595245,0.7331927467
260,9.391712113,5.919611712,0.9775466504,9.391712113,-5.919611712,0.9775466504
261,8.616725448,3.500305114,0.9910913575,8.616725448,-3.500305114,0.9910913575
262,8.614734532,3.636659571,0.1648615603,8.614734532,-3.636659571,0.1648615603
263,8.024229592,3.102700543,0.4496754219,8.024229592,-3.102700543,0.4496754219
264,9.22507106,5.38981882,0.3301425121,9.22507106,-5.38981882,0.3301425121
265,8.023290929,5.03538622,0.391892982,8.023290929,-5.03538622,0.391892982
266,8.147292234,4.930527851,0.5978866662,8.147292234,-4.930527851,0.5978866662
267,8.396850376,3.070788601,0.3776325811,8.396850376,-3.070788601,0.3776325811
268,8.026961962,4.688191726,0.9214228133,8.026961962,-4.688191726,0.9214228133
269,9.949828148,5.479956827,0.4126389053,9.949828148,-5.479956827,0.4126389053
270,9.329206282,4.510794176,0.4210586386,9.329206282,-4.510794176,0.4210586386
271,9.207168398,3.702229706,0.7731724658,9.207168398,-3.702229706,0.7731724658
272,9.857922055,4.969496779,0.6236618702,9.857922055,-4.969496779,0.6236618702
273,8.30377007,5.573259207,0.2459216927,8.30377007,-5.573259207,0.2459216927
274,9.340522941,4.46601368,0.1934852651,9.340522941,-4.46601368,0.1934852651
275,8.719309488,5.979846463,0.1259008906,8.719309488,-5.979846463,0.1259008906
276,8.334334348,3.074522298,0.03933663046,8.334334348,-3.074522298,0.03933663046
277,9.395425277,3.585995017,0.2679830838,9.395425277,-3.585995017,0.2679830838
278,8.818179017,3.960314937,0.2021813121,8.818179017,-3.960314937,0.2021813121
279,8.072368177,4.603456691,0.5847355392,8.072368177,-4.603456691,0.5847355392
280,8.344542008,3.652922246,0.483420708,8.344542008,-3.652922246,0.483420708
281,8.758335539,5.261636903,0.5393883735,8.758335539,-5.261636903,0.5393883735
282,8.483425719,4.891546014,0.9465182075,8.483425719,-4.891546014,0.9465182075
283,8.739895585,4.512717178,0.7037359616,8.739895585,-4.512717178,0.7037359616
284,9.959300795,5.606688322,0.8080710667,9.959300795,-5.606688322,0.8080710667
285,9.879989706,4.231803349,0.2828361989,9.879989706,-4.231803349,0.2828361989
286,8.869382366,5.927102022,0.6892029856,8.869382366,-5.927102022,0.6892029856
287,9.836053786,5.929244043,0.4884489082,9.836053786,-5.929244043,0.4884489082
288,9.70801724,5.40072838,0.100255954,9.70801724,-5.40072838,0.100255954
289,8.751158239,3.27028947,0.7487793807,8.751158239,-3.27028947,0.7487793807
290,8.672707447,3.559125975,0.5227915975,8.672707447,-3.559125975,0.5227915975
291,8.693302126,3.030158185,0.3414321145,8.693302126,-3.030158185,0.3414321145
292,8.48792306,4.125896567,0.6900982655,8.48792306,-4.125896567,0.6900982655
293,9.190940875,3.831402693,0.1383202149,9.190940875,-3.831402693,0.1383202149
294,8.380326168,4.83151944,0.07359338369,8.380326168,-4.83151944,0.07359338369
295,9.46655966,4.993140341,0.6550338598,9.46655966,-4.993140341,0.6550338598
296,8.031540088,3.63243857,0.09618602088,8.031540088,-3.63243857,0.09618602088
297,8.015947367,4.243055999,0.5428839881,8.015947367,-4.243055999,0.5428839881
298,8.511607848,4.995689228,0.9189247775,8.511607848,-4.995689228,0.9189247775
299,9.91136509,3.124755826,0.4801700995,9.91136509,-3.124755826,0.4801700995
300,9.078492925,5.578180533,0.5038273799,9.078492925,-5.578180533,0.5038273799
301,8.295860413,4.693626023,0.1814626623,8.295860413,-4.693626023,0.1814626623
302,8.068339785,4.55020115,0.02902222999,8.068339785,-4.55020115,0.02902222999
303,9.938635036,4.099240672,0.9117542935,9.938635036,-4.099240672,0.9117542935
304,8.180929418,4.855909939,0.1232047442,8.180929418,-4.855909939,0.1232047442
305,9.17395722,5.763888832,0.568760114,9.17395722,-5.763888832,0.568760114
306,8.59929619,4.911501162,0.06152568485,8.59929619,-4.911501162,0.06152568485
307,9.066198368,3.994119759,0.5745997527,9.066198368,-3.994119759,0.5745997527
308,8.417512322,3.578261621,0.3066087797,8.417512322,-3.578261621,0.3066087797
309,8.029994053,3.711399422,0.6313591952,8.029994053,-3.711399422,0.6313591952
310,8.663155156,4.348609883,0.1342955131,8.663155156,-4.348609883,0.1342955131
311,9.467362962,5.811957541,0.8680280788,9.467362962,-5.811957541,0.8680280788
312,8.1991487,4.606041269,0.6174098389,8.1991487,-4.606041269,0.6174098389
313,9.124187394,3.014487601,0.204070112,9.124187394,-3.014487601,0.204070112
314,8.412968882,3.794184462,0.7814274147,8.412968882,-3.794184462,0.7814274147
315,8.959349766,5.52422181,0.4330814614,8.959349766,-5.52422181,0.4330814614
316,9.820326915,5.507284152,0.1381508105,9.820326915,-5.507284152,0.1381508105
317,8.284852263,3.826595975,0.7849087068,8.284852263,-3.826595975,0.7849087068
318,8.527346291,3.717588246,0.1576813072,8.527346291,-3.717588246,0.1576813072
319,9.979506171,5.363669965,0.6431502716,9.979506171,-5.363669965,0.6431502716
320,9.443133432,3.829465462,0.181122072,9.443133432,-3.829465462,0.181122072
321,9.68858693,3.978990876,0.9046919602,9.68858693,-3.978990876,0.9046919602
322,9.777959228,3.412597639,0.1981419679,9.777959228,-3.412597639,0.1981419679
323,8.36478997,3.125847677,0.7869925168,8.36478997,-3.125847677,0.7869925168
324,8.796725752,5.656144572,0.2220054752,8.796725752,-5.656144572,0.2220054752
325,8.330721706,3.000932733,0.9760275375,8.330721706,-3.000932733,0.9760275375
326,9.149937833,3.813119385,0.3627805552,9.149937833,-3.813119385,0.3627805552
327,9.580092336,5.618219459,0.01253411435,9.580092336,-5.618219459,0.01253411435
328,8.033240633,4.601944271,0.3156514568,8.033240633,-4.601944271,0.3156514568
329,8.395076412,4.301195005,0.02651297377,8.395076412,-4.301195005,0.02651297377
330,9.621172564,3.30478341,0.799687525,9.621172564,-3.30478341,0.799687525
331,9.933547045,3.117129573,0.03050473058,9.933547045,-3.117129573,0.03050473058
332,8.901818898,5.676131494,0.4727791145,8.901818898,-5.676131494,0.4727791145
333,9.40590088,3.173378409,0.2922490617,9.40590088,-3.173378409,0.2922490617
334,9.458494764,4.948517779,0.2460998493,9.458494764,-4.948517779,0.2460998493
335,8.27205089,5.758222361,0.03887669818,8.27205089,-5.758222361,0.03887669818
336,9.685633084,5.815184459,0.4773665713,9.685633084,-5.815184459,0.4773665713
337,8.781199735,3.64976837,0.2503116827,8.781199735,-3.64976837,0.2503116827
338,9.20315918,3.074205947,0.752945591,9.20315918,-3.074205947,0.752945591
339,9.667798759,4.195129981,0.322239386,9.667798759,-4.195129981,0.322239386
340,8.192505865,4.348597707,0.406724526,8.192505865,-4.348597707,0.406724526
341,9.205471276,4.434541699,0.3026144528,9.205471276,-4.434541699,0.3026144528
342,8.395006626,3.338267272,0.3664820708,8.395006626,-3.338267272,0.3664820708
343,8.686714271,5.614166429,0.5046549629,8.686714271,-5.614166429,0.5046549629
344,8.497910323,5.219794344,0.6797234314,8.497910323,-5.219794344,0.6797234314
345,8.101218323,5.196930319,0.9886344101,8.101218323,-5.196930319,0.9886344101
346,9.524137217,5.068494783,0.22970409,9.524137217,-5.068494783,0.22970409
347,9.972235871,5.289444063,0.4902059534,9.972235871,-5.289444063,0.4902059534
348,9.109847796,5.435380798,0.8033705909,9.109847796,-5.435380798,0.8033705909
349,8.402417481,4.398507463,0.3007616177,8.402417481,-4.398507463,0.3007616177
350,9.70087744,3.042726197,0.1765510245,9.70087744,-3.042726197,0.1765510245
351,8.082995817,5.303261442,0.7123586094,8.082995817,-5.303261442,0.7123586094
352,8.758299596,5.961098702,0.1139101052,8.758299596,-5.961098702,0.1139101052
353,8.819460178,3.566062731,0.4035727369,8.819460178,-3.566062731,0.4035727369
354,9.099278506,3.764915708,0.7835427922,9.099278506,-3.764915708,0.7835427922
355,8.790507794,4.840789401,0.4314307507,8.790507794,-4.840789401,0.4314307507
356,9.10765506,3.121692467,0.7158458387,9.10765506,-3.121692467,0.7158458387
357,9.833908575,5.502591261,0.8171177523,9.833908575,-5.502591261,0.8171177523
358,9.356335269,5.812917872,0.01632659009,9.356335269,-5.812917872,0.01632659009
359,8.373056976,4.596010974,0.4688660403,8.373056976,-4.596010974,0.4688660403
360,9.348718495,5.494532053,0.5107631178,9.348718495,-5.494532053,0.5107631178
361,8.77273632,3.353723685,0.9143479786,8.77273632,-3.353723685,0.9143479786
362,8.798569451,5.936785357,0.06271726369,8.798569451,-5.936785357,0.06271726369
363,9.834564374,5.297553299,0.9476817194,9.834564374,-5.297553299,0.9476817194
364,9.847603233,4.313194669,0.6775521025,9.847603233,-4.313194669,0.6775521025
365,9.485552757,3.715479496,0.4041024566,9.485552757,-3.715479496,0.4041024566
366,8.61957273,5.284625132,0.6791666241,8.61957273,-5.284625132,0.6791666241
367,9.432276181,4.178476264,0.3203696261,9.432276181,-4.178476264,0.3203696261
368,8.812022431,5.517327677,0.2166123768,8.812022431,-5.517327677,0.2166123768
369,9.384637189,3.081531939,0.3236092696,9.384637189,-3.081531939,0.3236092696
370,8.946559566,3.425050634,0.3941976103,8.946559566,-3.425050634,0.3941976103
371,9.414705273,4.37326461,0.2086957569,9.414705273,-4.37326461,0.2086957569
372,9.281190086,3.798981847,0.2028443753,9.281190086,-3.798981847,0.2028443753
373,8.906438376,4.88422494,0.9482470897,8.906438376,-4.88422494,0.9482470897
374,8.110931727,3.721008113,0.2101916062,8.110931727,-3.721008113,0.2101916062
375,9.451332249,5.728198847,0.3542565549,9.451332249,-5.728198847,0.3542565549
376,9.653749111,4.303221928,0.2057103193,9.653749111,-4.303221928,0.2057103193
377,9.814521349,3.183390446,0.9413510461,9.814521349,-3.183390446,0.9413510461
378,8.377310451,4.089249406,0.02401818348,8.377310451,-4.089249406,0.02401818348
379,9.878149982,3.357959739,0.2843146792,9.878149982,-3.357959739,0.2843146792
380,9.438845635,3.042187092,0.9293735319,9.438845635,-3.042187092,0.9293735319
381,9.18777359,4.700565653,0.01313709135,9.18777359,-4.700565653,0.01313709135
382,8.887444561,4.252963327,0.8473485377,8.887444561,-4.252963327,0.8473485377
383,8.588214102,5.471752071,0.1343514528,8.588214102,-5.471752071,0.1343514528
384,8.948672592,5.576892822,0.5019018962,8.948672592,-5.576892822,0.5019018962
385,9.424009022,4.383517946,0.3353565594,9.424009022,-4.383517946,0.3353565594
386,9.639857011,5.26207272,0.04909480984,9.639857011,-5.26207272,0.04909480984
387,8.163940889,3.526411506,0.4369360678,8.163940889,-3.526411506,0.4369360678
388,9.246508279,5.109932099,0.9997475889,9.246508279,-5.109932099,0.9997475889
389,9.13793712,4.017036619,0.9670832668,9.13793712,-4.017036619,0.9670832668
390,8.953043857,4.316443633,0.2652702291,8.953043857,-4.316443633,0.2652702291
391,8.677970196,3.641889543,0.5859271866,8.677970196,-3.641889543,0.5859271866
392,8.822479278,3.814850704,0.7321915066,8.822479278,-3.814850704,0.7321915066
393,9.443793154,5.570757837,0.5870734126,9.443793154,-5.570757837,0.5870734126
394,9.049494518,4.781747199,0.3256650939,9.049494518,-4.781747199,0.3256650939
395,8.481991849,4.43618976,0.1156853953,8.481991849,-4.43618976,0.1156853953
396,8.189979027,3.004339045,0.530168324,8.189979027,-3.004339045,0.530168324
397,8.786752462,5.993342534,0.8994281306,8.786752462,-5.993342534,0.8994281306
398,8.14975422,4.73595704,0.532086282,8.14975422,-4.73595704,0.532086282
399,8.258009337,5.00225983,0.8968897774,8.258009337,-5.00225983,0.8968897774
400,8.878878628,5.609500566,0.7848631321,8.878878628,-5.609500566,0.7848631321
401,9.223580337,5.02463208,0.1818275652,9.223580337,-5.02463208,0.1818275652
402,8.780202729,4.426455122,0.8895090933,8.780202729,-4.426455122,0.8895090933
403,8.624094692,3.658521946,0.8437156028,8.624094692,-3.658521946,0.8437156028
404,9.14736669,3.406322722,0.2636990821,9.14736669,-3.406322722,0.2636990821
405,9.851798482,5.303460715,0.579394073,9.851798482,-5.303460715,0.579394073
406,8.87517742,4.65346377,0.4393418962,8.87517742,-4.65346377,0.4393418962
407,8.666765971,4.357655276,0.7515441414,8.666765971,-4.357655276,0.7515441414
408,9.142461046,3.483094697,0.7948099853,9.142461046,-3.483094697,0.7948099853
409,8.947973954,3.598609854,0.9122819269,8.947973954,-3.598609854,0.9122819269
410,8.693520494,3.32501251,0.6731055216,8.693520494,-3.32501251,0.6731055216
411,9.914696241,4.234922788,0.4400402468,9.914696241,-4.234922788,0.4400402468
412,9.209936289,5.593883124,0.7558203003,9.209936289,-5.593883124,0.7558203003
413,9.299568653,4.383942208,0.9613789891,9.299568653,-4.383942208,0.9613789891
414,8.571584565,4.251889653,0.1151809475,8.571584565,-4.251889653,0.1151809475
415,9.473542279,5.717764809,0.4633463698,9.473542279,-5.717764809,0.4633463698
416,8.587614975,5.288293835,0.92872987,8.587614975,-5.288293835,0.92872987
417,9.201112259,3.216059367,0.4240458118,9.201112259,-3.216059367,0.4240458118
418,8.099183206,3.668023251,0.5548805464,8.099183206,-3.668023251,0.5548805464
419,9.309258404,3.902561972,0.2673067829,9.309258404,-3.902561972,0.2673067829
420,9.811673435,3.046615312,0.6899287056,9.811673435,-3.046615312,0.6899287056
421,8.634291171,5.453881375,0.9906060843,8.634291171,-5.453881375,0.9906060843
422,8.43192666,4.972475375,0.08094937118,8.43192666,-4.972475375,0.08094937118
423,9.997339337,4.532398529,0.8230493032,9.997339337,-4.532398529,0.8230493032
424,8.823816365,4.082056136,0.6928424398,8.823816365,-4.082056136,0.6928424398
425,8.262874152,3.784351138,0.2823415623,8.262874152,-3.784351138,0.2823415623
426,8.142835169,3.793727943,0.02570498613,8.142835169,-3.793727943,0.02570498613
427,8.648013847,3.88133824,0.4469158007,8.648013847,-3.88133824,0.4469158007
428,9.987876919,3.998156946,0.170436813,9.987876919,-3.998156946,0.170436813
429,8.047222911,5.787020537,0.7130339188,8.047222911,-5.787020537,0.7130339188
430,9.268077008,3.67517963,0.1613753035,9.268077008,-3.67517963,0.1613753035
431,8.172490038,4.166153443,0.7286472819,8.172490038,-4.166153443,0.7286472819
432,9.007602763,5.109572709,0.735784875,9.007602763,-5.109572709,0.735784875
433,8.519464341,5.3825821,0.6886345162,8.519464341,-5.3825821,0.6886345162
434,8.016129701,5.472765834,0.007796310555,8.016129701,-5.472765834,0.007796310555
435,8.572929327,3.765628643,0.2328929022,8.572929327,-3.765628643,0.2328929022
436,9.083091949,4.94829123,0.09112864256,9.083091949,-4.94829123,0.09112864256
437,9.059229415,3.466460644,0.9434328619,9.059229415,-3.466460644,0.9434328619
438,9.986617354,4.941355291,0.9084820237,9.986617354,-4.941355291,0.9084820237
439,8.518906613,3.530488608,0.9135266119,8.518906613,-3.530488608,0.9135266119
440,8.551544093,5.284967824,0.3693417684,8.551544093,-5.284967824,0.3693417684
441,9.871191228,5.328389366,0.2261326334,9.871191228,-5.328389366,0.2261326334
442,8.684529628,5.966070113,0.6111817323,8.684529628,-5.966070113,0.6111817323
443,9.115690072,3.813682019,0.9859192238,9.115690072,-3.813682019,0.9859192238
444,9.728697267,4.896424856,0.9264280511,9.728697267,-4.896424856,0.9264280511
445,9.789463697,3.602444671,0.9955343988,9.789463697,-3.602444671,0.9955343988
446,8.617480662,4.46791741,0.449390172,8.617480662,-4.46791741,0.449390172
447,9.474754363,4.541179202,0.3392276059,9.474754363,-4.541179202,0.3392276059
448,8.700523373,4.305483516,0.2796658952,8.700523373,-4.305483516,0.2796658952
449,8.520249581,4.479321427,0.2630619636,8.520249581,-4.479321427,0.2630619636
450,8.328120347,3.180113261,0.862878504,8.328120347,-3.180113261,0.862878504
451,9.464516613,3.677625378,0.4389267976,9.464516613,-3.677625378,0.4389267976
452,8.410457274,4.808158267,0.5432359766,8.410457274,-4.808158267,0.5432359766
453,9.482955795,3.743684634,0.2281594081,9.482955795,-3.743684634,0.2281594081
454,8.340762488,5.252221521,0.9181652772,8.340762488,-5.252221521,0.9181652772
455,8.849365202,4.819116997,0.06922492617,8.849365202,-4.819116997,0.06922492617
456,8.545639408,4.285866497,0.1516460107,8.545639408,-4.285866497,0.1516460107
457,8.021320576,4.874236919,0.8926242496,8.021320576,-4.874236919,0.8926242496
458,8.190747969,3.993722873,0.6939478496,8.190747969,-3.993722873,0.6939478496
459,9.917627565,5.367051393,0.1956651741,9.917627565,-5.367051393,0.1956651741
460,9.446353305,3.576669033,0.8809926717,9.446353305,-3.576669033,0.8809926717
461,9.429926546,3.962698684,0.4112316223,9.429926546,-3.962698684,0.4112316223
462,9.457014255,3.016871137,0.8818670338,9.457014255,-3.016871137,0.8818670338
463,8.654202514,4.802427501,0.6901321691,8.654202514,-4.802427501,0.6901321691
464,9.546043994,3.549676751,0.1790776855,9.546043994,-3.549676751,0.1790776855
465,9.977801659,5.570198374,0.5385430184,9.977801659,-5.570198374,0.5385430184
466,8.032795415,5.580685805,0.7195784886,8.032795415,-5.580685805,0.7195784886
467,9.531160129,4.989156627,0.6536456149,9.531160129,-4.989156627,0.6536456149
468,8.69500509,5.490625233,0.5976214098,8.69500509,-5.490625233,0.5976214098
469,9.909636821,3.845629237,0.1655827985,9.909636821,-3.845629237,0.1655827985
470,8.746330133,4.073673275,0.4209563828,8.746330133,-4.073673275,0.4209563828
471,9.069690552,5.187871171,0.5967368743,9.069690552,-5.187871171,0.5967368743
472,9.129026323,5.964235709,0.6832937764,9.129026323,-5.964235709,0.6832937764
473,8.266479029,4.280330741,0.6051040884,8.266479029,-4.280330741,0.6051040884
474,8.882908459,4.302359543,0.5973564721,8.882908459,-4.302359543,0.5973564721
475,9.469361297,3.558398506,0.7928687043,9.469361297,-3.558398506,0.7928687043
476,9.814995945,3.970348715,0.02900961389,9.814995945,-3.970348715,0.02900961389
477,9.291585814,3.367008718,0.9804553127,9.291585814,-3.367008718,0.9804553127
478,8.161540478,4.575960797,0.7742169192,8.161540478,-4.575960797,0.7742169192
479,9.805720441,4.369498541,0.7072726379,9.805720441,-4.369498541,0.7072726379
480,8.438656481,4.955933973,0.3129105372,8.438656481,-4.955933973,0.3129105372
481,9.173454681,4.16811288,0.8005971384,9.173454681,-4.16811288,0.8005971384
482,9.283984553,3.49450998,0.9988771472,9.283984553,-3.49450998,0.9988771472
483,8.564861861,4.918640465,0.5217421414,8.564861861,-4.918640465,0.5217421414
484,8.395413406,3.083946392,0.05968410741,8.395413406,-3.083946392,0.05968410741
485,9.926870534,4.379944065,0.5626091457,9.926870534,-4.379944065,0.5626091457
486,9.300824218,4.858499758,0.7083464801,9.300824218,-4.858499758,0.7083464801
487,9.613645564,3.292527218,0.4253340409,9.613645564,-3.292527218,0.4253340409
488,9.803301968,4.092616393,0.5473456903,9.803301968,-4.092616393,0.5473456903
489,8.324141063,4.903570943,0.01306433072,8.324141063,-4.903570943,0.01306433072
490,9.728737116,4.222593722,0.4798555449,9.728737116,-4.222593722,0.4798555449
491,8.096846153,5.570752978,0.5215946003,8.096846153,-5.570752978,0.5215946003
492,9.777918664,4.105128788,0.752336177,9.777918664,-4.105128788,0.752336177
493,9.962518577,4.202186243,0.5209387407,9.962518577,-4.202186243,0.5209387407
494,8.605052679,4.314201588,0.02237557517,8.605052679,-4.314201588,0.02237557517
495,9.207578513,4.89040991,0.9148409468,9.207578513,-4.89040991,0.9148409468
496,9.992327748,4.869763174,0.4767648429,9.992327748,-4.869763174,0.4767648429
497,9.790135499,5.836842311,0.8672623606,9.790135499,-5.836842311,0.8672623606
498,8.480146884,5.829704017,0.78389179,8.480146884,-5.829704017,0.78389179
499,9.294929678,5.948640695,0.7811920699,9.294929678,-5.948640695,0.7811920699
500,8.890656283,5.124433914,0.8338531385,8.890656283,-5.124433914,0.8338531385
501,8.711607327,3.528555627,0.6405067547,8.711607327,-3.528555627,0.6405067547
502,8.725177355,4.006857528,0.8470687316,8.725177355,-4.006857528,0.8470687316
503,9.352802581,5.023061766,0.004458498228,9.352802581,-5.023061766,0.004458498228
504,9.832294013,4.087186946,0.08111216059,9.832294013,-4.087186946,0.08111216059
505,9.255787095,4.894578848,0.3417439904,9.255787095,-4.894578848,0.3417439904
506,8.472114115,4.851399148,0.3650474031,8.472114115,-4.851399148,0.3650474031
507,9.576557104,4.436662823,0.2626628795,9.576557104,-4.436662823,0.2626628795
508,8.914317773,5.475576448,0.3855124311,8.914317773,-5.475576448,0.3855124311
509,9.711981516,3.650190458,0.2499001008,9.711981516,-3.650190458,0.2499001008
510,8.004974236,5.969115563,0.6494648124,8.004974236,-5.969115563,0.6494648124
511,8.379109759,5.584216977,0.2878787324,8.379109759,-5.584216977,0.2878787324
512,9.252963338,4.952962849,0.4808820167,9.252963338,-4.952962849,0.4808820167
513,9.627268429,4.554658392,0.07496570062,9.627268429,-4.554658392,0.07496570062
514,9.485623175,5.621631683,0.1643889221,9.485623175,-5.621631683,0.1643889221
515,8.025733721,5.171417099,0.3902376667,8.025733721,-5.171417099,0.3902376667
516,8.100670512,4.488639179,0.334994716,8.100670512,-4.488639179,0.334994716
517,8.106382403,4.711088502,0.4358155201,8.106382403,-4.711088502,0.4358155201
518,8.524456733,4.884916853,0.1027129516,8.524456733,-4.884916853,0.1027129516
519,9.876877987,3.195881643,0.2363704363,9.876877987,-3.195881643,0.2363704363
520,9.333430011,4.801311841,0.8822874171,9.333430011,-4.801311841,0.8822874171
521,9.966964668,4.004672934,0.2393272875,9.966964668,-4.004672934,0.2393272875
522,8.295732301,5.643997918,0.92565502,8.295732301,-5.643997918,0.92565502
523,9.120901765,5.420854594,0.3032105165,9.120901765,-5.420854594,0.3032105165
524,8.563865308,5.83182731,0.5978717725,8.563865308,-5.83182731,0.5978717725
525,9.476799992,5.482409078,0.1087799393,9.476799992,-5.482409078,0.1087799393
526,9.649270451,4.605612417,0.2313600701,9.649270451,-4.605612417,0.2313600701
527,9.833700494,3.657853005,0.3900032432,9.833700494,-3.657853005,0.3900032432
528,9.418683537,4.061155083,0.1894817494,9.418683537,-4.061155083,0.1894817494
529,9.135992654,5.339662678,0.1120498213,9.135992654,-5.339662678,0.1120498213
530,9.984701145,3.552525331,0.5852034912,9.984701145,-3.552525331,0.5852034912
531,8.219775362,4.083695147,0.06452765361,8.219775362,-4.083695147,0.06452765361
532,9.364834627,3.453502956,0.9662260628,9.364834627,-3.453502956,0.9662260628
533,9.765861657,5.885006025,0.173912664,9.765861657,-5.885006025,0.173912664
534,8.531381806,5.69897669,0.4922462794,8.531381806,-5.69897669,0.4922462794
535,8.969378961,5.070273251,0.9439522267,8.969378961,-5.070273251,0.9439522267
536,9.876919781,3.862058727,0.5064899165,9.876919781,-3.862058727,0.5064899165
537,8.027662064,5.404564123,0.721798459,8.027662064,-5.404564123,0.721798459
538,8.116568454,3.236217886,0.521394219,8.116568454,-3.236217886,0.521394219
539,8.808945479,4.602111977,0.2664095671,8.808945479,-4.602111977,0.2664095671
540,8.70909418,3.886219642,0.09205772223,8.70909418,-3.886219642,0.09205772223
541,8.418069584,5.240658395,0.3106350914,8.418069584,-5.240658395,0.3106350914
542,9.506372794,3.98033873,0.7011644286,9.506372794,-3.98033873,0.7011644286
543,8.527093714,4.297186922,0.2962894326,8.527093714,-4.297186922,0.2962894326
544,9.567911306,5.414287288,0.001505290735,9.567911306,-5.414287288,0.001505290735
545,8.77469188,5.636841294,0.1999558171,8.77469188,-5.636841294,0.1999558171
546,9.96849261,3.451577237,0.698564369,9.96849261,-3.451577237,0.698564369
547,8.026068312,4.33065364,0.724413404,8.026068312,-4.33065364,0.724413404
548,8.578260359,5.424474437,0.16313539,8.578260359,-5.424474437,0.16313539
549,9.373699111,4.982469497,0.1152346114,9.373699111,-4.982469497,0.1152346114
550,8.832655191,4.725048259,0.9654401834,8.832655191,-4.725048259,0.9654401834
551,8.278563127,4.189070069,0.3736684649,8.278563127,-4.189070069,0.3736684649
552,9.592749866,4.049684873,0.856208646,9.592749866,-4.049684873,0.856208646
553,9.812994052,4.014769285,0.7154527338,9.812994052,-4.014769285,0.7154527338
554,9.514166997,4.997318468,0.9907522853,9.514166997,-4.997318468,0.9907522853
555,9.462448852,5.15437308,0.2013412955,9.462448852,-5.15437308,0.2013412955
556,9.615595896,5.437897818,0.1189471528,9.615595896,-5.437897818,0.1189471528
557,9.048170578,4.304901503,0.6101886097,9.048170578,-4.304901503,0.6101886097
558,9.717915674,4.011496215,0.03258860087,9.717915674,-4.011496215,0.03258860087
559,8.001004701,5.732300891,0.8013082886,8.001004701,-5.732300891,0.8013082886
560,9.395273551,4.560102693,0.2727651848,9.395273551,-4.560102693,0.2727651848
561,8.184836797,5.966837764,0.1220623131,8.184836797,-5.966837764,0.1220623131
562,9.354623569,5.275500027,0.2203259849,9.354623569,-5.275500027,0.2203259849
563,8.753832655,5.899131629,0.3524012794,8.753832655,-5.899131629,0.3524012794
564,8.585896604,5.831598781,0.5044079938,8.585896604,-5.831598781,0.5044079938
565,8.929707743,4.983915704,0.3741551316,8.929707743,-4.983915704,0.3741551316
566,9.078105452,3.393907956,0.7152037322,9.078105452,-3.393907956,0.7152037322
567,8.183710509,3.043539335,0.2336826119,8.183710509,-3.043539335,0.2336826119
568,9.785490764,4.220091692,0.7611561509,9.785490764,-4.220091692,0.7611561509
569,8.96420075,4.847744315,0.6970635506,8.96420075,-4.847744315,0.6970635506
570,9.291736099,4.813285273,0.6966727941,9.291736099,-4.813285273,0.6966727941
571,9.967218012,3.827046885,0.3330268194,9.967218012,-3.827046885,0.3330268194
572,9.230030918,5.415384432,0.3089795038,9.230030918,-5.415384432,0.3089795038
573,8.928094315,3.347685799,0.7965361418,8.928094315,-3.347685799,0.7965361418
574,9.974285846,4.854128424,0.3022373722,9.974285846,-4.854128424,0.3022373722
575,8.222049252,5.876985961,0.412321288,8.222049252,-5.876985961,0.412321288
576,9.955314243,4.630579299,0.1795011532,9.955314243,-4.630579299,0.1795011532
577,8.187139613,3.33644542,0.600180932,8.187139613,-3.33644542,0.600180932
578,9.739736599,3.069555719,0.2901062531,9.739736599,-3.069555719,0.2901062531
579,9.291501148,3.260053972,0.7607613087,9.291501148,-3.260053972,0.7607613087
580,9.834445962,4.693573423,0.388858838,9.834445962,-4.693573423,0.388858838
581,8.107342106,5.128354083,0.2105198713,8.107342106,-5.128354083,0.2105198713
582,8.172642979,5.731617916,0.1168231231,8.172642979,-5.731617916,0.1168231231
583,8.856707816,4.062487085,0.7671295235,8.856707816,-4.062487085,0.7671295235
584,8.05691647,3.270248423,0.250027401,8.05691647,-3.270248423,0.250027401
585,8.169958418,3.861734925,0.9317060743,8.169958418,-3.861734925,0.9317060743
586,8.670056511,3.60059367,0.3261465867,8.670056511,-3.60059367,0.3261465867
587,9.039767054,3.124547717,0.9726137884,9.039767054,-3.124547717,0.9726137884
588,9.335951327,4.337120742,0.3198924269,9.335951327,-4.337120742,0.3198924269
589,9.935082427,3.675298774,0.9085084641,9.935082427,-3.675298774,0.9085084641
590,9.772984149,5.080876501,0.6308022569,9.772984149,-5.080876501,0.6308022569
591,8.115984403,5.042456605,0.6276314598,8.115984403,-5.042456605,0.6276314598
592,9.414020402,3.391338178,0.5233422367,9.414020402,-3.391338178,0.5233422367
593,8.598021542,4.91081755,0.5187078082,8.598021542,-4.91081755,0.5187078082
594,9.284805847,4.409053574,0.8353308158,9.284805847,-4.409053574,0.8353308158
595,9.471038039,4.960075605,0.7692920538,9.471038039,-4.960075605,0.7692920538
596,8.282093867,3.349773437,0.7788712403,8.282093867,-3.349773437,0.7788712403
597,9.681493888,3.76038143,0.2938369287,9.681493888,-3.76038143,0.2938369287
598,9.351027773,3.655516771,0.7961073722,9.351027773,-3.655516771,0.7961073722
599,8.518945751,3.42558205,0.3605445051,8.518945751,-3.42558205,0.3605445051
600,8.936436647,3.646584443,0.01366508377,8.936436647,-3.646584443,0.01366508377
601,9.268003182,4.826347057,0.8082368817,9.268003182,-4.826347057,0.8082368817
602,8.114202569,4.050440776,0.9437091711,8.114202569,-4.050440776,0.9437091711
603,8.439293187,5.685049423,0.08771944543,8.439293187,-5.685049423,0.08771944543
604,9.467436067,3.689976397,0.8008636273,9.467436067,-3.689976397,0.8008636273
605,8.100578598,5.955642867,0.672690211,8.100578598,-5.955642867,0.672690211
606,8.559799969,4.468203354,0.503160321,8.559799969,-4.468203354,0.503160321
607,9.797261673,3.225284191,0.00009024465768,9.797261673,-3.225284191,0.00009024465768
608,8.808160528,4.584019874,0.9776752191,8.808160528,-4.584019874,0.9776752191
609,8.866392602,3.447397391,0.4964314846,8.866392602,-3.447397391,0.4964314846
610,9.733264388,3.821316436,0.4391834758,9.733264388,-3.821316436,0.4391834758
611,9.377570468,3.162444754,0.293241728,9.377570468,-3.162444754,0.293241728
612,9.566049818,4.860245346,0.5102418649,9.566049818,-4.860245346,0.5102418649
613,8.026599751,5.313916616,0.4401238207,8.026599751,-5.313916616,0.4401238207
614,9.635450124,3.625677742,0.326440382,9.635450124,-3.625677742,0.326440382
615,9.893528139,4.200898813,0.1874485525,9.893528139,-4.200898813,0.1874485525
616,9.019341276,3.896350592,0.5596313014,9.019341276,-3.896350592,0.5596313014
617,8.667066897,4.699835643,0.7724299885,8.667066897,-4.699835643,0.7724299885
618,8.793076103,5.10344666,0.7988443145,8.793076103,-5.10344666,0.7988443145
619,8.624964445,4.358457251,0.03292990099,8.624964445,-4.358457251,0.03292990099
620,9.580538818,5.725727803,0.1730590012,9.580538818,-5.725727803,0.1730590012
621,9.018492637,4.832828958,0.6640950733,9.018492637,-4.832828958,0.6640950733
622,8.752797811,3.888087182,0.9673793249,8.752797811,-3.888087182,0.9673793249
623,9.493892799,5.469549168,0.4857609637,9.493892799,-5.469549168,0.4857609637
624,8.812435439,4.061630186,0.2754193393,8.812435439,-4.061630186,0.2754193393
625,8.530743658,5.991565896,0.3059970054,8.530743658,-5.991565896,0.3059970054
626,8.561944255,4.68811628,0.2124628402,8.561944255,-4.68811628,0.2124628402
627,9.604332181,5.63708423,0.8413856939,9.604332181,-5.63708423,0.8413856939
628,8.427901647,4.573669447,0.6684318781,8.427901647,-4.573669447,0.6684318781
629,9.685061834,5.932653288,0.3214106248,9.685061834,-5.932653288,0.3214106248
630,8.675923675,3.151836616,0.0547391407,8.675923675,-3.151836616,0.0547391407
631,9.85279417,5.3066787,0.3870896698,9.85279417,-5.3066787,0.3870896698
632,9.612857766,5.761948509,0.5581850992,9.612857766,-5.761948509,0.5581850992
633,9.08912577,3.018111994,0.3577690924,9.08912577,-3.018111994,0.3577690924
634,9.671752451,3.654823737,0.3872937032,9.671752451,-3.654823737,0.3872937032
635,9.858519537,5.483599568,0.9404556113,9.858519537,-5.483599568,0.9404556113
636,8.482548157,4.175504931,0.7265868804,8.482548157,-4.175504931,0.7265868804
637,9.823777112,4.928488711,0.6894968932,9.823777112,-4.928488711,0.6894968932
638,8.649116844,3.805182663,0.2126291221,8.649116844,-3.805182663,0.2126291221
639,8.167627982,3.803211555,0.5777383076,8.167627982,-3.803211555,0.5777383076
640,8.514441482,3.216854154,0.8382070918,8.514441482,-3.216854154,0.8382070918
641,8.496551483,3.334008872,0.6410263324,8.496551483,-3.334008872,0.6410263324
642,9.264828793,4.128578159,0.1693452732,9.264828793,-4.128578159,0.1693452732
643,9.452920187,5.699892521,0.9242599766,9.452920187,-5.699892521,0.9242599766
644,8.396781853,5.363291888,0.5312244707,8.396781853,-5.363291888,0.5312244707
645,9.005980506,4.227231246,0.6478994235,9.005980506,-4.227231246,0.6478994235
646,9.973491014,5.655787544,0.5563182236,9.973491014,-5.655787544,0.5563182236
647,9.261152643,3.797310556,0.2783407328,9.261152643,-3.797310556,0.2783407328
648,9.890020605,4.318229738,0.8796667112,9.890020605,-4.318229738,0.8796667112
649,8.631961407,3.795470296,0.813896037,8.631961407,-3.795470296,0.813896037
650,9.236639146,4.990015375,0.2662732127,9.236639146,-4.990015375,0.2662732127
651,9.752180709,5.864637245,0.2709431736,9.752180709,-5.864637245,0.2709431736
652,9.019060286,3.382207254,0.5338587653,9.019060286,-3.382207254,0.5338587653
653,8.741316653,5.729805496,0.8934174535,8.741316653,-5.729805496,0.8934174535
654,8.214582562,5.879452347,0.02599922931,8.214582562,-5.879452347,0.02599922931
655,8.829446453,3.248700997,0.7251242402,8.829446453,-3.248700997,0.7251242402
656,9.197446736,3.20333893,0.3469714647,9.197446736,-3.20333893,0.3469714647
657,8.133995913,4.729802642,0.7308948522,8.133995913,-4.729802642,0.7308948522
658,8.769617629,5.362553002,0.6070541347,8.769617629,-5.362553002,0.6070541347
659,8.078863193,5.601262881,0.8725512604,8.078863193,-5.601262881,0.8725512604
660,8.730346682,5.030824133,0.5777886183,8.730346682,-5.030824133,0.5777886183
661,9.854199934,5.669127227,0.3227800448,9.854199934,-5.669127227,0.3227800448
662,9.486241747,3.189248458,0.2186606209,9.486241747,-3.189248458,0.2186606209
663,8.01322911,5.973529265,0.1087533088,8.01322911,-5.973529265,0.1087533088
664,9.551353365,4.652762794,0.8232877404,9.551353365,-4.652762794,0.8232877404
665,8.152034362,5.4370327,0.8327155217,8.152034362,-5.4370327,0.8327155217
666,8.853447365,4.450802922,0.1235950346,8.853447365,-4.450802922,0.1235950346
667,8.261878653,5.946692735,0.02444335504,8.261878653,-5.946692735,0.02444335504
668,9.018864398,4.350888163,0.6793560626,9.018864398,-4.350888163,0.6793560626
669,9.205129453,4.864264038,0.0867700281,9.205129453,-4.864264038,0.0867700281
670,8.756131227,4.174265434,0.6282227858,8.756131227,-4.174265434,0.6282227858
671,9.550359912,3.407724711,0.5371600577,9.550359912,-3.407724711,0.5371600577
672,8.130979174,5.449945745,0.7539393254,8.130979174,-5.449945745,0.7539393254
673,9.195989675,4.379218622,0.3031643867,9.195989675,-4.379218622,0.3031643867
674,8.987104202,5.054459259,0.9894351787,8.987104202,-5.054459259,0.9894351787
675,9.582503274,4.863821182,0.5656429451,9.582503274,-4.863821182,0.5656429451
676,9.613567631,5.378312317,0.06414890847,9.613567631,-5.378312317,0.06414890847
677,8.389665874,4.121263738,0.06970183555,8.389665874,-4.121263738,0.06970183555
678,8.618142915,3.507194536,0.4540946143,8.618142915,-3.507194536,0.4540946143
679,8.267325322,3.816833739,0.8387679628,8.267325322,-3.816833739,0.8387679628
680,9.994363627,3.589069032,0.03732775861,9.994363627,-3.589069032,0.03732775861
681,9.967670082,4.162912974,0.8721561676,9.967670082,-4.162912974,0.8721561676
682,8.757975264,4.831881808,0.6006963703,8.757975264,-4.831881808,0.6006963703
683,9.125790193,3.690697178,0.1115353198,9.125790193,-3.690697178,0.1115353198
684,8.996640236,4.217108342,0.3058031911,8.996640236,-4.217108342,0.3058031911
685,9.54788147,3.26111905,0.7981596419,9.54788147,-3.26111905,0.7981596419
686,9.477046608,3.469966149,0.3883066256,9.477046608,-3.469966149,0.3883066256
687,9.167528129,3.120294928,0.2725146826,9.167528129,-3.120294928,0.2725146826
688,9.369227489,4.967970274,0.2360310797,9.369227489,-4.967970274,0.2360310797
689,9.556520627,4.170246129,0.3936721299,9.556520627,-4.170246129,0.3936721299
690,9.493365585,5.13759295,0.8344382226,9.493365585,-5.13759295,0.8344382226
691,9.045189501,3.069382967,0.5703175822,9.045189501,-3.069382967,0.5703175822
692,8.615335425,5.447974529,0.6650619798,8.615335425,-5.447974529,0.6650619798
693,9.91709624,5.005337083,0.03290198381,9.91709624,-5.005337083,0.03290198381
694,8.590682315,3.996660696,0.04137715784,8.590682315,-3.996660696,0.04137715784
695,8.8741911,5.24812342,0.4610806548,8.8741911,-5.24812342,0.4610806548
696,8.990849708,3.952828159,0.630736961,8.990849708,-3.952828159,0.630736961
697,8.882557458,3.444099193,0.5775876935,8.882557458,-3.444099193,0.5775876935
698,9.679704418,5.007906203,0.3695742048,9.679704418,-5.007906203,0.3695742048
699,8.748188405,3.647456807,0.3846072091,8.748188405,-3.647456807,0.3846072091
700,9.613468638,4.63325762,0.9767469901,9.613468638,-4.63325762,0.9767469901
701,9.260713104,4.69958267,0.5478391966,9.260713104,-4.69958267,0.5478391966
702,9.915009301,3.182910558,0.9170676633,9.915009301,-3.182910558,0.9170676633
703,8.685687148,5.69797439,0.1137292772,8.685687148,-5.69797439,0.1137292772
704,8.557254651,4.951331686,0.5896665541,8.557254651,-4.951331686,0.5896665541
705,9.769306549,4.182834762,0.5042761477,9.769306549,-4.182834762,0.5042761477
706,8.344764926,5.61890696,0.105505155,8.344764926,-5.61890696,0.105505155
707,8.51078454,3.595128782,0.1896155489,8.51078454,-3.595128782,0.1896155489
708,9.402876501,4.430007669,0.68229876,9.402876501,-4.430007669,0.68229876
709,8.80596381,4.605864011,0.8499898308,8.80596381,-4.605864011,0.8499898308
710,9.197323834,3.961013044,0.0961833236,9.197323834,-3.961013044,0.0961833236
711,8.001108926,5.710553176,0.3551654286,8.001108926,-5.710553176,0.3551654286
712,9.872020641,5.881051078,0.9761453433,9.872020641,-5.881051078,0.9761453433
713,8.529560059,3.950055048,0.8008943747,8.529560059,-3.950055048,0.8008943747
714,9.09820838,3.291002168,0.9636263191,9.09820838,-3.291002168,0.9636263191
715,9.528605065,3.730937681,0.8292927993,9.528605065,-3.730937681,0.8292927993
716,9.89515398,3.572845908,0.855542228,9.89515398,-3.572845908,0.855542228
717,8.823378444,5.243729952,0.8443221863,8.823378444,-5.243729952,0.8443221863
718,9.262958549,5.389972178,0.03957551248,9.262958549,-5.389972178,0.03957551248
719,9.373890084,5.231341387,0.7268180481,9.373890084,-5.231341387,0.7268180481
720,8.745023719,3.169730858,0.5669772101,8.745023719,-3.169730858,0.5669772101
721,9.446762472,4.45485488,0.6082569384,9.446762472,-4.45485488,0.6082569384
722,8.025766536,3.864258969,0.6068640504,8.025766536,-3.864258969,0.6068640504
723,9.912483267,4.798998663,0.9218498934,9.912483267,-4.798998663,0.9218498934
724,9.713982136,3.738362183,0.3193333741,9.713982136,-3.738362183,0.3193333741
725,8.480791716,5.010946841,0.6973876115,8.480791716,-5.010946841,0.6973876115
726,8.940775653,5.759688627,0.1705019827,8.940775653,-5.759688627,0.1705019827
727,8.951290859,4.576607782,0.1769534608,8.951290859,-4.576607782,0.1769534608
728,8.221428053,3.674222651,0.7042779491,8.221428053,-3.674222651,0.7042779491
729,8.034839305,5.50803987,0.7172048801,8.034839305,-5.50803987,0.7172048801
730,9.132373981,5.018750346,0.8623986964,9.132373981,-5.018750346,0.8623986964
731,8.636305974,3.190769454,0.4160646781,8.636305974,-3.190769454,0.4160646781
732,9.208359634,5.052762718,0.2007435778,9.208359634,-5.052762718,0.2007435778
733,8.104696785,4.064124192,0.403651339,8.104696785,-4.064124192,0.403651339
734,9.57276661,3.458516307,0.1465013885,9.57276661,-3.458516307,0.1465013885
735,8.557560304,3.471672639,0.6060253842,8.557560304,-3.471672639,0.6060253842
736,8.209236169,5.65477692,0.6534245221,8.209236169,-5.65477692,0.6534245221
737,8.45928041,4.509777031,0.5033753026,8.45928041,-4.509777031,0.5033753026
738,9.52956321,4.864127454,0.8827296533,9.52956321,-4.864127454,0.8827296533
739,9.944944116,4.15430494,0.8297774932,9.944944116,-4.15430494,0.8297774932
740,9.587049733,3.754485976,0.5224379569,9.587049733,-3.754485976,0.5224379569
741,8.481761446,3.189758023,0.8084273941,8.481761446,-3.189758023,0.8084273941
742,9.553070772,3.303404364,0.9809379682,9.553070772,-3.303404364,0.9809379682
743,8.178587983,4.87939417,0.7836681628,8.178587983,-4.87939417,0.7836681628
744,9.075711011,4.691412585,0.3897763272,9.075711011,-4.691412585,0.3897763272
745,8.002290863,4.574147542,0.5392781528,8.002290863,-4.574147542,0.5392781528
746,9.062434934,5.87263625,0.330239017,9.062434934,-5.87263625,0.330239017
747,9.230078383,3.283967745,0.1119833491,9.230078383,-3.283967745,0.1119833491
748,9.994555684,3.273505308,0.6779035583,9.994555684,-3.273505308,0.6779035583
749,8.333316838,4.146160121,0.0913237878,8.333316838,-4.146160121,0.0913237878
750,9.841725453,3.781843274,0.4243731982,9.841725453,-3.781843274,0.4243731982
751,8.105857136,4.786845793,0.7037391412,8.105857136,-4.786845793,0.7037391412
752,9.282982771,3.179082733,0.7868245988,9.282982771,-3.179082733,0.7868245988
753,9.954821683,5.146070187,0.01258640816,9.954821683,-5.146070187,0.01258640816
754,9.571516077,4.979797681,0.1204100422,9.571516077,-4.979797681,0.1204100422
755,9.881733181,4.83356429,0.3199263691,9.881733181,-4.83356429,0.3199263691
756,8.848937052,5.739037459,0.8881840311,8.848937052,-5.739037459,0.8881840311
757,9.595633166,3.706742674,0.9641041794,9.595633166,-3.706742674,0.9641041794
758,9.898460043,4.40483433,0.2659201466,9.898460043,-4.40483433,0.2659201466
759,8.497512456,3.868153217,0.693816717,8.497512456,-3.868153217,0.693816717
760,9.633152873,5.788355533,0.4284263864,9.633152873,-5.788355533,0.4284263864
761,8.818292951,3.716063954,0.3295457295,8.818292951,-3.716063954,0.3295457295
762,9.484818002,3.426970587,0.5088565323,9.484818002,-3.426970587,0.5088565323
763,9.123331113,5.145875182,0.5526028988,9.123331113,-5.145875182,0.5526028988
764,8.261779148,5.677375721,0.9877769714,8.261779148,-5.677375721,0.9877769714
765,8.638793412,4.385126129,0.08687230262,8.638793412,-4.385126129,0.08687230262
766,9.981846267,4.12010014,0.4647369739,9.981846267,-4.12010014,0.4647369739
767,8.614354185,5.6914599,0.845560185,8.614354185,-5.6914599,0.845560185
768,9.193207172,5.028329148,0.517779146,9.193207172,-5.028329148,0.517779146
769,8.198821708,4.988318809,0.5324102236,8.198821708,-4.988318809,0.5324102236
770,9.935407306,4.670015221,0.5573196037,9.935407306,-4.670015221,0.5573196037
771,9.338080289,5.241548025,0.8320795506,9.338080289,-5.241548025,0.8320795506
772,8.860628523,5.411566423,0.1373498788,8.860628523,-5.411566423,0.1373498788
773,8.056978631,5.572540244,0.4564853631,8.056978631,-5.572540244,0.4564853631
774,8.259117786,4.484756173,0.2718160594,8.259117786,-4.484756173,0.2718160594
775,8.488571894,5.887989755,0.5823376668,8.488571894,-5.887989755,0.5823376668
776,8.470051339,3.798499225,0.6057924305,8.470051339,-3.798499225,0.6057924305
777,8.276767446,4.60754338,0.4098101478,8.276767446,-4.60754338,0.4098101478
778,9.099801884,5.428277174,0.263788043,9.099801884,-5.428277174,0.263788043
779,9.89450727,3.360321671,0.874032623,9.89450727,-3.360321671,0.874032623
780,8.834206695,3.424646817,0.3109315001,8.834206695,-3.424646817,0.3109315001
781,8.162976591,5.56798553,0.7711028427,8.162976591,-5.56798553,0.7711028427
782,9.671970998,5.046661368,0.7522244648,9.671970998,-5.046661368,0.7522244648
783,8.283029844,4.451175433,0.4305283058,8.283029844,-4.451175433,0.4305283058
784,9.905981334,5.566297885,0.1115126438,9.905981334,-5.566297885,0.1115126438
785,8.234407258,5.300058212,0.4289581028,8.234407258,-5.300058212,0.4289581028
786,9.952504778,3.698109058,0.8918981878,9.952504778,-3.698109058,0.8918981878
787,8.978947994,5.99755148,0.9389146951,8.978947994,-5.99755148,0.9389146951
788,9.52071446,3.698164586,0.6552342707,9.52071446,-3.698164586,0.6552342707
789,9.819726608,3.731625181,0.02477646298,9.819726608,-3.731625181,0.02477646298
790,8.003659861,3.133666151,0.3679526227,8.003659861,-3.133666151,0.3679526227
791,9.098916449,5.083821754,0.3109050293,9.098916449,-5.083821754,0.3109050293
792,8.264900112,5.557022393,0.8572573979,8.264900112,-5.557022393,0.8572573979
793,9.524553473,4.034603454,0.8685997473,9.524553473,-4.034603454,0.8685997473
794,9.131988127,3.305150443,0.284770271,9.131988127,-3.305150443,0.284770271
795,9.442809165,3.729002717,0.2051551398,9.442809165,-3.729002717,0.2051551398
796,8.359539964,4.787696342,0.06876451817,8.359539964,-4.787696342,0.06876451817
797,8.741713279,4.741875902,0.8359883633,8.741713279,-4.741875902,0.8359883633
798,9.092697029,4.999978163,0.5315269685,9.092697029,-4.999978163,0.5315269685
799,9.489570789,5.261272223,0.9165042416,9.489570789,-5.261272223,0.9165042416
800,9.979594453,5.092873373,0.09111562617,9.979594453,-5.092873373,0.09111562617
801,8.362926192,3.558329391,0.7816155883,8.362926192,-3.558329391,0.7816155883
802,9.113439732,4.319582986,0.1984365865,9.113439732,-4.319582986,0.1984365865
803,9.172412816,5.866882223,0.3558004226,9.172412816,-5.866882223,0.3558004226
804,8.526682301,3.147084329,0.5983764263,8.526682301,-3.147084329,0.5983764263
805,9.89902082,3.686665699,0.2640429246,9.89902082,-3.686665699,0.2640429246
806,9.638474171,5.028862586,0.2905431142,9.638474171,-5.028862586,0.2905431142
807,8.438298148,5.42854791,0.993388373,8.438298148,-5.42854791,0.993388373
808,9.030383773,5.967820195,0.7194694443,9.030383773,-5.967820195,0.7194694443
809,8.327093286,3.413439196,0.6661796486,8.327093286,-3.413439196,0.6661796486
810,8.383585028,5.408581171,0.9400184837,8.383585028,-5.408581171,0.9400184837
811,8.989236086,3.74007679,0.3200006563,8.989236086,-3.74007679,0.3200006563
812,9.074203397,3.963110573,0.5009261957,9.074203397,-3.963110573,0.5009261957
813,9.156861549,3.469328195,0.1172189286,9.156861549,-3.469328195,0.1172189286
814,8.544113619,4.44089683,0.5532755573,8.544113619,-4.44089683,0.5532755573
815,8.057987505,3.499426939,0.590708027,8.057987505,-3.499426939,0.590708027
816,9.425453414,5.49501303,0.7221945184,9.425453414,-5.49501303,0.7221945184
817,8.444789951,4.289951973,0.9743816641,8.444789951,-4.289951973,0.9743816641
818,8.812896525,5.950175961,0.8458081201,8.812896525,-5.950175961,0.8458081201
819,9.588359225,3.141566437,0.3607486118,9.588359225,-3.141566437,0.3607486118
820,9.894020876,3.5123263,0.06768231704,9.894020876,-3.5123263,0.06768231704
821,9.783390248,5.759601858,0.00658838661,9.783390248,-5.759601858,0.00658838661
822,8.24186383,3.706998611,0.5155204559,8.24186383,-3.706998611,0.5155204559
823,9.770343033,4.575434092,0.5964693439,9.770343033,-4.575434092,0.5964693439
824,8.853184941,4.613459649,0.9731946854,8.853184941,-4.613459649,0.9731946854
825,8.654431017,3.320055411,0.8372189316,8.654431017,-3.320055411,0.8372189316
826,9.920503676,5.482751303,0.3844111706,9.920503676,-5.482751303,0.3844111706
827,9.522934193,3.235981902,0.9502774094,9.522934193,-3.235981902,0.9502774094
828,8.326354207,3.801756182,0.5591488458,8.326354207,-3.801756182,0.5591488458
829,9.958617153,4.470203198,0.6494078995,9.958617153,-4.470203198,0.6494078995
830,9.946351519,5.615445175,0.1988273819,9.946351519,-5.615445175,0.1988273819
831,8.22254258,4.552708542,0.1254135569,8.22254258,-4.552708542,0.1254135569
832,8.576796353,3.190686681,0.9389274126,8.576796353,-3.190686681,0.9389274126
833,9.020628013,3.669516264,0.6348639297,9.020628013,-3.669516264,0.6348639297
834,8.227115246,4.814391198,0.9201067551,8.227115246,-4.814391198,0.9201067551
835,8.742485892,3.970274868,0.1245230995,8.742485892,-3.970274868,0.1245230995
836,8.733136659,4.00519587,0.8479570522,8.733136659,-4.00519587,0.8479570522
837,9.917232211,5.489442061,0.175989129,9.917232211,-5.489442061,0.175989129
838,9.281002557,3.692103374,0.2602766806,9.281002557,-3.692103374,0.2602766806
839,9.699135368,3.034718733,0.5754143046,9.699135368,-3.034718733,0.5754143046
840,9.141603873,5.408102837,0.9775762386,9.141603873,-5.408102837,0.9775762386
841,9.587523536,5.531618009,0.291114201,9.587523536,-5.531618009,0.291114201
842,8.391266904,4.866297173,0.4215811951,8.391266904,-4.866297173,0.4215811951
843,8.692859377,4.780470031,0.2580585126,8.692859377,-4.780470031,0.2580585126
844,8.856705514,3.956821135,0.6174825514,8.856705514,-3.956821135,0.6174825514
845,9.858152762,4.150348393,0.4439545326,9.858152762,-4.150348393,0.4439545326
846,9.222944575,3.423088594,0.4839583101,9.222944575,-3.423088594,0.4839583101
847,8.286991383,5.718793315,0.4187994454,8.286991383,-5.718793315,0.4187994454
848,9.965218609,4.865784287,0.2115262812,9.965218609,-4.865784287,0.2115262812
849,8.252755539,3.379093874,0.4209304011,8.252755539,-3.379093874,0.4209304011
850,9.324206567,3.07449391,0.651191151,9.324206567,-3.07449391,0.651191151
851,8.485624601,3.137466906,0.4509045058,8.485624601,-3.137466906,0.4509045058
852,9.284083084,4.713828284,0.2138435921,9.284083084,-4.713828284,0.2138435921
853,8.253607572,5.666778729,0.6137846074,8.253607572,-5.666778729,0.6137846074
854,9.811702996,4.47907196,0.6143087231,9.811702996,-4.47907196,0.6143087231
855,9.551114985,4.174436583,0.04500337798,9.551114985,-4.174436583,0.04500337798
856,9.380990387,3.793399366,0.1957995139,9.380990387,-3.793399366,0.1957995139
857,8.544864071,3.079524192,0.7099692618,8.544864071,-3.079524192,0.7099692618
858,8.978730072,5.924042091,0.6199131176,8.978730072,-5.924042091,0.6199131176
859,9.144752127,5.224861147,0.9686249332,9.144752127,-5.224861147,0.9686249332
860,8.837161284,3.9498239,0.4989369753,8.837161284,-3.9498239,0.4989369753
861,8.690569501,3.516972043,0.4895628022,8.690569501,-3.516972043,0.4895628022
862,8.567004193,4.890454067,0.4414618056,8.567004193,-4.890454067,0.4414618056
863,9.979135408,5.681397696,0.2209561137,9.979135408,-5.681397696,0.2209561137
864,8.205010875,4.503992898,0.8551053833,8.205010875,-4.503992898,0.8551053833
865,9.686952828,4.22966717,0.1550171898,9.686952828,-4.22966717,0.1550171898
866,8.007279177,4.939977875,0.3431350898,8.007279177,-4.939977875,0.3431350898
867,8.438371483,4.791753615,0.4271114762,8.438371483,-4.791753615,0.4271114762
868,9.209101701,5.690682581,0.3021678121,9.209101701,-5.690682581,0.3021678121
869,9.877348948,5.505022074,0.3788245438,9.877348948,-5.505022074,0.3788245438
870,8.060997026,4.872624126,0.2987703814,8.060997026,-4.872624126,0.2987703814
871,8.952286453,3.545461588,0.9856155594,8.952286453,-3.545461588,0.9856155594
872,8.39698884,4.977347528,0.4121637439,8.39698884,-4.977347528,0.4121637439
873,9.829418165,4.814191058,0.04423113624,9.829418165,-4.814191058,0.04423113624
874,8.984615092,5.209196708,0.1824467114,8.984615092,-5.209196708,0.1824467114
875,9.303425245,3.973515491,0.6634647706,9.303425245,-3.973515491,0.6634647706
876,8.667264227,4.65459214,0.3185294487,8.667264227,-4.65459214,0.3185294487
877,9.948161361,5.980737031,0.4754164108,9.948161361,-5.980737031,0.4754164108
878,9.59020611,3.750523445,0.3826541287,9.59020611,-3.750523445,0.3826541287
879,8.500687892,4.059931036,0.04504902544,8.500687892,-4.059931036,0.04504902544
880,8.885310248,4.209641914,0.2799558545,8.885310248,-4.209641914,0.2799558545
881,9.834557836,5.044277484,0.8060927782,9.834557836,-5.044277484,0.8060927782
882,8.390379692,4.257500782,0.308584296,8.390379692,-4.257500782,0.308584296
883,9.37103101,3.623479549,0.4843779612,9.37103101,-3.623479549,0.4843779612
884,9.142976415,5.208004149,0.5506896265,9.142976415,-5.208004149,0.5506896265
885,8.698480687,4.44835315,0.01927198362,8.698480687,-4.44835315,0.01927198362
886,8.392528973,5.181731792,0.5549306165,8.392528973,-5.181731792,0.5549306165
887,8.60074112,5.030768356,0.9844702622,8.60074112,-5.030768356,0.9844702622
888,9.126595018,5.71612387,0.1405598078,9.126595018,-5.71612387,0.1405598078
889,9.495872338,5.981563489,0.1059823262,9.495872338,-5.981563489,0.1059823262
890,9.046856561,5.856029099,0.07068682798,9.046856561,-5.856029099,0.07068682798
891,9.600363914,5.448524614,0.7334287992,9.600363914,-5.448524614,0.7334287992
892,9.528456071,3.6992094,0.642739348,9.528456071,-3.6992094,0.642739348
893,9.883991511,3.544573017,0.7370101564,9.883991511,-3.544573017,0.7370101564
894,8.354589641,4.627295443,0.5377855227,8.354589641,-4.627295443,0.5377855227
895,8.272451928,4.533365813,0.8636383883,8.272451928,-4.533365813,0.8636383883
896,9.470063632,5.323517351,0.683226773,9.470063632,-5.323517351,0.683226773
897,8.574870866,5.302892234,0.819278262,8.574870866,-5.302892234,0.819278262
898,9.207245235,4.08128819,0.3070192528,9.207245235,-4.08128819,0.3070192528
899,8.528872213,5.991523398,0.3686869572,8.528872213,-5.991523398,0.3686869572
900,8.501199929,4.681256194,0.7032605074,8.501199929,-4.681256194,0.7032605074
901,8.215952188,4.116395487,0.3172627755,8.215952188,-4.116395487,0.3172627755
902,8.654761192,5.769515489,0.661538022,8.654761192,-5.769515489,0.661538022
903,9.234491756,5.318912345,0.01202493265,9.234491756,-5.318912345,0.01202493265
904,9.897025783,4.138882142,0.7243541904,9.897025783,-4.138882142,0.7243541904
905,9.538195,5.311340181,0.7598891926,9.538195,-5.311340181,0.7598891926
906,8.989760284,5.703003109,0.8823193808,8.989760284,-5.703003109,0.8823193808
907,9.146638277,5.253621555,0.4920421935,9.146638277,-5.253621555,0.4920421935
908,8.696150224,4.285931102,0.4653686611,8.696150224,-4.285931102,0.4653686611
909,8.185781787,3.879207532,0.9246373389,8.185781787,-3.879207532,0.9246373389
910,9.287169625,5.325915896,0.5753580946,9.287169625,-5.325915896,0.5753580946
911,9.374811486,5.038327543,0.09015495898,9.374811486,-5.038327543,0.09015495898
912,9.205803471,4.33164491,0.6820121413,9.205803471,-4.33164491,0.6820121413
913,9.377871852,4.04899018,0.2931240266,9.377871852,-4.04899018,0.2931240266
914,9.352868289,3.724006519,0.9869244521,9.352868289,-3.724006519,0.9869244521
915,9.902697659,5.499317104,0.5216602996,9.902697659,-5.499317104,0.5216602996
916,8.545952677,3.760519936,0.8813871826,8.545952677,-3.760519936,0.8813871826
917,8.351683105,3.885605509,0.00622124048,8.351683105,-3.885605509,0.00622124048
918,8.911991987,3.458608933,0.5810915745,8.911991987,-3.458608933,0.5810915745
919,9.794619196,5.20172886,0.7335290682,9.794619196,-5.20172886,0.7335290682
920,9.212401286,3.115520371,0.6276792943,9.212401286,-3.115520371,0.6276792943
921,8.39751006,4.116918773,0.2118068486,8.39751006,-4.116918773,0.2118068486
922,9.306974692,4.64638549,0.9828337832,9.306974692,-4.64638549,0.9828337832
923,9.851128587,3.537309154,0.9489725321,9.851128587,-3.537309154,0.9489725321
924,8.609617109,5.929068843,0.499808871,8.609617109,-5.929068843,0.499808871
925,9.220114181,3.785415616,0.8945337477,9.220114181,-3.785415616,0.8945337477
926,8.977360598,4.728277618,0.5003494882,8.977360598,-4.728277618,0.5003494882
927,9.683534411,3.541403262,0.3455320164,9.683534411,-3.541403262,0.3455320164
928,9.037236218,4.067041458,0.3878444035,9.037236218,-4.067041458,0.3878444035
929,8.347250223,5.557866402,0.5045425823,8.347250223,-5.557866402,0.5045425823
930,9.557874007,5.788104302,0.8318638054,9.557874007,-5.788104302,0.8318638054
931,8.444724657,4.520083979,0.3716049467,8.444724657,-4.520083979,0.3716049467
932,9.709894459,5.089863304,0.2222016391,9.709894459,-5.089863304,0.2222016391
933,9.354921253,3.607381498,0.9608320556,9.354921253,-3.607381498,0.9608320556
934,8.558186385,5.291993223,0.2350176561,8.558186385,-5.291993223,0.2350176561
935,9.783732128,4.19625064,0.8557344238,9.783732128,-4.19625064,0.8557344238
936,9.04823958,5.667416968,0.4181299923,9.04823958,-5.667416968,0.4181299923
937,8.790282977,3.907059806,0.8950399766,8.790282977,-3.907059806,0.8950399766
938,9.277274354,5.724321836,0.3910514002,9.277274354,-5.724321836,0.3910514002
939,8.984062787,5.055207953,0.7436541336,8.984062787,-5.055207953,0.7436541336
940,8.699681857,5.61084396,0.287714014,8.699681857,-5.61084396,0.287714014
941,8.846945044,3.542988355,0.3226775236,8.846945044,-3.542988355,0.3226775236
942,8.857213736,4.794087943,0.4313430877,8.857213736,-4.794087943,0.4313430877
943,9.700888156,5.885668187,0.5099938553,9.700888156,-5.885668187,0.5099938553
944,8.530643291,5.704435682,0.4225940567,8.530643291,-5.704435682,0.4225940567
945,9.083747002,3.266654952,0.2813977003,9.083747002,-3.266654952,0.2813977003
946,9.195710449,5.677622794,0.1104623254,9.195710449,-5.677622794,0.1104623254
947,9.229779254,5.171295569,0.03471521269,9.229779254,-5.171295569,0.03471521269
948,8.177768395,3.234678814,0.5828372913,8.177768395,-3.234678814,0.5828372913
949,9.776913193,5.96289165,0.3596684907,9.776913193,-5.96289165,0.3596684907
950,8.813619082,4.14929899,0.9077532538,8.813619082,-4.14929899,0.9077532538
951,8.819738909,3.990844522,0.008761413887,8.819738909,-3.990844522,0.008761413887
952,9.653763645,3.921135679,0.9408663978,9.653763645,-3.921135679,0.9408663978
953,9.856819168,4.009269134,0.4542602332,9.856819168,-4.009269134,0.4542602332
954,8.713156228,5.431381164,0.9185604241,8.713156228,-5.431381164,0.9185604241
955,9.185866489,4.431621785,0.7390685519,9.185866489,-4.431621785,0.7390685519
956,8.974234621,4.855209263,0.6240800409,8.974234621,-4.855209263,0.6240800409
957,9.804431628,3.646420129,0.5412456473,9.804431628,-3.646420129,0.5412456473
958,9.764466107,5.167406045,0.7565644159,9.764466107,-5.167406045,0.7565644159
959,9.082068084,4.211432064,0.5600002395,9.082068084,-4.211432064,0.5600002395
960,8.805094225,4.047957374,0.3757755901,8.805094225,-4.047957374,0.3757755901
961,8.368809821,3.466071326,0.7227497231,8.368809821,-3.466071326,0.7227497231
962,9.22265075,4.09047478,0.3302941752,9.22265075,-4.09047478,0.3302941752
963,8.561802423,4.238346977,0.9264315201,8.561802423,-4.238346977,0.9264315201
964,8.725817368,4.276989904,0.8112115284,8.725817368,-4.276989904,0.8112115284
965,9.515886798,4.95462063,0.3204767554,9.515886798,-4.95462063,0.3204767554
966,9.604329934,4.718577816,0.2797355366,9.604329934,-4.718577816,0.2797355366
967,8.384932108,4.215566692,0.6631218659,8.384932108,-4.215566692,0.6631218659
968,8.862021155,5.105099194,0.1841229054,8.862021155,-5.105099194,0.1841229054
969,8.630075192,3.704899402,0.3270796372,8.630075192,-3.704899402,0.3270796372
970,8.342248482,4.763569571,0.06305689892,8.342248482,-4.763569571,0.06305689892
971,8.921325817,3.120323175,0.7756812838,8.921325817,-3.120323175,0.7756812838
972,8.36155327,3.21963999,0.7987303976,8.36155327,-3.21963999,0.7987303976
973,8.664071518,3.427314772,0.09772627159,8.664071518,-3.427314772,0.09772627159
974,9.388402489,3.888648475,0.1688237348,9.388402489,-3.888648475,0.1688237348
975,9.856938094,5.451203389,0.6903472563,9.856938094,-5.451203389,0.6903472563
976,8.471472813,5.611794989,0.2032596071,8.471472813,-5.611794989,0.2032596071
977,9.668560045,3.25387275,0.7667572194,9.668560045,-3.25387275,0.7667572194
978,8.250608225,4.991192613,0.6956766317,8.250608225,-4.991192613,0.6956766317
979,8.025669078,5.547451294,0.7829552207,8.025669078,-5.547451294,0.7829552207
980,8.819013025,5.578725956,0.08321436763,8.819013025,-5.578725956,0.08321436763
981,8.932347079,4.034635044,0.5081167589,8.932347079,-4.034635044,0.5081167589
982,9.824392146,5.323542087,0.5892976081,9.824392146,-5.323542087,0.5892976081
983,8.770385404,4.03673644,0.5818979688,8.770385404,-4.03673644,0.5818979688
984,8.907816581,3.089231124,0.3361234804,8.907816581,-3.089231124,0.3361234804
985,9.824782232,4.3759698,0.4232802332,9.824782232,-4.3759698,0.4232802332
986,9.821531432,3.493812226,0.1555920792,9.821531432,-3.493812226,0.1555920792
987,8.37906224,5.564556649,0.08553484551,8.37906224,-5.564556649,0.08553484551
988,8.811438729,3.704893242,0.1542078928,8.811438729,-3.704893242,0.1542078928
989,9.356153983,3.063510071,0.5366877556,9.356153983,-3.063510071,0.5366877556
990,9.598529609,5.712063282,0.07936490055,9.598529609,-5.712063282,0.07936490055
991,9.347084081,3.398872995,0.2214244887,9.347084081,-3.398872995,0.2214244887
992,9.579315302,4.993822783,0.06739128999,9.579315302,-4.993822783,0.06739128999
993,9.458072634,5.250037826,0.1062348285,9.458072634,-5.250037826,0.1062348285
994,8.752763724,3.564144544,0.06937079004,8.752763724,-3.564144544,0.06937079004
995,8.484319278,3.287752762,0.5929198171,8.484319278,-3.287752762,0.5929198171
996,8.966097359,3.212966351,0.8063034268,8.966097359,-3.212966351,0.8063034268
997,9.034683751,5.369567323,0.2151589794,9.034683751,-5.369567323,0.2151589794
998,9.980992828,3.106273895,0.4234703985,9.980992828,-3.106273895,0.4234703985
999,8.215663066,5.075729028,0.3080774402,8.215663066,-5.075729028,0.3080774402