"""Atmos Mix Number""",BGVRightPosX:,BGVRightPosY:,BGVRightPosZ:,LVoxLeftPosX:,LVoxLeftPosY:,LVoxLeftPosZ:
1,-4.12470231,5.540544311,0.9547171694,-4.12470231,-5.540544311,0.9547171694
2,-4.959498444,3.886395817,4.379115148,-4.959498444,-3.886395817,4.379115148
3,-0.1836000438,3.83084819,3.184477439,-0.1836000438,-3.83084819,3.184477439
4,-1.190923455,4.628134585,4.363744722,-1.190923455,-4.628134585,4.363744722
5,-2.901410449,3.895979704,0.8429877124,-2.901410449,-3.895979704,0.8429877124
6,-1.085559223,4.648964507,0.2935171115,-1.085559223,-4.648964507,0.2935171115
7,-4.276877754,4.849261797,2.402767825,-4.276877754,-4.849261797,2.402767825
8,-4.193392024,6.328339722,3.017588406,-4.193392024,-6.328339722,3.017588406
9,-4.703070499,5.135489021,1.756230673,-4.703070499,-5.135489021,1.756230673
10,-4.79547013,4.55168364,1.345309291,-4.79547013,-4.55168364,1.345309291
11,-1.256450608,5.179157512,4.345599019,-1.256450608,-5.179157512,4.345599019
12,-1.638514129,4.220485284,1.544341383,-1.638514129,-4.220485284,1.544341383
13,-3.782152005,4.53614673,3.148664867,-3.782152005,-4.53614673,3.148664867
14,-1.91087751,4.619941817,2.507196413,-1.91087751,-4.619941817,2.507196413
15,-0.2725328439,4.810674098,4.605468613,-0.2725328439,-4.810674098,4.605468613
16,-1.637626599,3.893383175,0.8076340893,-1.637626599,-3.893383175,0.8076340893
17,-2.793242565,5.053652466,2.112262275,-2.793242565,-5.053652466,2.112262275
18,-2.545072536,5.612518957,2.417125732,-2.545072536,-5.612518957,2.417125732
19,-0.5898617398,3.934414306,2.183587727,-0.5898617398,-3.934414306,2.183587727
20,-4.996418433,5.025806806,2.289093466,-4.996418433,-5.025806806,2.289093466
21,-1.314299558,6.010080025,4.330963297,-1.314299558,-6.010080025,4.330963297
22,-2.425023338,4.684849165,3.548974218,-2.425023338,-4.684849165,3.548974218
23,-4.489854964,3.849980228,4.058209396,-4.489854964,-3.849980228,4.058209396
24,-1.65046194,4.445967178,4.87105671,-1.65046194,-4.445967178,4.87105671
25,-1.224080251,3.910203192,4.700137902,-1.224080251,-3.910203192,4.700137902
26,-0.9310737726,4.710608127,0.2638513923,-0.9310737726,-4.710608127,0.2638513923
27,-2.756866384,4.308612954,1.595098056,-2.756866384,-4.308612954,1.595098056
28,-3.726629295,6.078057676,0.9254538033,-3.726629295,-6.078057676,0.9254538033
29,-0.06566486246,5.296037061,3.885248725,-0.06566486246,-5.296037061,3.885248725
30,-2.073335428,5.44543192,4.835555555,-2.073335428,-5.44543192,4.835555555
31,-1.449257227,6.136584701,3.074584961,-1.449257227,-6.136584701,3.074584961
32,-2.633502409,4.095905375,3.103663822,-2.633502409,-4.095905375,3.103663822
33,-1.675399405,3.540441204,2.977462513,-1.675399405,-3.540441204,2.977462513
34,-2.812272636,6.293723533,1.841569757,-2.812272636,-6.293723533,1.841569757
35,-0.9460332122,6.08658007,0.3840678303,-0.9460332122,-6.08658007,0.3840678303
36,-0.5379834372,4.665290772,2.035628918,-0.5379834372,-4.665290772,2.035628918
37,-1.037250647,5.440596509,1.318992949,-1.037250647,-5.440596509,1.318992949
38,-2.10070843,5.735400656,4.890087904,-2.10070843,-5.735400656,4.890087904
39,-2.581091701,6.433635824,1.230477656,-2.581091701,-6.433635824,1.230477656
40,-2.820665473,5.936769282,4.741233522,-2.820665473,-5.936769282,4.741233522
41,-2.534476852,5.400873886,2.517249566,-2.534476852,-5.400873886,2.517249566
42,-3.775456744,6.484088247,1.513912453,-3.775456744,-6.484088247,1.513912453
43,-4.529659015,4.870297271,1.064149061,-4.529659015,-4.870297271,1.064149061
44,-2.619126439,5.449854023,3.93293612,-2.619126439,-5.449854023,3.93293612
45,-2.513686112,5.892077017,0.6444047244,-2.513686112,-5.892077017,0.6444047244
46,-1.959010587,5.181656264,2.203665164,-1.959010587,-5.181656264,2.203665164
47,-1.995289072,5.762484065,1.273695686,-1.995289072,-5.762484065,1.273695686
48,-1.366156795,5.827190841,4.545863626,-1.366156795,-5.827190841,4.545863626
49,-3.350763828,4.740251208,2.627779875,-3.350763828,-4.740251208,2.627779875
50,-3.945194776,4.886152483,2.975606296,-3.945194776,-4.886152483,2.975606296
51,-2.160831502,4.803143414,2.110905492,-2.160831502,-4.803143414,2.110905492
52,-0.3090379088,3.573880566,0.7700587238,-0.3090379088,-3.573880566,0.7700587238
53,-2.013819141,5.633211238,3.876493014,-2.013819141,-5.633211238,3.876493014
54,-2.637415509,3.78107869,2.573456603,-2.637415509,-3.78107869,2.573456603
55,-1.813070214,5.545106777,0.2353331005,-1.813070214,-5.545106777,0.2353331005
56,-2.356335036,5.952377231,4.579295309,-2.356335036,-5.952377231,4.579295309
57,-1.455210006,6.036652388,2.261095451,-1.455210006,-6.036652388,2.261095451
58,-3.484120017,5.423605748,0.3889714352,-3.484120017,-5.423605748,0.3889714352
59,-0.02826659687,5.207649848,1.730185676,-0.02826659687,-5.207649848,1.730185676
60,-1.240274312,5.277414009,0.2518527246,-1.240274312,-5.277414009,0.2518527246
61,-3.032874632,5.48416939,0.6654682996,-3.032874632,-5.48416939,0.6654682996
62,-4.513300976,4.457723681,4.452613758,-4.513300976,-4.457723681,4.452613758
63,-4.814637007,3.533092682,1.934255959,-4.814637007,-3.533092682,1.934255959
64,-0.9056219385,4.568181975,3.660868754,-0.9056219385,-4.568181975,3.660868754
65,-2.560607107,5.946719332,0.4640352284,-2.560607107,-5.946719332,0.4640352284
66,-2.506360596,5.045468845,0.3935279184,-2.506360596,-5.045468845,0.3935279184
67,-1.14782865,4.32036294,3.459075828,-1.14782865,-4.32036294,3.459075828
68,-2.240085768,6.30651126,0.1753647174,-2.240085768,-6.30651126,0.1753647174
69,-1.517583634,5.697025411,2.442388915,-1.517583634,-5.697025411,2.442388915
70,-3.571374611,4.3152708,2.097115284,-3.571374611,-4.3152708,2.097115284
71,-3.406748398,3.581780305,3.316124116,-3.406748398,-3.581780305,3.316124116
72,-1.746613993,4.0800757,0.8577659584,-1.746613993,-4.0800757,0.8577659584
73,-3.409355034,4.76312912,2.875718073,-3.409355034,-4.76312912,2.875718073
74,-2.376772546,5.891108976,2.898866126,-2.376772546,-5.891108976,2.898866126
75,-2.819639325,4.057406905,4.165839628,-2.819639325,-4.057406905,4.165839628
76,-2.524561514,5.138667485,3.269714129,-2.524561514,-5.138667485,3.269714129
77,-3.265689585,4.712759821,0.7069576909,-3.265689585,-4.712759821,0.7069576909
78,-1.088679014,6.049566803,2.544702236,-1.088679014,-6.049566803,2.544702236
79,-0.1640876085,4.078144036,3.318351058,-0.1640876085,-4.078144036,3.318351058
80,-1.974552414,5.359360808,0.6051975098,-1.974552414,-5.359360808,0.6051975098
81,-0.7850601651,6.126400621,2.025380082,-0.7850601651,-6.126400621,2.025380082
82,-1.618633194,6.254022125,4.820937465,-1.618633194,-6.254022125,4.820937465
83,-0.6296804165,6.494341398,1.265251566,-0.6296804165,-6.494341398,1.265251566
84,-2.970962827,5.802906271,1.058498683,-2.970962827,-5.802906271,1.058498683
85,-4.691238839,5.701892708,0.3363762765,-4.691238839,-5.701892708,0.3363762765
86,-3.133136597,3.736107626,3.711063624,-3.133136597,-3.736107626,3.711063624
87,-1.448328,5.581021521,4.202411065,-1.448328,-5.581021521,4.202411065
88,-0.8563062109,4.948973414,3.304189594,-0.8563062109,-4.948973414,3.304189594
89,-2.454369603,4.487127614,0.4344724493,-2.454369603,-4.487127614,0.4344724493
90,-0.9024493256,4.434226314,2.171922524,-0.9024493256,-4.434226314,2.171922524
91,-3.624797887,5.493907097,2.215728867,-3.624797887,-5.493907097,2.215728867
92,-2.503396883,4.821879124,3.717376671,-2.503396883,-4.821879124,3.717376671
93,-0.6470609966,5.259841437,0.04416245556,-0.6470609966,-5.259841437,0.04416245556
94,-2.473286161,5.957303817,2.138425255,-2.473286161,-5.957303817,2.138425255
95,-1.858801904,3.98227589,1.544898761,-1.858801904,-3.98227589,1.544898761
96,-0.8640273395,3.561216403,1.494627323,-0.8640273395,-3.561216403,1.494627323
97,-1.855448499,5.564733743,1.776924974,-1.855448499,-5.564733743,1.776924974
98,-2.838537991,5.319108986,2.16383095,-2.838537991,-5.319108986,2.16383095
99,-1.540013084,4.665253135,0.6146695389,-1.540013084,-4.665253135,0.6146695389
100,-3.876990157,5.553318188,4.149485412,-3.876990157,-5.553318188,4.149485412
101,-4.245844843,5.37809548,3.367837503,-4.245844843,-5.37809548,3.367837503
102,-1.746871405,3.984371457,0.1817007703,-1.746871405,-3.984371457,0.1817007703
103,-3.51868033,5.247487072,0.328746859,-3.51868033,-5.247487072,0.328746859
104,-0.3436307519,5.019767559,2.951210305,-0.3436307519,-5.019767559,2.951210305
105,-4.599507298,5.798841488,1.601483041,-4.599507298,-5.798841488,1.601483041
106,-3.546035746,5.282573689,3.235991713,-3.546035746,-5.282573689,3.235991713
107,-1.207047048,3.58824058,4.4584019,-1.207047048,-3.58824058,4.4584019
108,-2.395716146,4.958185703,0.7513486332,-2.395716146,-4.958185703,0.7513486332
109,-4.871217617,3.5623034,4.814389003,-4.871217617,-3.5623034,4.814389003
110,-2.985934361,6.478694421,3.667359301,-2.985934361,-6.478694421,3.667359301
111,-0.4505688001,5.544765477,0.8260087769,-0.4505688001,-5.544765477,0.8260087769
112,-4.478258664,3.548306145,3.299977558,-4.478258664,-3.548306145,3.299977558
113,-1.101783578,4.539350231,0.3700234773,-1.101783578,-4.539350231,0.3700234773
114,-4.220991194,3.742327569,2.166587599,-4.220991194,-3.742327569,2.166587599
115,-0.5229650295,5.986414931,3.383152875,-0.5229650295,-5.986414931,3.383152875
116,-2.349033895,3.572863641,4.591932115,-2.349033895,-3.572863641,4.591932115
117,-1.820232471,3.718365035,2.042415986,-1.820232471,-3.718365035,2.042415986
118,-4.846072472,4.927499395,2.310166865,-4.846072472,-4.927499395,2.310166865
119,-4.545426888,4.320282045,4.21361353,-4.545426888,-4.320282045,4.21361353
120,-2.456883314,6.058102097,2.003057357,-2.456883314,-6.058102097,2.003057357
121,-0.9083868634,6.471316062,2.815755651,-0.9083868634,-6.471316062,2.815755651
122,-2.176199342,6.465155796,3.678392335,-2.176199342,-6.465155796,3.678392335
123,-4.607846115,5.282242042,2.953439261,-4.607846115,-5.282242042,2.953439261
124,-2.202494743,6.212728199,2.97750207,-2.202494743,-6.212728199,2.97750207
125,-2.268670624,4.177622851,1.209862519,-2.268670624,-4.177622851,1.209862519
126,-0.1375134659,4.778689525,1.42295725,-0.1375134659,-4.778689525,1.42295725
127,-0.8787146465,4.629108315,4.113496699,-0.8787146465,-4.629108315,4.113496699
128,-0.008205325592,4.836911043,1.809297956,-0.008205325592,-4.836911043,1.809297956
129,-0.5354106864,5.520727942,3.875213423,-0.5354106864,-5.520727942,3.875213423
130,-2.075433042,4.46002511,4.19886513,-2.075433042,-4.46002511,4.19886513
131,-0.03038564138,5.718200949,0.3142908553,-0.03038564138,-5.718200949,0.3142908553
132,-0.8274714501,5.684451643,2.624943048,-0.8274714501,-5.684451643,2.624943048
133,-3.500565259,3.982245957,3.866245454,-3.500565259,-3.982245957,3.866245454
134,-2.505666866,5.989679326,4.704589759,-2.505666866,-5.989679326,4.704589759
135,-1.377677207,3.779960493,1.49851582,-1.377677207,-3.779960493,1.49851582
136,-2.710003934,5.791519522,3.018437036,-2.710003934,-5.791519522,3.018437036
137,-2.886718803,5.237273252,2.697946491,-2.886718803,-5.237273252,2.697946491
138,-4.334726346,6.048860781,2.684759427,-4.334726346,-6.048860781,2.684759427
139,-4.230335788,5.977327291,1.773709907,-4.230335788,-5.977327291,1.773709907
140,-3.305167651,5.534376696,1.916191572,-3.305167651,-5.534376696,1.916191572
141,-0.5933527481,6.301901025,0.01828427955,-0.5933527481,-6.301901025,0.01828427955
142,-2.358804897,6.455074305,4.141248044,-2.358804897,-6.455074305,4.141248044
143,-2.093668308,5.102440796,1.655555665,-2.093668308,-5.102440796,1.655555665
144,-1.734094506,5.146283945,0.15646373,-1.734094506,-5.146283945,0.15646373
145,-2.5668128,5.40018735,2.48781337,-2.5668128,-5.40018735,2.48781337
146,-3.913368949,5.454840298,2.67140217,-3.913368949,-5.454840298,2.67140217
147,-3.51669019,4.986801247,4.131773429,-3.51669019,-4.986801247,4.131773429
148,-1.090063631,3.61030579,2.956441528,-1.090063631,-3.61030579,2.956441528
149,-2.000057235,4.602803362,3.247836224,-2.000057235,-4.602803362,3.247836224
150,-3.39053279,3.528040458,4.306238929,-3.39053279,-3.528040458,4.306238929
151,-0.583423026,4.395370209,3.147229498,-0.583423026,-4.395370209,3.147229498
152,-4.937050988,6.250006478,4.909831299,-4.937050988,-6.250006478,4.909831299
153,-2.655186239,5.343279897,0.1797871798,-2.655186239,-5.343279897,0.1797871798
154,-3.967265186,5.998048815,0.9567996813,-3.967265186,-5.998048815,0.9567996813
155,-4.270520618,6.338173623,2.822785122,-4.270520618,-6.338173623,2.822785122
156,-2.567953965,5.964049928,0.4087785095,-2.567953965,-5.964049928,0.4087785095
157,-1.719915472,3.940242499,0.01104631238,-1.719915472,-3.940242499,0.01104631238
158,-2.294701581,5.600205481,4.59344428,-2.294701581,-5.600205481,4.59344428
159,-1.153183863,4.364806488,4.963583435,-1.153183863,-4.364806488,4.963583435
160,-2.45684809,3.893492648,0.4161766761,-2.45684809,-3.893492648,0.4161766761
161,-4.758571047,6.24523249,1.206175847,-4.758571047,-6.24523249,1.206175847
162,-0.08731536328,3.738338219,4.580726201,-0.08731536328,-3.738338219,4.580726201
163,-3.231369957,4.507823998,1.186882797,-3.231369957,-4.507823998,1.186882797
164,-1.29373347,6.372080382,0.3278975383,-1.29373347,-6.372080382,0.3278975383
165,-2.998847529,4.495674847,1.49761673,-2.998847529,-4.495674847,1.49761673
166,-0.5204221042,6.454937217,4.169585478,-0.5204221042,-6.454937217,4.169585478
167,-1.969587511,6.110340712,4.305208035,-1.969587511,-6.110340712,4.305208035
168,-2.225580861,5.2901333,3.259201422,-2.225580861,-5.2901333,3.259201422
169,-0.4074844677,4.381260793,0.8561663845,-0.4074844677,-4.381260793,0.8561663845
170,-2.095475913,6.155234879,4.008952393,-2.095475913,-6.155234879,4.008952393
171,-3.996108679,5.811244206,1.437507575,-3.996108679,-5.811244206,1.437507575
172,-0.4440890128,5.501627587,3.465562449,-0.4440890128,-5.501627587,3.465562449
173,-4.751180609,4.229478966,2.67910138,-4.751180609,-4.229478966,2.67910138
174,-3.164834422,4.858841956,0.6804542446,-3.164834422,-4.858841956,0.6804542446
175,-4.291218137,5.468266476,3.689166656,-4.291218137,-5.468266476,3.689166656
176,-2.058416296,4.621855796,0.7653726306,-2.058416296,-4.621855796,0.7653726306
177,-3.113480608,4.082235327,4.982597102,-3.113480608,-4.082235327,4.982597102
178,-1.621152843,5.20473978,1.682768205,-1.621152843,-5.20473978,1.682768205
179,-3.109160713,5.774741642,4.141141298,-3.109160713,-5.774741642,4.141141298
180,-3.270250741,6.49957,3.770461688,-3.270250741,-6.49957,3.770461688
181,-3.144030574,6.270465523,4.425133222,-3.144030574,-6.270465523,4.425133222
182,-1.351290166,5.606326681,4.996267632,-1.351290166,-5.606326681,4.996267632
183,-0.3247324519,4.770215398,2.319143341,-0.3247324519,-4.770215398,2.319143341
184,-1.228934878,5.80278711,2.450098763,-1.228934878,-5.80278711,2.450098763
185,-1.653514702,4.897354442,4.059866649,-1.653514702,-4.897354442,4.059866649
186,-4.930586933,4.842864254,1.34395795,-4.930586933,-4.842864254,1.34395795
187,-0.3730061733,4.358155688,4.275717734,-0.3730061733,-4.358155688,4.275717734
188,-0.5859623279,5.531457525,4.055117742,-0.5859623279,-5.531457525,4.055117742
189,-2.035749433,5.413236366,0.816489792,-2.035749433,-5.413236366,0.816489792
190,-0.6906041624,4.982069412,0.5313018564,-0.6906041624,-4.982069412,0.5313018564
191,-2.459465495,6.32585284,2.911219872,-2.459465495,-6.32585284,2.911219872
192,-0.6910170311,5.862973177,0.7110356169,-0.6910170311,-5.862973177,0.7110356169
193,-1.397824174,5.206463432,0.8468824332,-1.397824174,-5.206463432,0.8468824332
194,-1.731885195,5.855744957,4.795383437,-1.731885195,-5.855744957,4.795383437
195,-4.257865174,6.21218064,3.184115162,-4.257865174,-6.21218064,3.184115162
196,-2.575823326,5.54801305,2.052505717,-2.575823326,-5.54801305,2.052505717
197,-2.209843055,3.844487111,0.03390341226,-2.209843055,-3.844487111,0.03390341226
198,-4.673030757,6.356240298,1.922963422,-4.673030757,-6.356240298,1.922963422
199,-2.884420134,5.688227168,1.416684409,-2.884420134,-5.688227168,1.416684409
200,-2.357431612,5.10449862,2.116181926,-2.357431612,-5.10449862,2.116181926
201,-1.747735394,5.278113111,3.158958908,-1.747735394,-5.278113111,3.158958908
202,-1.928356188,4.586182913,4.007330755,-1.928356188,-4.586182913,4.007330755
203,-4.539469991,4.903890066,1.98913528,-4.539469991,-4.903890066,1.98913528
204,-3.459161898,4.306455515,1.335037583,-3.459161898,-4.306455515,1.335037583
205,-0.5957672374,4.969345517,3.451522126,-0.5957672374,-4.969345517,3.451522126
206,-3.08862111,4.37731876,4.105451653,-3.08862111,-4.37731876,4.105451653
207,-3.841548579,3.510366706,3.333282389,-3.841548579,-3.510366706,3.333282389
208,-4.095281748,5.932349344,1.884417149,-4.095281748,-5.932349344,1.884417149
209,-3.999800023,5.5194522,4.502568182,-3.999800023,-5.5194522,4.502568182
210,-3.542804415,5.896449101,2.729778141,-3.542804415,-5.896449101,2.729778141
211,-0.5438330653,4.794054947,3.286374944,-0.5438330653,-4.794054947,3.286374944
212,-3.79459413,4.423988896,2.818568913,-3.79459413,-4.423988896,2.818568913
213,-1.918006752,3.958840738,3.813927979,-1.918006752,-3.958840738,3.813927979
214,-1.82361884,5.977348884,4.063169551,-1.82361884,-5.977348884,4.063169551
215,-0.01923221578,4.551718,1.546311361,-0.01923221578,-4.551718,1.546311361
216,-3.348465855,5.012363056,0.4061397796,-3.348465855,-5.012363056,0.4061397796
217,-0.2026689286,5.414046677,1.576852115,-0.2026689286,-5.414046677,1.576852115
218,-1.285440237,6.457200986,3.020739894,-1.285440237,-6.457200986,3.020739894
219,-4.62791454,5.999850258,4.18139796,-4.62791454,-5.999850258,4.18139796
220,-1.460424422,3.990799764,3.824083096,-1.460424422,-3.990799764,3.824083096
221,-1.464844768,6.389596768,4.625618339,-1.464844768,-6.389596768,4.625618339
222,-1.630548991,4.154478046,3.79904057,-1.630548991,-4.154478046,3.79904057
223,-0.8398647476,6.143019255,1.890970265,-0.8398647476,-6.143019255,1.890970265
224,-3.547307471,5.158610919,1.901662817,-3.547307471,-5.158610919,1.901662817
225,-4.823108169,6.393720333,3.895800048,-4.823108169,-6.393720333,3.895800048
226,-1.48806243,4.202353781,3.350843368,-1.48806243,-4.202353781,3.350843368
227,-1.775097483,4.626543446,4.98761168,-1.775097483,-4.626543446,4.98761168
228,-3.596045287,5.019908871,2.919710707,-3.596045287,-5.019908871,2.919710707
229,-3.91822806,5.096843321,4.131857592,-3.91822806,-5.096843321,4.131857592
230,-4.719657744,4.247621725,4.302885423,-4.719657744,-4.247621725,4.302885423
231,-1.64544544,6.168202129,3.877365911,-1.64544544,-6.168202129,3.877365911
232,-3.715513633,5.102554084,1.565020425,-3.715513633,-5.102554084,1.565020425
233,-2.287565387,4.640509976,2.034999731,-2.287565387,-4.640509976,2.034999731
234,-0.377168374,3.539750061,1.194295369,-0.377168374,-3.539750061,1.194295369
235,-2.434376751,4.201758818,4.151255959,-2.434376751,-4.201758818,4.151255959
236,-3.039491839,5.761218511,0.01573929204,-3.039491839,-5.761218511,0.01573929204
237,-4.436135307,5.111838738,3.519803377,-4.436135307,-5.111838738,3.519803377
238,-4.269357122,5.168098394,1.555016178,-4.269357122,-5.168098394,1.555016178
239,-4.035089724,4.371916898,0.2695851795,-4.035089724,-4.371916898,0.2695851795
240,-2.934614582,4.04631852,3.790844849,-2.934614582,-4.04631852,3.790844849
241,-4.715690989,5.564829101,2.256867323,-4.715690989,-5.564829101,2.256867323
242,-3.908649022,4.657471,4.266393922,-3.908649022,-4.657471,4.266393922
243,-1.982166766,4.99591087,1.219909863,-1.982166766,-4.99591087,1.219909863
244,-4.04630702,3.657101013,2.435270072,-4.04630702,-3.657101013,2.435270072
245,-4.428853312,4.304797999,0.2188166728,-4.428853312,-4.304797999,0.2188166728
246,-3.203334102,3.803079006,1.850204776,-3.203334102,-3.803079006,1.850204776
247,-1.858361899,4.551273036,0.4602382809,-1.858361899,-4.551273036,0.4602382809
248,-2.576043741,4.65243266,0.3319672132,-2.576043741,-4.65243266,0.3319672132
249,-0.4122216747,5.455933983,1.518262233,-0.4122216747,-5.455933983,1.518262233
250,-3.636724212,5.015634265,0.8177410284,-3.636724212,-5.015634265,0.8177410284
251,-1.435635793,4.662401348,0.9209228888,-1.435635793,-4.662401348,0.9209228888
252,-3.324874611,6.466871639,3.933177774,-3.324874611,-6.466871639,3.933177774
253,-0.7205686385,6.104420051,3.428858585,-0.7205686385,-6.104420051,3.428858585
254,-4.83197707,4.555693371,4.977180293,-4.83197707,-4.555693371,4.977180293
255,-0.6183370165,4.940390362,3.831879249,-0.6183370165,-4.940390362,3.831879249
256,-0.4610121179,4.872371123,3.485400694,-0.4610121179,-4.872371123,3.485400694
257,-4.933631471,3.550785406,3.11439374,-4.933631471,-3.550785406,3.11439374
258,-4.339775656,5.863520918,0.6453144035,-4.339775656,-5.863520918,0.6453144035
259,-0.2964725881,5.381172691,2.666176445,-0.2964725881,-5.381172691,2.666176445
260,-3.673374835,4.837488672,4.886030422,-3.673374835,-4.837488672,4.886030422
261,-3.037680501,6.415107926,0.2558829029,-3.037680501,-6.415107926,0.2558829029
262,-4.205778255,4.736638559,0.0388129993,-4.205778255,-4.736638559,0.0388129993
263,-4.288297538,3.846354053,0.5467102247,-4.288297538,-3.846354053,0.5467102247
264,-2.358335392,5.766248253,0.6543604197,-2.358335392,-5.766248253,0.6543604197
265,-2.795957643,3.517400675,4.462925651,-2.795957643,-3.517400675,4.462925651
266,-0.3757322216,5.37187549,4.730552691,-0.3757322216,-5.37187549,4.730552691
267,-3.653990232,5.439212725,1.04958252,-3.653990232,-5.439212725,1.04958252
268,-3.753520981,4.347826249,3.125624436,-3.753520981,-4.347826249,3.125624436
269,-1.015240736,5.60297546,2.083129313,-1.015240736,-5.60297546,2.083129313
270,-0.2783671182,5.272132419,4.948140022,-0.2783671182,-5.272132419,4.948140022
271,-4.795973066,6.345166941,3.455975904,-4.795973066,-6.345166941,3.455975904
272,-2.480367852,6.216005212,2.883977871,-2.480367852,-6.216005212,2.883977871
273,-4.140206836,6.098788623,4.782184322,-4.140206836,-6.098788623,4.782184322
274,-3.989665713,5.720223881,2.664611123,-3.989665713,-5.720223881,2.664611123
275,-1.926475736,4.931603447,4.15372547,-1.926475736,-4.931603447,4.15372547
276,-3.786230852,5.803862313,1.13879162,-3.786230852,-5.803862313,1.13879162
277,-3.16292769,4.171734343,2.057223244,-3.16292769,-4.171734343,2.057223244
278,-0.2268312206,3.943055899,1.885390489,-0.2268312206,-3.943055899,1.885390489
279,-0.6792253725,3.596293215,1.070453989,-0.6792253725,-3.596293215,1.070453989
280,-0.8872017921,4.184434817,1.218365137,-0.8872017921,-4.184434817,1.218365137
281,-1.921748103,4.413562085,1.667377322,-1.921748103,-4.413562085,1.667377322
282,-0.04625128204,5.229051427,3.270944163,-0.04625128204,-5.229051427,3.270944163
283,-2.869690266,5.016707992,2.732052504,-2.869690266,-5.016707992,2.732052504
284,-3.204391871,6.31212553,1.606134746,-3.204391871,-6.31212553,1.606134746
285,-1.481959955,4.499555423,0.8179895884,-1.481959955,-4.499555423,0.8179895884
286,-3.52698159,4.120128072,2.251164098,-3.52698159,-4.120128072,2.251164098
287,-2.667089874,5.084387203,2.783447907,-2.667089874,-5.084387203,2.783447907
288,-1.959285671,3.92238714,0.9766853615,-1.959285671,-3.92238714,0.9766853615
289,-1.44009896,6.159321251,1.818728472,-1.44009896,-6.159321251,1.818728472
290,-2.909751149,4.376685837,0.08537051948,-2.909751149,-4.376685837,0.08537051948
291,-1.731426085,4.909089533,4.583020216,-1.731426085,-4.909089533,4.583020216
292,-2.547873096,4.408745951,4.50234719,-2.547873096,-4.408745951,4.50234719
293,-1.674356547,5.757997788,3.850886149,-1.674356547,-5.757997788,3.850886149
294,-4.63121743,3.709958089,0.9009223594,-4.63121743,-3.709958089,0.9009223594
295,-0.1900756746,3.846801014,3.787688426,-0.1900756746,-3.846801014,3.787688426
296,-4.34862065,5.276500297,0.2958861723,-4.34862065,-5.276500297,0.2958861723
297,-0.275511081,5.714902229,2.425436113,-0.275511081,-5.714902229,2.425436113
298,-2.444174766,4.2907285,4.603777912,-2.444174766,-4.2907285,4.603777912
299,-1.681027396,4.543756151,4.682603544,-1.681027396,-4.543756151,4.682603544
300,-3.135943235,5.271451613,0.230774087,-3.135943235,-5.271451613,0.230774087
301,-0.1359494004,3.884099444,0.09096217085,-0.1359494004,-3.884099444,0.09096217085
302,-4.346647606,4.776816437,0.6959458346,-4.346647606,-4.776816437,0.6959458346
303,-4.073632759,4.495464733,3.377550307,-4.073632759,-4.495464733,3.377550307
304,-4.068688555,5.999799601,0.5377512055,-4.068688555,-5.999799601,0.5377512055
305,-2.948760917,3.887583198,0.9593595044,-2.948760917,-3.887583198,0.9593595044
306,-2.356275409,4.053877689,1.457623155,-2.356275409,-4.053877689,1.457623155
307,-2.892780409,3.595324628,2.891570819,-2.892780409,-3.595324628,2.891570819
308,-4.302249588,4.791856504,4.514868858,-4.302249588,-4.791856504,4.514868858
309,-0.174553779,6.226723533,2.657250141,-0.174553779,-6.226723533,2.657250141
310,-1.261124464,4.054971427,4.655915011,-1.261124464,-4.054971427,4.655915011
311,-1.918692281,4.591732807,1.577989997,-1.918692281,-4.591732807,1.577989997
312,-3.633270313,3.717509451,2.407927974,-3.633270313,-3.717509451,2.407927974
313,-0.8705527183,5.801343858,2.382341115,-0.8705527183,-5.801343858,2.382341115
314,-0.3540358399,3.913987778,0.9273832096,-0.3540358399,-3.913987778,0.9273832096
315,-4.912079557,6.285698081,2.303935698,-4.912079557,-6.285698081,2.303935698
316,-4.227513465,4.035382188,2.019205312,-4.227513465,-4.035382188,2.019205312
317,-1.144705497,5.238253303,3.84649507,-1.144705497,-5.238253303,3.84649507
318,-0.8148470699,6.316431996,4.24827227,-0.8148470699,-6.316431996,4.24827227
319,-3.923184854,3.68279041,0.2916107629,-3.923184854,-3.68279041,0.2916107629
320,-1.404308474,5.950421353,2.884585807,-1.404308474,-5.950421353,2.884585807
321,-4.396939275,6.172269829,4.021070354,-4.396939275,-6.172269829,4.021070354
322,-0.8433021001,4.238207992,0.4541151771,-0.8433021001,-4.238207992,0.4541151771
323,-3.183275737,6.163849884,2.552987701,-3.183275737,-6.163849884,2.552987701
324,-1.655100257,4.366157564,1.922696592,-1.655100257,-4.366157564,1.922696592
325,-0.4403671496,6.33273052,2.765128653,-0.4403671496,-6.33273052,2.765128653
326,-0.8651885714,4.308943142,3.599517938,-0.8651885714,-4.308943142,3.599517938
327,-3.148445208,4.05821417,1.405261528,-3.148445208,-4.05821417,1.405261528
328,-1.558972534,6.348161239,4.304362151,-1.558972534,-6.348161239,4.304362151
329,-0.05716728957,4.967197894,4.613394672,-0.05716728957,-4.967197894,4.613394672
330,-2.135219969,5.801044595,3.059279586,-2.135219969,-5.801044595,3.059279586
331,-1.868112715,3.79130861,3.641310211,-1.868112715,-3.79130861,3.641310211
332,-2.024617953,6.264240806,4.916681956,-2.024617953,-6.264240806,4.916681956
333,-4.537013259,4.781529878,0.2283944938,-4.537013259,-4.781529878,0.2283944938
334,-3.84240594,4.729075804,0.6636000672,-3.84240594,-4.729075804,0.6636000672
335,-0.4844077021,4.035279685,0.5475755505,-0.4844077021,-4.035279685,0.5475755505
336,-1.336081595,6.034701371,3.203252339,-1.336081595,-6.034701371,3.203252339
337,-2.270353263,4.191693754,0.2799853408,-2.270353263,-4.191693754,0.2799853408
338,-1.387130736,5.746189946,1.832984758,-1.387130736,-5.746189946,1.832984758
339,-1.333658894,6.016937438,2.111192188,-1.333658894,-6.016937438,2.111192188
340,-2.808703501,5.612506352,2.350534857,-2.808703501,-5.612506352,2.350534857
341,-1.524498736,5.267664258,1.805530495,-1.524498736,-5.267664258,1.805530495
342,-1.84388636,6.445256236,2.632552316,-1.84388636,-6.445256236,2.632552316
343,-0.8174994629,6.331610723,1.438855848,-0.8174994629,-6.331610723,1.438855848
344,-3.472041176,3.718458897,2.76009988,-3.472041176,-3.718458897,2.76009988
345,-0.1173955065,6.30345761,1.425262676,-0.1173955065,-6.30345761,1.425262676
346,-1.749583312,5.311962618,0.9008072324,-1.749583312,-5.311962618,0.9008072324
347,-4.938638736,4.274601505,2.621837727,-4.938638736,-4.274601505,2.621837727
348,-4.088149297,5.980541254,4.497448209,-4.088149297,-5.980541254,4.497448209
349,-3.82211687,4.469813859,1.139914182,-3.82211687,-4.469813859,1.139914182
350,-2.264588507,5.935577651,4.124536643,-2.264588507,-5.935577651,4.124536643
351,-3.15513836,4.833763895,2.024712114,-3.15513836,-4.833763895,2.024712114
352,-2.986450779,4.969326023,3.940342647,-2.986450779,-4.969326023,3.940342647
353,-0.9845302833,5.497250584,0.8214884201,-0.9845302833,-5.497250584,0.8214884201
354,-2.442117646,4.160201914,4.529345713,-2.442117646,-4.160201914,4.529345713
355,-0.9970727927,5.08731752,4.249783004,-0.9970727927,-5.08731752,4.249783004
356,-1.650530189,6.182894864,1.163056084,-1.650530189,-6.182894864,1.163056084
357,-1.017254262,4.797173176,1.923077994,-1.017254262,-4.797173176,1.923077994
358,-2.811332936,3.655238657,2.934446397,-2.811332936,-3.655238657,2.934446397
359,-3.710740082,3.820341169,4.834856893,-3.710740082,-3.820341169,4.834856893
360,-3.727537541,5.814974806,1.687671828,-3.727537541,-5.814974806,1.687671828
361,-4.1449366,5.857435715,4.37993077,-4.1449366,-5.857435715,4.37993077
362,-3.730477122,4.898460943,2.280663543,-3.730477122,-4.898460943,2.280663543
363,-2.04812965,3.711478753,2.078923085,-2.04812965,-3.711478753,2.078923085
364,-1.147483998,4.139024984,4.109544253,-1.147483998,-4.139024984,4.109544253
365,-4.019047474,5.146209915,3.151500426,-4.019047474,-5.146209915,3.151500426
366,-0.9985993314,3.798451755,4.382228203,-0.9985993314,-3.798451755,4.382228203
367,-2.203142535,4.448225786,0.2584671543,-2.203142535,-4.448225786,0.2584671543
368,-1.337573385,5.558780642,3.761259864,-1.337573385,-5.558780642,3.761259864
369,-3.594796955,5.124227943,2.363007784,-3.594796955,-5.124227943,2.363007784
370,-0.02790447233,4.135341474,4.375776837,-0.02790447233,-4.135341474,4.375776837
371,-4.811098527,5.604749679,0.8965586908,-4.811098527,-5.604749679,0.8965586908
372,-3.095803439,4.812284518,2.017909159,-3.095803439,-4.812284518,2.017909159
373,-2.968448838,5.30042884,3.545079346,-2.968448838,-5.30042884,3.545079346
374,-4.473486379,3.669665835,1.544075741,-4.473486379,-3.669665835,1.544075741
375,-2.874353068,5.06053423,2.677515984,-2.874353068,-5.06053423,2.677515984
376,-0.5484314765,5.471708403,1.066213328,-0.5484314765,-5.471708403,1.066213328
377,-0.7102189826,3.569745731,0.04131707025,-0.7102189826,-3.569745731,0.04131707025
378,-0.5931792345,4.158815203,2.677344884,-0.5931792345,-4.158815203,2.677344884
379,-0.4543875247,6.151223607,4.061865961,-0.4543875247,-6.151223607,4.061865961
380,-4.757495618,5.755292807,4.961019031,-4.757495618,-5.755292807,4.961019031
381,-2.596106814,4.344235158,2.256193702,-2.596106814,-4.344235158,2.256193702
382,-4.767490181,5.628946378,4.901654271,-4.767490181,-5.628946378,4.901654271
383,-2.979523856,5.624877961,0.6494825316,-2.979523856,-5.624877961,0.6494825316
384,-0.9674365147,4.760504329,4.574907202,-0.9674365147,-4.760504329,4.574907202
385,-3.541426879,5.229958941,3.049456197,-3.541426879,-5.229958941,3.049456197
386,-3.548051689,5.077373706,3.951717523,-3.548051689,-5.077373706,3.951717523
387,-1.057453773,4.827437528,1.863197097,-1.057453773,-4.827437528,1.863197097
388,-1.183964417,3.539034587,1.610134982,-1.183964417,-3.539034587,1.610134982
389,-4.969468045,4.211990254,4.248259466,-4.969468045,-4.211990254,4.248259466
390,-3.322758278,4.326357194,1.19451101,-3.322758278,-4.326357194,1.19451101
391,-2.753063531,4.360529551,3.580845117,-2.753063531,-4.360529551,3.580845117
392,-1.763669349,5.964538206,0.186856639,-1.763669349,-5.964538206,0.186856639
393,-0.8106251426,6.488626778,3.944541014,-0.8106251426,-6.488626778,3.944541014
394,-0.1867304468,4.013852643,3.320496816,-0.1867304468,-4.013852643,3.320496816
395,-4.394571915,4.742837207,4.930618251,-4.394571915,-4.742837207,4.930618251
396,-3.95947361,5.093030606,3.647548077,-3.95947361,-5.093030606,3.647548077
397,-0.8205068016,6.243354833,4.972687028,-0.8205068016,-6.243354833,4.972687028
398,-4.890474111,4.690187234,2.510827778,-4.890474111,-4.690187234,2.510827778
399,-2.104789617,5.363085706,3.582765135,-2.104789617,-5.363085706,3.582765135
400,-1.914876818,3.683638891,4.124782858,-1.914876818,-3.683638891,4.124782858
401,-4.92994467,3.759318679,2.721328218,-4.92994467,-3.759318679,2.721328218
402,-2.800079115,4.691772578,2.061769918,-2.800079115,-4.691772578,2.061769918
403,-0.4193476654,6.238287243,4.520089901,-0.4193476654,-6.238287243,4.520089901
404,-2.429044954,4.733924447,3.107987705,-2.429044954,-4.733924447,3.107987705
405,-1.895486915,4.366011365,0.2231451886,-1.895486915,-4.366011365,0.2231451886
406,-4.649030385,3.883866427,2.901671786,-4.649030385,-3.883866427,2.901671786
407,-0.5500291972,5.785222054,2.45036604,-0.5500291972,-5.785222054,2.45036604
408,-3.925147787,6.289267441,2.714528671,-3.925147787,-6.289267441,2.714528671
409,-4.605874366,4.761612683,0.2878480655,-4.605874366,-4.761612683,0.2878480655
410,-0.4871785725,5.504040616,0.1711678987,-0.4871785725,-5.504040616,0.1711678987
411,-4.07888188,3.976218837,2.735697001,-4.07888188,-3.976218837,2.735697001
412,-3.445949202,5.4098279,4.621458705,-3.445949202,-5.4098279,4.621458705
413,-3.01816583,6.276861951,3.296039291,-3.01816583,-6.276861951,3.296039291
414,-1.639645068,6.196414326,1.053901875,-1.639645068,-6.196414326,1.053901875
415,-3.127572962,3.882133148,4.957015535,-3.127572962,-3.882133148,4.957015535
416,-0.1735081126,6.021371285,1.646481025,-0.1735081126,-6.021371285,1.646481025
417,-3.846586495,4.637564901,0.1554532905,-3.846586495,-4.637564901,0.1554532905
418,-3.676912259,3.903856783,0.3429073691,-3.676912259,-3.903856783,0.3429073691
419,-0.3364917517,3.706009892,2.006334343,-0.3364917517,-3.706009892,2.006334343
420,-1.923945889,4.437769657,0.7801627556,-1.923945889,-4.437769657,0.7801627556
421,-3.807843051,3.74279268,2.836107857,-3.807843051,-3.74279268,2.836107857
422,-2.367078082,5.581265125,3.80688556,-2.367078082,-5.581265125,3.80688556
423,-1.309390303,3.980250351,0.9050161776,-1.309390303,-3.980250351,0.9050161776
424,-2.303593462,5.623263356,1.066155494,-2.303593462,-5.623263356,1.066155494
425,-0.4385609608,5.904543791,4.847191212,-0.4385609608,-5.904543791,4.847191212
426,-4.332227837,4.707668831,1.280971958,-4.332227837,-4.707668831,1.280971958
427,-3.53189551,3.638190371,4.383254145,-3.53189551,-3.638190371,4.383254145
428,-0.7294268109,5.761590956,0.1021606383,-0.7294268109,-5.761590956,0.1021606383
429,-1.243661626,5.892100776,0.9960463553,-1.243661626,-5.892100776,0.9960463553
430,-4.66310448,6.308312906,1.548182976,-4.66310448,-6.308312906,1.548182976
431,-4.156010498,4.177833571,4.62411076,-4.156010498,-4.177833571,4.62411076
432,-0.3145543851,6.416869869,4.091599833,-0.3145543851,-6.416869869,4.091599833
433,-3.208915684,5.990522525,4.778404834,-3.208915684,-5.990522525,4.778404834
434,-0.05973536477,5.650018803,4.500588578,-0.05973536477,-5.650018803,4.500588578
435,-4.457767055,6.111067569,2.474881195,-4.457767055,-6.111067569,2.474881195
436,-4.698621929,4.507631492,3.314430981,-4.698621929,-4.507631492,3.314430981
437,-0.5165683259,4.117676412,2.789061755,-0.5165683259,-4.117676412,2.789061755
438,-3.16039943,5.944020882,2.773354839,-3.16039943,-5.944020882,2.773354839
439,-1.221476279,4.336028341,1.859209752,-1.221476279,-4.336028341,1.859209752
440,-4.263350146,4.470690459,2.605272842,-4.263350146,-4.470690459,2.605272842
441,-3.639848445,5.847923853,3.613468765,-3.639848445,-5.847923853,3.613468765
442,-1.597294687,6.280125694,0.03015541714,-1.597294687,-6.280125694,0.03015541714
443,-4.781565507,5.983363967,0.08530262069,-4.781565507,-5.983363967,0.08530262069
444,-4.815021758,4.365549509,4.927983095,-4.815021758,-4.365549509,4.927983095
445,-2.860338967,4.963033889,3.763267054,-2.860338967,-4.963033889,3.763267054
446,-3.974493454,3.624438154,1.345049779,-3.974493454,-3.624438154,1.345049779
447,-4.961777312,3.668983236,0.2387445027,-4.961777312,-3.668983236,0.2387445027
448,-2.738589486,6.262814576,0.4180544958,-2.738589486,-6.262814576,0.4180544958
449,-3.651596414,3.892111296,0.3525666181,-3.651596414,-3.892111296,0.3525666181
450,-4.40225037,6.0400479,2.673778496,-4.40225037,-6.0400479,2.673778496
451,-4.691547956,4.936462906,1.872838368,-4.691547956,-4.936462906,1.872838368
452,-4.832173207,6.071620448,3.327678454,-4.832173207,-6.071620448,3.327678454
453,-0.3030746436,4.112285691,4.376818722,-0.3030746436,-4.112285691,4.376818722
454,-2.441450968,4.335968348,1.236528385,-2.441450968,-4.335968348,1.236528385
455,-1.650667994,5.991621351,0.7650562782,-1.650667994,-5.991621351,0.7650562782
456,-3.516070828,3.991337544,0.1530432489,-3.516070828,-3.991337544,0.1530432489
457,-2.620320879,6.260619444,4.652417464,-2.620320879,-6.260619444,4.652417464
458,-1.312970051,6.11426817,1.744571157,-1.312970051,-6.11426817,1.744571157
459,-0.8958701069,5.619853854,2.59509802,-0.8958701069,-5.619853854,2.59509802
460,-3.877005156,5.021856697,3.849418436,-3.877005156,-5.021856697,3.849418436
461,-3.53057536,6.355153114,0.7027065146,-3.53057536,-6.355153114,0.7027065146
462,-4.008931804,5.668733143,4.794778734,-4.008931804,-5.668733143,4.794778734
463,-1.056777271,6.43365887,4.018223172,-1.056777271,-6.43365887,4.018223172
464,-3.056182658,4.434520531,1.446797777,-3.056182658,-4.434520531,1.446797777
465,-2.947321861,4.139218122,3.134854093,-2.947321861,-4.139218122,3.134854093
466,-4.506341958,6.390546909,3.42887523,-4.506341958,-6.390546909,3.42887523
467,-3.353681514,6.323373021,2.75693135,-3.353681514,-6.323373021,2.75693135
468,-4.818841417,3.792293512,0.5673536046,-4.818841417,-3.792293512,0.5673536046
469,-0.3029976813,5.14810721,2.342099373,-0.3029976813,-5.14810721,2.342099373
470,-4.628289238,5.257374723,1.808380711,-4.628289238,-5.257374723,1.808380711
471,-1.385916417,6.178465423,1.014734841,-1.385916417,-6.178465423,1.014734841
472,-2.753316507,5.013037948,4.315678658,-2.753316507,-5.013037948,4.315678658
473,-4.745989712,4.65090392,0.6871634504,-4.745989712,-4.65090392,0.6871634504
474,-1.223887946,4.621885159,1.19155841,-1.223887946,-4.621885159,1.19155841
475,-0.3671217028,5.609831675,3.727677217,-0.3671217028,-5.609831675,3.727677217
476,-4.439253614,4.093783627,3.763771667,-4.439253614,-4.093783627,3.763771667
477,-3.116201962,4.142734061,4.6751552,-3.116201962,-4.142734061,4.6751552
478,-3.245362538,4.874141244,2.915275797,-3.245362538,-4.874141244,2.915275797
479,-2.242489982,3.535359152,4.912418483,-2.242489982,-3.535359152,4.912418483
480,-1.097450898,6.456655634,2.784946017,-1.097450898,-6.456655634,2.784946017
481,-1.462899914,4.553912268,2.008092632,-1.462899914,-4.553912268,2.008092632
482,-3.989149274,5.629442868,0.8825437525,-3.989149274,-5.629442868,0.8825437525
483,-2.913123607,6.091626478,1.644119367,-2.913123607,-6.091626478,1.644119367
484,-2.687914731,6.43864526,1.304319554,-2.687914731,-6.43864526,1.304319554
485,-1.049195888,4.802417672,3.828200045,-1.049195888,-4.802417672,3.828200045
486,-0.2376191384,5.8890985,2.135596459,-0.2376191384,-5.8890985,2.135596459
487,-4.613918186,6.403930609,1.003024339,-4.613918186,-6.403930609,1.003024339
488,-2.158061923,5.227684419,0.1282701787,-2.158061923,-5.227684419,0.1282701787
489,-4.499457099,3.744844791,4.903427868,-4.499457099,-3.744844791,4.903427868
490,-2.288999709,4.136255156,3.4547297,-2.288999709,-4.136255156,3.4547297
491,-0.3439303652,4.284925709,0.6655527433,-0.3439303652,-4.284925709,0.6655527433
492,-4.559606176,4.546506839,3.391216441,-4.559606176,-4.546506839,3.391216441
493,-1.989080666,4.978434715,3.986183703,-1.989080666,-4.978434715,3.986183703
494,-1.895303552,3.562311751,4.564714404,-1.895303552,-3.562311751,4.564714404
495,-3.131974377,3.938989647,3.683875733,-3.131974377,-3.938989647,3.683875733
496,-2.050516641,5.603551899,3.315311369,-2.050516641,-5.603551899,3.315311369
497,-1.150494394,6.313004819,3.085052291,-1.150494394,-6.313004819,3.085052291
498,-3.941543885,4.571590917,4.453454594,-3.941543885,-4.571590917,4.453454594
499,-0.8352313342,5.225024463,2.397368439,-0.8352313342,-5.225024463,2.397368439
500,-4.377536631,4.266692198,1.417113334,-4.377536631,-4.266692198,1.417113334
501,-2.674905672,6.066554297,2.929316642,-2.674905672,-6.066554297,2.929316642
502,-2.29424837,6.382842033,1.511661247,-2.29424837,-6.382842033,1.511661247
503,-2.11494654,3.974727894,0.3499904025,-2.11494654,-3.974727894,0.3499904025
504,-1.295106086,5.070837074,0.5150235521,-1.295106086,-5.070837074,0.5150235521
505,-1.426235412,5.642035062,2.47738952,-1.426235412,-5.642035062,2.47738952
506,-0.6232553994,3.935797157,0.6876630009,-0.6232553994,-3.935797157,0.6876630009
507,-1.210824683,5.276463734,4.549563563,-1.210824683,-5.276463734,4.549563563
508,-3.518127578,4.544490143,2.892256903,-3.518127578,-4.544490143,2.892256903
509,-0.2518380713,6.115237367,2.922795501,-0.2518380713,-6.115237367,2.922795501
510,-0.1580048578,5.419399478,1.618079429,-0.1580048578,-5.419399478,1.618079429
511,-3.144527238,3.516691954,3.398079221,-3.144527238,-3.516691954,3.398079221
512,-2.228872795,6.433110451,1.752341013,-2.228872795,-6.433110451,1.752341013
513,-0.5740228713,4.804951771,1.285138069,-0.5740228713,-4.804951771,1.285138069
514,-3.278013355,5.56547274,0.7429302955,-3.278013355,-5.56547274,0.7429302955
515,-2.022711335,4.321505697,3.146580163,-2.022711335,-4.321505697,3.146580163
516,-3.862422772,4.708651687,0.6676112768,-3.862422772,-4.708651687,0.6676112768
517,-0.2770538625,5.00652846,0.3385239221,-0.2770538625,-5.00652846,0.3385239221
518,-4.556947895,5.397498467,2.742859334,-4.556947895,-5.397498467,2.742859334
519,-3.181338869,6.360159916,2.783828576,-3.181338869,-6.360159916,2.783828576
520,-1.880390863,5.784925164,4.065900937,-1.880390863,-5.784925164,4.065900937
521,-0.366223363,4.248667898,0.3262040149,-0.366223363,-4.248667898,0.3262040149
522,-4.380690602,6.388815804,2.246500791,-4.380690602,-6.388815804,2.246500791
523,-0.01552787801,4.260559989,3.854882701,-0.01552787801,-4.260559989,3.854882701
524,-0.5092770213,4.107459752,0.926596786,-0.5092770213,-4.107459752,0.926596786
525,-2.368755549,3.580734595,3.637733525,-2.368755549,-3.580734595,3.637733525
526,-4.54201256,4.967958102,0.6476180392,-4.54201256,-4.967958102,0.6476180392
527,-3.473000067,4.643515944,2.823872833,-3.473000067,-4.643515944,2.823872833
528,-1.967653246,5.254300321,3.764461608,-1.967653246,-5.254300321,3.764461608
529,-3.470710651,3.514100765,1.383737355,-3.470710651,-3.514100765,1.383737355
530,-0.2779521145,6.010987933,0.04449707271,-0.2779521145,-6.010987933,0.04449707271
531,-1.354224228,5.508154655,4.244676868,-1.354224228,-5.508154655,4.244676868
532,-3.535482199,5.870713743,0.6681001688,-3.535482199,-5.870713743,0.6681001688
533,-0.9397250154,6.325983878,0.5934119712,-0.9397250154,-6.325983878,0.5934119712
534,-4.060718564,6.38159133,1.768177309,-4.060718564,-6.38159133,1.768177309
535,-0.7586406015,3.895215575,3.183863054,-0.7586406015,-3.895215575,3.183863054
536,-3.929223924,4.166042998,4.62966907,-3.929223924,-4.166042998,4.62966907
537,-1.470337723,4.487955701,2.581178549,-1.470337723,-4.487955701,2.581178549
538,-3.078919651,5.719339635,0.7014552185,-3.078919651,-5.719339635,0.7014552185
539,-0.243891164,4.918044979,0.05217970325,-0.243891164,-4.918044979,0.05217970325
540,-4.837983781,4.324973647,1.653413154,-4.837983781,-4.324973647,1.653413154
541,-4.706814767,5.003758946,1.88144506,-4.706814767,-5.003758946,1.88144506
542,-4.753138156,3.534927115,3.607196007,-4.753138156,-3.534927115,3.607196007
543,-3.523769776,3.882936536,0.2440377565,-3.523769776,-3.882936536,0.2440377565
544,-3.148809819,4.028250764,2.162831092,-3.148809819,-4.028250764,2.162831092
545,-3.347800541,4.432281893,1.03422228,-3.347800541,-4.432281893,1.03422228
546,-2.818357417,5.248339728,4.982343273,-2.818357417,-5.248339728,4.982343273
547,-3.820646235,5.321054247,4.758843174,-3.820646235,-5.321054247,4.758843174
548,-2.343347285,5.339407298,4.039755325,-2.343347285,-5.339407298,4.039755325
549,-4.917786289,5.331497753,4.419377969,-4.917786289,-5.331497753,4.419377969
550,-0.4754644969,6.101808846,2.533113549,-0.4754644969,-6.101808846,2.533113549
551,-2.309405169,4.323508126,1.283702879,-2.309405169,-4.323508126,1.283702879
552,-2.783409593,6.494339147,0.2233536124,-2.783409593,-6.494339147,0.2233536124
553,-2.502301959,3.787892113,4.283603106,-2.502301959,-3.787892113,4.283603106
554,-1.865036051,5.894053759,1.227219199,-1.865036051,-5.894053759,1.227219199
555,-0.4424824563,5.609240268,3.053941078,-0.4424824563,-5.609240268,3.053941078
556,-0.1196287873,3.629584161,4.173038142,-0.1196287873,-3.629584161,4.173038142
557,-3.486900735,3.59335626,4.081702176,-3.486900735,-3.59335626,4.081702176
558,-3.648835777,5.215712935,0.02056077314,-3.648835777,-5.215712935,0.02056077314
559,-4.329367948,6.262213373,0.1760261983,-4.329367948,-6.262213373,0.1760261983
560,-3.855195756,5.202937865,2.656495506,-3.855195756,-5.202937865,2.656495506
561,-1.61442021,6.497741654,3.262610146,-1.61442021,-6.497741654,3.262610146
562,-4.797932369,5.318014126,3.778683558,-4.797932369,-5.318014126,3.778683558
563,-4.758986096,4.049981535,4.996923613,-4.758986096,-4.049981535,4.996923613
564,-4.175807262,3.796559781,2.262524946,-4.175807262,-3.796559781,2.262524946
565,-3.480667691,3.800226282,3.670575147,-3.480667691,-3.800226282,3.670575147
566,-4.781072488,5.917631538,4.617394309,-4.781072488,-5.917631538,4.617394309
567,-3.899650621,4.680057254,4.534553318,-3.899650621,-4.680057254,4.534553318
568,-4.517284871,6.147999619,3.75809956,-4.517284871,-6.147999619,3.75809956
569,-0.9255906125,6.346358647,0.8032380398,-0.9255906125,-6.346358647,0.8032380398
570,-3.222917749,6.130325952,1.87228451,-3.222917749,-6.130325952,1.87228451
571,-4.188831878,6.263576072,3.945945637,-4.188831878,-6.263576072,3.945945637
572,-4.98393289,4.628594693,1.910045572,-4.98393289,-4.628594693,1.910045572
573,-0.6451598577,4.770102793,3.27087773,-0.6451598577,-4.770102793,3.27087773
574,-2.75898362,6.334363035,3.17351071,-2.75898362,-6.334363035,3.17351071
575,-1.433764434,4.637595037,0.5028509575,-1.433764434,-4.637595037,0.5028509575
576,-2.65355483,3.981464492,2.673953304,-2.65355483,-3.981464492,2.673953304
577,-1.748603899,4.561421428,0.9348782429,-1.748603899,-4.561421428,0.9348782429
578,-1.252595243,4.091852958,0.6500301164,-1.252595243,-4.091852958,0.6500301164
579,-2.683958437,6.047947777,2.568976514,-2.683958437,-6.047947777,2.568976514
580,-4.009150252,4.942850668,4.716419459,-4.009150252,-4.942850668,4.716419459
581,-0.9162985498,4.249893573,1.368516963,-0.9162985498,-4.249893573,1.368516963
582,-4.758897415,5.302053566,1.116596313,-4.758897415,-5.302053566,1.116596313
583,-0.007971575443,4.013914675,2.628683879,-0.007971575443,-4.013914675,2.628683879
584,-2.222662108,4.400824941,3.081438585,-2.222662108,-4.400824941,3.081438585
585,-3.275530145,5.673574475,0.4794583698,-3.275530145,-5.673574475,0.4794583698
586,-3.621939153,3.525326273,2.207165301,-3.621939153,-3.525326273,2.207165301
587,-3.909333659,3.984052951,2.503896403,-3.909333659,-3.984052951,2.503896403
588,-2.78275057,5.994409963,4.437744663,-2.78275057,-5.994409963,4.437744663
589,-0.104515579,4.949766151,1.360878838,-0.104515579,-4.949766151,1.360878838
590,-0.873073637,3.89983451,2.809970244,-0.873073637,-3.89983451,2.809970244
591,-4.75030863,3.649366441,2.51413174,-4.75030863,-3.649366441,2.51413174
592,-0.006417638308,3.523933825,0.7511248382,-0.006417638308,-3.523933825,0.7511248382
593,-1.99947211,5.380578974,0.6969362207,-1.99947211,-5.380578974,0.6969362207
594,-4.662394216,6.275220614,0.8323691399,-4.662394216,-6.275220614,0.8323691399
595,-2.217213681,3.505581776,4.483984769,-2.217213681,-3.505581776,4.483984769
596,-4.303410018,4.229958617,1.414209003,-4.303410018,-4.229958617,1.414209003
597,-3.195200999,5.11112439,4.338338687,-3.195200999,-5.11112439,4.338338687
598,-4.799653824,6.108397976,4.277675013,-4.799653824,-6.108397976,4.277675013
599,-1.55730855,4.450633854,1.183052626,-1.55730855,-4.450633854,1.183052626
600,-0.6726777356,3.903400508,2.835961557,-0.6726777356,-3.903400508,2.835961557
601,-4.316556202,5.911889907,2.985053118,-4.316556202,-5.911889907,2.985053118
602,-2.607090247,5.306241048,2.851528381,-2.607090247,-5.306241048,2.851528381
603,-1.044803415,5.866547403,1.995209504,-1.044803415,-5.866547403,1.995209504
604,-2.801770703,4.913480306,4.244079442,-2.801770703,-4.913480306,4.244079442
605,-1.956338596,4.979309851,0.265735474,-1.956338596,-4.979309851,0.265735474
606,-3.193805481,3.558356189,1.831972369,-3.193805481,-3.558356189,1.831972369
607,-2.892325916,5.766740212,1.357297786,-2.892325916,-5.766740212,1.357297786
608,-4.312903173,3.582917253,3.985728744,-4.312903173,-3.582917253,3.985728744
609,-4.124566308,5.139754307,3.887254262,-4.124566308,-5.139754307,3.887254262
610,-4.94982922,5.780264555,2.735244486,-4.94982922,-5.780264555,2.735244486
611,-4.614223978,5.190357422,2.781721144,-4.614223978,-5.190357422,2.781721144
612,-4.15351971,3.901302394,1.92552575,-4.15351971,-3.901302394,1.92552575
613,-0.794739162,4.302120656,0.9427144337,-0.794739162,-4.302120656,0.9427144337
614,-2.527715007,5.083225788,1.388399802,-2.527715007,-5.083225788,1.388399802
615,-4.669372863,5.094583069,2.083086762,-4.669372863,-5.094583069,2.083086762
616,-1.864547719,6.347861312,0.6343981359,-1.864547719,-6.347861312,0.6343981359
617,-3.484626668,5.432924267,0.9126819589,-3.484626668,-5.432924267,0.9126819589
618,-1.830500581,4.201579929,3.380229436,-1.830500581,-4.201579929,3.380229436
619,-0.0636928632,3.533960818,3.765958442,-0.0636928632,-3.533960818,3.765958442
620,-0.4761232334,5.59383928,0.9389350269,-0.4761232334,-5.59383928,0.9389350269
621,-2.05227503,5.725241963,4.371846531,-2.05227503,-5.725241963,4.371846531
622,-3.557088778,4.541884205,4.503545307,-3.557088778,-4.541884205,4.503545307
623,-4.476371238,5.922591929,4.398946044,-4.476371238,-5.922591929,4.398946044
624,-0.07842711396,6.072515314,1.058064754,-0.07842711396,-6.072515314,1.058064754
625,-0.6623407071,4.999078592,1.92214732,-0.6623407071,-4.999078592,1.92214732
626,-0.6695799554,3.970269557,4.724747055,-0.6695799554,-3.970269557,4.724747055
627,-3.388825225,3.650664403,1.199772343,-3.388825225,-3.650664403,1.199772343
628,-3.694371684,4.841375745,2.992373107,-3.694371684,-4.841375745,2.992373107
629,-3.183524459,3.705681934,1.413430111,-3.183524459,-3.705681934,1.413430111
630,-4.741815874,6.125338398,3.420694439,-4.741815874,-6.125338398,3.420694439
631,-2.641727794,5.271102282,2.986619439,-2.641727794,-5.271102282,2.986619439
632,-3.941228784,3.816249907,0.05110244007,-3.941228784,-3.816249907,0.05110244007
633,-1.114791442,4.212046624,2.083987799,-1.114791442,-4.212046624,2.083987799
634,-1.524370506,5.433577174,1.108255948,-1.524370506,-5.433577174,1.108255948
635,-3.82295955,3.885212455,4.112974678,-3.82295955,-3.885212455,4.112974678
636,-4.109891993,5.331235316,0.4028492325,-4.109891993,-5.331235316,0.4028492325
637,-4.506229689,5.314306878,1.855880419,-4.506229689,-5.314306878,1.855880419
638,-2.218449818,5.112651961,3.65850797,-2.218449818,-5.112651961,3.65850797
639,-3.898138242,5.238038905,4.996356322,-3.898138242,-5.238038905,4.996356322
640,-0.7133164439,6.071012915,3.318201851,-0.7133164439,-6.071012915,3.318201851
641,-3.239809973,6.169927832,3.653715832,-3.239809973,-6.169927832,3.653715832
642,-3.889639308,5.275105592,4.035410377,-3.889639308,-5.275105592,4.035410377
643,-2.535416216,5.384723244,0.3757167849,-2.535416216,-5.384723244,0.3757167849
644,-1.259783644,3.733675792,2.336040567,-1.259783644,-3.733675792,2.336040567
645,-2.465977505,4.048569024,3.280613975,-2.465977505,-4.048569024,3.280613975
646,-0.172165103,5.790874092,3.92788503,-0.172165103,-5.790874092,3.92788503
647,-3.647526283,3.608504159,3.487982528,-3.647526283,-3.608504159,3.487982528
648,-0.991986125,4.312468213,2.92994482,-0.991986125,-4.312468213,2.92994482
649,-1.953918227,6.480201314,0.08136548033,-1.953918227,-6.480201314,0.08136548033
650,-1.915308413,4.83168669,3.254575607,-1.915308413,-4.83168669,3.254575607
651,-2.776594158,3.55907627,0.9411053044,-2.776594158,-3.55907627,0.9411053044
652,-0.5995339493,4.63385717,1.377131497,-0.5995339493,-4.63385717,1.377131497
653,-4.606506024,5.526521341,2.350333947,-4.606506024,-5.526521341,2.350333947
654,-1.705845594,6.003812923,4.4121695,-1.705845594,-6.003812923,4.4121695
655,-4.081024943,6.336862684,4.179162587,-4.081024943,-6.336862684,4.179162587
656,-3.460330415,5.757128173,1.439573751,-3.460330415,-5.757128173,1.439573751
657,-4.415352809,4.017919074,2.20044272,-4.415352809,-4.017919074,2.20044272
658,-1.263854268,3.677769756,0.3110129586,-1.263854268,-3.677769756,0.3110129586
659,-4.848812485,5.474343833,4.084460697,-4.848812485,-5.474343833,4.084460697
660,-0.7953706256,6.027225099,1.155426039,-0.7953706256,-6.027225099,1.155426039
661,-3.687046206,3.683212214,4.39962229,-3.687046206,-3.683212214,4.39962229
662,-1.553960563,4.544498418,0.6958532923,-1.553960563,-4.544498418,0.6958532923
663,-1.657904669,6.459918357,0.4422562936,-1.657904669,-6.459918357,0.4422562936
664,-1.231866898,5.977823543,3.508609926,-1.231866898,-5.977823543,3.508609926
665,-3.458574589,5.153076006,0.5023867904,-3.458574589,-5.153076006,0.5023867904
666,-2.080073786,3.567170077,4.984892015,-2.080073786,-3.567170077,4.984892015
667,-0.5318026771,4.612861057,2.705625767,-0.5318026771,-4.612861057,2.705625767
668,-2.661204686,3.905652979,1.995387437,-2.661204686,-3.905652979,1.995387437
669,-4.638102293,4.840554421,3.456745881,-4.638102293,-4.840554421,3.456745881
670,-3.238883825,4.356178039,1.876936345,-3.238883825,-4.356178039,1.876936345
671,-3.697356066,3.749775534,2.741179907,-3.697356066,-3.749775534,2.741179907
672,-3.951086869,4.779854733,0.1389795669,-3.951086869,-4.779854733,0.1389795669
673,-0.5566726471,3.693251407,3.75044671,-0.5566726471,-3.693251407,3.75044671
674,-3.79587188,3.572021837,1.274286098,-3.79587188,-3.572021837,1.274286098
675,-2.841758005,4.183527594,4.010729035,-2.841758005,-4.183527594,4.010729035
676,-2.025323982,5.211687979,2.81676294,-2.025323982,-5.211687979,2.81676294
677,-4.297079778,5.771762302,1.075581318,-4.297079778,-5.771762302,1.075581318
678,-4.51731357,6.256688079,2.648096259,-4.51731357,-6.256688079,2.648096259
679,-3.087032663,5.164979786,4.949674287,-3.087032663,-5.164979786,4.949674287
680,-1.060080791,5.490167614,1.859301114,-1.060080791,-5.490167614,1.859301114
681,-1.378066256,3.537614651,0.4368819602,-1.378066256,-3.537614651,0.4368819602
682,-3.742727166,4.008779781,0.8333057289,-3.742727166,-4.008779781,0.8333057289
683,-3.252846157,3.915934978,2.139809973,-3.252846157,-3.915934978,2.139809973
684,-0.06199000229,6.188242971,3.756449296,-0.06199000229,-6.188242971,3.756449296
685,-0.1151640428,3.631450218,3.606567233,-0.1151640428,-3.631450218,3.606567233
686,-1.214448842,3.651046431,0.3818254194,-1.214448842,-3.651046431,0.3818254194
687,-1.362260587,3.908530524,1.242388641,-1.362260587,-3.908530524,1.242388641
688,-2.891396395,4.561898202,3.462992029,-2.891396395,-4.561898202,3.462992029
689,-3.253913714,4.78839011,0.8373912789,-3.253913714,-4.78839011,0.8373912789
690,-2.794492473,4.491113164,3.025528908,-2.794492473,-4.491113164,3.025528908
691,-4.760092108,4.021913648,0.5567132278,-4.760092108,-4.021913648,0.5567132278
692,-0.8730962075,4.901079814,0.2347545301,-0.8730962075,-4.901079814,0.2347545301
693,-0.2768594802,5.372486291,3.785586354,-0.2768594802,-5.372486291,3.785586354
694,-0.7935775321,4.447108334,4.504692532,-0.7935775321,-4.447108334,4.504692532
695,-1.659819962,4.651360631,3.500185807,-1.659819962,-4.651360631,3.500185807
696,-2.497286368,6.146629784,4.145850837,-2.497286368,-6.146629784,4.145850837
697,-0.1226318386,3.815873462,3.6666771,-0.1226318386,-3.815873462,3.6666771
698,-2.513185846,6.199534666,2.002881783,-2.513185846,-6.199534666,2.002881783
699,-0.4125356965,5.758092998,2.267655672,-0.4125356965,-5.758092998,2.267655672
700,-2.355043826,6.461426195,0.4387136653,-2.355043826,-6.461426195,0.4387136653
701,-3.923592433,5.020695621,3.769688229,-3.923592433,-5.020695621,3.769688229
702,-3.258734495,5.139130083,1.695882714,-3.258734495,-5.139130083,1.695882714
703,-4.300206681,4.229875409,0.4210739887,-4.300206681,-4.229875409,0.4210739887
704,-2.375501104,4.036706098,3.140770371,-2.375501104,-4.036706098,3.140770371
705,-1.767934046,4.523094739,2.589050886,-1.767934046,-4.523094739,2.589050886
706,-4.520428584,5.207609999,2.470128496,-4.520428584,-5.207609999,2.470128496
707,-3.195572849,3.773068531,2.184875392,-3.195572849,-3.773068531,2.184875392
708,-2.635991347,4.226070863,4.445113914,-2.635991347,-4.226070863,4.445113914
709,-1.422785574,5.928506144,2.99855553,-1.422785574,-5.928506144,2.99855553
710,-3.238083862,4.774084672,1.69517453,-3.238083862,-4.774084672,1.69517453
711,-4.002278347,5.876146075,0.778173434,-4.002278347,-5.876146075,0.778173434
712,-1.501783387,6.129944302,2.19723805,-1.501783387,-6.129944302,2.19723805
713,-0.416793342,5.806220798,4.087987678,-0.416793342,-5.806220798,4.087987678
714,-4.067186476,6.454589981,2.045123814,-4.067186476,-6.454589981,2.045123814
715,-4.39138397,5.172769201,2.201766776,-4.39138397,-5.172769201,2.201766776
716,-0.6186326186,5.002280807,4.455884881,-0.6186326186,-5.002280807,4.455884881
717,-0.8738096159,3.878630995,0.5106209683,-0.8738096159,-3.878630995,0.5106209683
718,-3.345682784,6.265571889,4.755509041,-3.345682784,-6.265571889,4.755509041
719,-3.984192178,4.789350103,4.516122116,-3.984192178,-4.789350103,4.516122116
720,-4.329220713,6.319091829,2.503280982,-4.329220713,-6.319091829,2.503280982
721,-4.013734242,5.956790991,4.448532529,-4.013734242,-5.956790991,4.448532529
722,-1.02447021,4.704310156,4.374987446,-1.02447021,-4.704310156,4.374987446
723,-3.796357154,5.987619889,0.7959085463,-3.796357154,-5.987619889,0.7959085463
724,-0.4136630358,5.034883322,1.868511356,-0.4136630358,-5.034883322,1.868511356
725,-3.292219578,3.658881629,2.592742002,-3.292219578,-3.658881629,2.592742002
726,-0.1692835499,4.270168044,3.025307061,-0.1692835499,-4.270168044,3.025307061
727,-3.454540726,3.607053652,1.627327609,-3.454540726,-3.607053652,1.627327609
728,-4.664611932,4.458370439,4.89751041,-4.664611932,-4.458370439,4.89751041
729,-1.737863691,5.501881016,4.856469129,-1.737863691,-5.501881016,4.856469129
730,-2.767652592,5.580201132,3.418354072,-2.767652592,-5.580201132,3.418354072
731,-1.424413258,6.47509148,0.2263917701,-1.424413258,-6.47509148,0.2263917701
732,-0.6990856383,4.302858199,3.154124118,-0.6990856383,-4.302858199,3.154124118
733,-0.1636795151,4.479204611,2.892338618,-0.1636795151,-4.479204611,2.892338618
734,-0.4818285255,4.591057978,4.395691966,-0.4818285255,-4.591057978,4.395691966
735,-1.247591375,6.084928235,4.999472527,-1.247591375,-6.084928235,4.999472527
736,-3.582004433,4.809451789,3.46892311,-3.582004433,-4.809451789,3.46892311
737,-3.579042813,5.728286372,4.868153993,-3.579042813,-5.728286372,4.868153993
738,-4.677056184,4.516253451,0.5538568182,-4.677056184,-4.516253451,0.5538568182
739,-1.575136517,6.441233431,0.6418525574,-1.575136517,-6.441233431,0.6418525574
740,-1.290517894,6.402782197,2.76592577,-1.290517894,-6.402782197,2.76592577
741,-3.308984616,4.352036748,3.370900382,-3.308984616,-4.352036748,3.370900382
742,-1.524295622,3.823793699,3.597772261,-1.524295622,-3.823793699,3.597772261
743,-4.606536253,4.043496791,4.675676958,-4.606536253,-4.043496791,4.675676958
744,-1.783557581,5.11920722,3.892114603,-1.783557581,-5.11920722,3.892114603
745,-2.039609753,3.886822001,0.7549230528,-2.039609753,-3.886822001,0.7549230528
746,-0.2274703827,4.213780947,2.424999733,-0.2274703827,-4.213780947,2.424999733
747,-1.395619862,3.514781325,1.665617875,-1.395619862,-3.514781325,1.665617875
748,-0.4576515572,6.046470778,2.55060603,-0.4576515572,-6.046470778,2.55060603
749,-3.251585214,5.307071397,0.7277704337,-3.251585214,-5.307071397,0.7277704337
750,-0.4575506527,5.709023387,1.585143166,-0.4575506527,-5.709023387,1.585143166
751,-3.368658403,6.390502104,2.218727239,-3.368658403,-6.390502104,2.218727239
752,-3.067889362,4.2315771,4.095561808,-3.067889362,-4.2315771,4.095561808
753,-0.2780571792,4.822829283,1.475978388,-0.2780571792,-4.822829283,1.475978388
754,-3.889252257,4.943825967,3.681575702,-3.889252257,-4.943825967,3.681575702
755,-2.314929179,6.057434482,3.274367569,-2.314929179,-6.057434482,3.274367569
756,-2.772025069,5.95016014,3.385405092,-2.772025069,-5.95016014,3.385405092
757,-3.52901986,5.061530268,4.173110293,-3.52901986,-5.061530268,4.173110293
758,-4.330861122,4.407033887,0.4867602616,-4.330861122,-4.407033887,0.4867602616
759,-1.056321349,3.777491455,0.1207750618,-1.056321349,-3.777491455,0.1207750618
760,-1.816062357,5.885901567,1.110631025,-1.816062357,-5.885901567,1.110631025
761,-2.261071926,3.52898609,1.283659133,-2.261071926,-3.52898609,1.283659133
762,-1.313668639,4.785050808,0.02778576604,-1.313668639,-4.785050808,0.02778576604
763,-3.980093765,4.14389635,4.036722487,-3.980093765,-4.14389635,4.036722487
764,-3.521261677,3.642573667,1.013480117,-3.521261677,-3.642573667,1.013480117
765,-4.639662857,3.51703467,1.678954001,-4.639662857,-3.51703467,1.678954001
766,-3.164730145,3.658951613,2.665343311,-3.164730145,-3.658951613,2.665343311
767,-0.6276867286,6.199211588,2.449914719,-0.6276867286,-6.199211588,2.449914719
768,-3.655364822,6.104058388,4.198966293,-3.655364822,-6.104058388,4.198966293
769,-1.740342234,4.866512227,4.215004719,-1.740342234,-4.866512227,4.215004719
770,-2.525134864,5.636958139,3.237216973,-2.525134864,-5.636958139,3.237216973
771,-1.572528757,4.795272249,1.028162272,-1.572528757,-4.795272249,1.028162272
772,-1.974932621,6.469216061,4.300230597,-1.974932621,-6.469216061,4.300230597
773,-2.566193148,5.204169342,3.087256475,-2.566193148,-5.204169342,3.087256475
774,-4.995704044,3.549444212,3.666466894,-4.995704044,-3.549444212,3.666466894
775,-3.891067772,3.594407103,4.175043499,-3.891067772,-3.594407103,4.175043499
776,-4.711043134,6.318750064,0.605916433,-4.711043134,-6.318750064,0.605916433
777,-3.120540192,6.450865158,1.973514884,-3.120540192,-6.450865158,1.973514884
778,-0.09300657245,3.598285528,1.044833514,-0.09300657245,-3.598285528,1.044833514
779,-3.633795785,4.39941715,1.988679852,-3.633795785,-4.39941715,1.988679852
780,-2.037198825,4.820239845,0.3832399321,-2.037198825,-4.820239845,0.3832399321
781,-3.067191194,5.545832541,4.703842625,-3.067191194,-5.545832541,4.703842625
782,-2.980813014,4.335768048,0.09349200214,-2.980813014,-4.335768048,0.09349200214
783,-4.836824533,6.256616765,2.860412031,-4.836824533,-6.256616765,2.860412031
784,-1.106143195,5.145284674,1.537655115,-1.106143195,-5.145284674,1.537655115
785,-3.534883598,6.448018743,2.955014808,-3.534883598,-6.448018743,2.955014808
786,-0.5055815829,6.050416435,1.07613936,-0.5055815829,-6.050416435,1.07613936
787,-3.779608907,6.00182874,1.539579585,-3.779608907,-6.00182874,1.539579585
788,-0.07138952651,5.359226936,2.43848899,-0.07138952651,-5.359226936,2.43848899
789,-4.178268666,3.560467584,1.25716415,-4.178268666,-3.560467584,1.25716415
790,-0.9092978637,5.558004029,4.693497199,-0.9092978637,-5.558004029,4.693497199
791,-3.390705764,4.613561019,2.671271254,-3.390705764,-4.613561019,2.671271254
792,-1.619614696,6.449194709,2.209651479,-1.619614696,-6.449194709,2.209651479
793,-1.694685773,5.7774195,1.421529837,-1.694685773,-5.7774195,1.421529837
794,-3.218966779,4.535652096,4.223666045,-3.218966779,-4.535652096,4.223666045
795,-0.9309904277,3.900677755,4.525824342,-0.9309904277,-3.900677755,4.525824342
796,-0.9316728541,4.780229514,2.035497322,-0.9316728541,-4.780229514,2.035497322
797,-0.6141383095,6.376267048,2.35076927,-0.6141383095,-6.376267048,2.35076927
798,-4.719281128,6.395326802,2.189364568,-4.719281128,-6.395326802,2.189364568
799,-2.342546679,3.68371431,1.882021374,-2.342546679,-3.68371431,1.882021374
800,-2.662836935,4.112035864,1.064147178,-2.662836935,-4.112035864,1.064147178
801,-0.3292979031,4.967713795,2.077076624,-0.3292979031,-4.967713795,2.077076624
802,-3.103467588,4.270188683,4.130945359,-3.103467588,-4.270188683,4.130945359
803,-3.941484504,5.729570973,0.8003381386,-3.941484504,-5.729570973,0.8003381386
804,-4.486974688,4.370414203,4.304049848,-4.486974688,-4.370414203,4.304049848
805,-0.01303085918,3.677446328,1.788392129,-0.01303085918,-3.677446328,1.788392129
806,-3.867038807,4.983150094,0.6431753007,-3.867038807,-4.983150094,0.6431753007
807,-1.454224618,6.268656693,1.328269953,-1.454224618,-6.268656693,1.328269953
808,-0.9847203315,3.647712247,4.504295314,-0.9847203315,-3.647712247,4.504295314
809,-0.2828500606,5.661339856,1.549277499,-0.2828500606,-5.661339856,1.549277499
810,-3.260155107,4.881641825,0.6941193653,-3.260155107,-4.881641825,0.6941193653
811,-2.749334368,3.961639597,2.016670461,-2.749334368,-3.961639597,2.016670461
812,-1.172302637,4.40565273,0.3851632321,-1.172302637,-4.40565273,0.3851632321
813,-2.2148631,4.953677767,4.400567886,-2.2148631,-4.953677767,4.400567886
814,-2.646527561,4.155991859,4.386074947,-2.646527561,-4.155991859,4.386074947
815,-4.0007833,5.689797418,2.494204391,-4.0007833,-5.689797418,2.494204391
816,-0.7655417837,3.571668925,4.742619421,-0.7655417837,-3.571668925,4.742619421
817,-0.5841995665,3.514078239,4.530703375,-0.5841995665,-3.514078239,4.530703375
818,-1.430268492,4.710963792,1.741346569,-1.430268492,-4.710963792,1.741346569
819,-4.433528494,4.518546857,2.246429386,-4.433528494,-4.518546857,2.246429386
820,-1.352631108,5.156403255,2.888949874,-1.352631108,-5.156403255,2.888949874
821,-4.014565654,5.173780342,1.251680514,-4.014565654,-5.173780342,1.251680514
822,-2.806825223,4.830904478,0.7997599363,-2.806825223,-4.830904478,0.7997599363
823,-2.248628629,4.628065609,0.1766859861,-2.248628629,-4.628065609,0.1766859861
824,-3.009668126,4.175297494,4.611446125,-3.009668126,-4.175297494,4.611446125
825,-0.05648870752,4.98565412,3.583852482,-0.05648870752,-4.98565412,3.583852482
826,-4.470106719,5.768596572,3.30016019,-4.470106719,-5.768596572,3.30016019
827,-3.802622934,4.91800949,0.4878880347,-3.802622934,-4.91800949,0.4878880347
828,-4.534503402,6.03122603,1.332035041,-4.534503402,-6.03122603,1.332035041
829,-3.081974977,6.254759006,0.3563486745,-3.081974977,-6.254759006,0.3563486745
830,-0.06513963311,4.996311347,4.484745215,-0.06513963311,-4.996311347,4.484745215
831,-4.624703706,5.375159959,0.917471527,-4.624703706,-5.375159959,0.917471527
832,-1.397326153,4.107897964,4.432970582,-1.397326153,-4.107897964,4.432970582
833,-2.282723176,5.267486747,2.863669669,-2.282723176,-5.267486747,2.863669669
834,-1.614069182,6.18470427,0.1129333842,-1.614069182,-6.18470427,0.1129333842
835,-4.39524585,4.143425215,4.382172235,-4.39524585,-4.143425215,4.382172235
836,-0.7105075807,4.135276947,0.77718317,-0.7105075807,-4.135276947,0.77718317
837,-0.9896968584,6.447286232,1.284055766,-0.9896968584,-6.447286232,1.284055766
838,-3.363043109,5.021095999,3.600567543,-3.363043109,-5.021095999,3.600567543
839,-3.580549788,4.554953276,4.644968161,-3.580549788,-4.554953276,4.644968161
840,-0.005573520911,5.918540052,2.296607987,-0.005573520911,-5.918540052,2.296607987
841,-1.99377255,6.343677009,2.261514513,-1.99377255,-6.343677009,2.261514513
842,-3.498497775,3.743328772,4.310609639,-3.498497775,-3.743328772,4.310609639
843,-2.021190595,4.169201608,0.7034348752,-2.021190595,-4.169201608,0.7034348752
844,-2.371781759,6.27112287,3.14779001,-2.371781759,-6.27112287,3.14779001
845,-1.540347649,5.508720592,3.280931933,-1.540347649,-5.508720592,3.280931933
846,-1.963587593,5.748785923,4.413080755,-1.963587593,-5.748785923,4.413080755
847,-4.405157364,5.123643757,3.216928647,-4.405157364,-5.123643757,3.216928647
848,-4.558627385,4.4601683,0.3412907198,-4.558627385,-4.4601683,0.3412907198
849,-2.19520273,4.93132982,4.7244827,-2.19520273,-4.93132982,4.7244827
850,-0.1689794955,4.840313052,1.404852703,-0.1689794955,-4.840313052,1.404852703
851,-4.222002909,5.825379159,4.439423147,-4.222002909,-5.825379159,4.439423147
852,-1.973705716,6.159222784,1.939897427,-1.973705716,-6.159222784,1.939897427
853,-1.834578906,5.284755616,2.787591704,-1.834578906,-5.284755616,2.787591704
854,-1.736957963,4.591675296,1.334000332,-1.736957963,-4.591675296,1.334000332
855,-1.490516603,5.207248387,0.805492394,-1.490516603,-5.207248387,0.805492394
856,-0.117708244,4.808294982,0.8903638821,-0.117708244,-4.808294982,0.8903638821
857,-2.599344804,3.796303528,0.7539882952,-2.599344804,-3.796303528,0.7539882952
858,-2.543764294,3.954834703,4.008773713,-2.543764294,-3.954834703,4.008773713
859,-0.2799695095,5.43514249,4.528845003,-0.2799695095,-5.43514249,4.528845003
860,-0.8899351619,5.405417608,2.304384964,-0.8899351619,-5.405417608,2.304384964
861,-4.771291429,4.070792626,2.48193681,-4.771291429,-4.070792626,2.48193681
862,-3.232319206,4.589730806,0.9878518355,-3.232319206,-4.589730806,0.9878518355
863,-4.803770562,5.08503027,2.315979145,-4.803770562,-5.08503027,2.315979145
864,-4.370552992,6.096623557,2.536738087,-4.370552992,-6.096623557,2.536738087
865,-1.179006653,4.690479374,0.3375113945,-1.179006653,-4.690479374,0.3375113945
866,-3.055955363,4.474394326,4.946390887,-3.055955363,-4.474394326,4.946390887
867,-2.654413513,5.408813473,0.5719419769,-2.654413513,-5.408813473,0.5719419769
868,-2.139933428,4.492773932,4.721997329,-2.139933428,-4.492773932,4.721997329
869,-2.921446641,4.874131562,0.2258266869,-2.921446641,-4.874131562,0.2258266869
870,-0.3835129341,4.149123695,0.09148117133,-0.3835129341,-4.149123695,0.09148117133
871,-0.5698792992,5.377456177,2.28084155,-0.5698792992,-5.377456177,2.28084155
872,-1.9307555,5.421947351,2.525955103,-1.9307555,-5.421947351,2.525955103
873,-1.90923442,4.906647006,3.817420086,-1.90923442,-4.906647006,3.817420086
874,-2.447126783,5.463102261,2.660979036,-2.447126783,-5.463102261,2.660979036
875,-1.974203355,4.72792032,1.080672777,-1.974203355,-4.72792032,1.080672777
876,-0.4251593634,4.825123426,1.743861865,-0.4251593634,-4.825123426,1.743861865
877,-4.966879619,4.448073617,2.544526702,-4.966879619,-4.448073617,2.544526702
878,-4.946261398,4.925231831,3.18128166,-4.946261398,-4.925231831,3.18128166
879,-1.418700077,6.247275359,2.920182494,-1.418700077,-6.247275359,2.920182494
880,-1.307089438,4.720667059,3.034821169,-1.307089438,-4.720667059,3.034821169
881,-3.013529131,5.197097663,4.450770056,-3.013529131,-5.197097663,4.450770056
882,-0.9350267203,5.713107378,3.082463482,-0.9350267203,-5.713107378,3.082463482
883,-3.965381269,5.002935625,0.08491551591,-3.965381269,-5.002935625,0.08491551591
884,-4.259065017,3.599643922,3.520153051,-4.259065017,-3.599643922,3.520153051
885,-2.145520706,5.719028777,3.517837016,-2.145520706,-5.719028777,3.517837016
886,-3.014533,4.064956149,2.473294871,-3.014533,-4.064956149,2.473294871
887,-2.500390761,6.172315546,1.310243153,-2.500390761,-6.172315546,1.310243153
888,-2.452971093,4.269270206,0.1932668933,-2.452971093,-4.269270206,0.1932668933
889,-1.280925568,4.552019847,1.663990134,-1.280925568,-4.552019847,1.663990134
890,-3.228020692,5.169011804,3.364016265,-3.228020692,-5.169011804,3.364016265
891,-2.942817876,5.53827807,0.1610942216,-2.942817876,-5.53827807,0.1610942216
892,-1.226061284,6.035823808,4.089560361,-1.226061284,-6.035823808,4.089560361
893,-3.394432677,3.977722951,1.211810969,-3.394432677,-3.977722951,1.211810969
894,-1.21372758,3.773194625,3.391340751,-1.21372758,-3.773194625,3.391340751
895,-1.323041863,5.598588452,1.851269406,-1.323041863,-5.598588452,1.851269406
896,-4.056216571,6.211117134,0.9470874758,-4.056216571,-6.211117134,0.9470874758
897,-4.270338194,6.083790946,0.2563592344,-4.270338194,-6.083790946,0.2563592344
898,-3.108931707,5.565114966,4.148010616,-3.108931707,-5.565114966,4.148010616
899,-2.744798177,3.588170605,1.199635801,-2.744798177,-3.588170605,1.199635801
900,-3.654606907,5.238155172,1.65221575,-3.654606907,-5.238155172,1.65221575
901,-4.132068847,5.955597641,0.02996704857,-4.132068847,-5.955597641,0.02996704857
902,-1.418335822,5.91831749,0.5483351647,-1.418335822,-5.91831749,0.5483351647
903,-0.3164442376,3.532299561,1.476161416,-0.3164442376,-3.532299561,1.476161416
904,-0.9792514725,4.261876645,4.109220485,-0.9792514725,-4.261876645,4.109220485
905,-3.468583278,5.013258637,2.056181165,-3.468583278,-5.013258637,2.056181165
906,-4.560934218,3.865331189,3.271488538,-4.560934218,-3.865331189,3.271488538
907,-2.239447155,4.736949905,0.477664043,-2.239447155,-4.736949905,0.477664043
908,-3.239577554,3.719898125,2.298736229,-3.239577554,-3.719898125,2.298736229
909,-4.871158095,3.657496586,3.612902632,-4.871158095,-3.657496586,3.612902632
910,-4.091731215,5.141488154,0.2159472798,-4.091731215,-5.141488154,0.2159472798
911,-2.375897541,5.879355025,1.291312986,-2.375897541,-5.879355025,1.291312986
912,-3.509928115,5.495955519,3.197218467,-3.509928115,-5.495955519,3.197218467
913,-2.718479303,5.504105853,2.783562951,-2.718479303,-5.504105853,2.783562951
914,-2.658156737,5.845624583,0.07129947098,-2.658156737,-5.845624583,0.07129947098
915,-3.78189885,4.087419383,0.8533359819,-3.78189885,-4.087419383,0.8533359819
916,-4.399070195,4.365261069,2.918039116,-4.399070195,-4.365261069,2.918039116
917,-2.10362461,5.571732163,4.165214487,-2.10362461,-5.571732163,4.165214487
918,-1.595748398,3.684672623,1.567758463,-1.595748398,-3.684672623,1.567758463
919,-0.8899673064,5.090960132,4.591047366,-0.8899673064,-5.090960132,4.591047366
920,-1.333107122,4.866265356,4.904570465,-1.333107122,-4.866265356,4.904570465
921,-2.483436031,5.84139281,3.123703915,-2.483436031,-5.84139281,3.123703915
922,-3.693651103,3.908804182,0.6990662536,-3.693651103,-3.908804182,0.6990662536
923,-4.251116906,4.690841618,0.1482286448,-4.251116906,-4.690841618,0.1482286448
924,-2.400800704,4.357340292,0.2565854495,-2.400800704,-4.357340292,0.2565854495
925,-0.148946353,3.628626646,0.3386326102,-0.148946353,-3.628626646,0.3386326102
926,-4.067706097,5.902181837,0.2310733604,-4.067706097,-5.902181837,0.2310733604
927,-2.006095487,5.42390285,2.437055672,-2.006095487,-5.42390285,2.437055672
928,-1.383159066,4.859670215,3.303530934,-1.383159066,-4.859670215,3.303530934
929,-1.764935759,6.200370225,4.264601284,-1.764935759,-6.200370225,4.264601284
930,-0.2673829362,4.971524381,1.106132208,-0.2673829362,-4.971524381,1.106132208
931,-4.545272145,5.40216138,1.034180881,-4.545272145,-5.40216138,1.034180881
932,-3.543249078,5.34916209,4.351707028,-3.543249078,-5.34916209,4.351707028
933,-3.907361142,4.028621026,2.050273418,-3.907361142,-4.028621026,2.050273418
934,-1.712530248,5.170590512,3.932543823,-1.712530248,-5.170590512,3.932543823
935,-3.137971556,3.87411612,4.24424367,-3.137971556,-3.87411612,4.24424367
936,-4.987543093,5.440459941,1.127110186,-4.987543093,-5.440459941,1.127110186
937,-0.7393136882,4.001657134,4.403078111,-0.7393136882,-4.001657134,4.403078111
938,-3.306900932,6.013333118,0.608649349,-3.306900932,-6.013333118,0.608649349
939,-4.664583411,5.094055181,1.990996172,-4.664583411,-5.094055181,1.990996172
940,-0.9267105125,5.905172112,0.8116757426,-0.9267105125,-5.905172112,0.8116757426
941,-3.709323548,4.811045045,1.864919706,-3.709323548,-4.811045045,1.864919706
942,-3.607632437,3.661876102,1.272758776,-3.607632437,-3.661876102,1.272758776
943,-2.968569781,5.59211236,2.064393588,-2.968569781,-5.59211236,2.064393588
944,-0.961618562,4.184191427,0.7278845087,-0.961618562,-4.184191427,0.7278845087
945,-3.430244983,5.598877297,3.973040654,-3.430244983,-5.598877297,3.973040654
946,-4.243339487,4.62761243,0.1929605123,-4.243339487,-4.62761243,0.1929605123
947,-2.760528161,4.913400206,1.151415481,-2.760528161,-4.913400206,1.151415481
948,-0.5994059501,5.990515306,2.665167932,-0.5994059501,-5.990515306,2.665167932
949,-4.702621855,4.784643405,3.820232013,-4.702621855,-4.784643405,3.820232013
950,-4.368202543,4.194621847,0.9149586455,-4.368202543,-4.194621847,0.9149586455
951,-4.452759425,6.338885288,3.509047022,-4.452759425,-6.338885288,3.509047022
952,-2.564845247,5.254242519,3.561281313,-2.564845247,-5.254242519,3.561281313
953,-0.9833421405,5.79484785,3.599870291,-0.9833421405,-5.79484785,3.599870291
954,-1.815414207,3.664254838,0.9714341195,-1.815414207,-3.664254838,0.9714341195
955,-2.780328736,6.013756077,1.099761895,-2.780328736,-6.013756077,1.099761895
956,-4.113811882,6.035449598,3.75278366,-4.113811882,-6.035449598,3.75278366
957,-4.468559576,6.19095034,1.823798111,-4.468559576,-6.19095034,1.823798111
958,-1.270568985,4.12812726,4.723029333,-1.270568985,-4.12812726,4.723029333
959,-3.57339413,4.290870258,4.503015722,-3.57339413,-4.290870258,4.503015722
960,-2.478529731,3.623422013,3.290995047,-2.478529731,-3.623422013,3.290995047
961,-2.359271618,4.432413889,0.03485842724,-2.359271618,-4.432413889,0.03485842724
962,-4.224061929,5.803919304,4.448906339,-4.224061929,-5.803919304,4.448906339
963,-1.585621238,3.947453757,3.940668553,-1.585621238,-3.947453757,3.940668553
964,-4.778361994,4.852238196,1.883274508,-4.778361994,-4.852238196,1.883274508
965,-3.808607314,4.221607651,1.000928046,-3.808607314,-4.221607651,1.000928046
966,-0.6812842853,4.014270463,4.633931415,-0.6812842853,-4.014270463,4.633931415
967,-2.854786236,5.252560147,4.309925463,-2.854786236,-5.252560147,4.309925463
968,-1.215272761,4.692979902,3.864191414,-1.215272761,-4.692979902,3.864191414
969,-0.5117941223,4.056022714,1.573587202,-0.5117941223,-4.056022714,1.573587202
970,-3.610385438,3.65371052,2.509887533,-3.610385438,-3.65371052,2.509887533
971,-2.674212343,5.650885279,2.204290606,-2.674212343,-5.650885279,2.204290606
972,-1.139679438,4.431863267,1.2271375,-1.139679438,-4.431863267,1.2271375
973,-1.892933741,5.260718833,1.622099243,-1.892933741,-5.260718833,1.622099243
974,-3.889592377,5.47196551,4.299722946,-3.889592377,-5.47196551,4.299722946
975,-4.887472689,4.085367229,1.521200426,-4.887472689,-4.085367229,1.521200426
976,-0.6202750811,5.21136075,0.1541549446,-0.6202750811,-5.21136075,0.1541549446
977,-3.367135839,5.390132032,0.7121658109,-3.367135839,-5.390132032,0.7121658109
978,-1.079557818,4.704125243,1.286689135,-1.079557818,-4.704125243,1.286689135
979,-4.883830627,5.706587674,2.404412799,-4.883830627,-5.706587674,2.404412799
980,-2.48049497,6.397905438,4.67023081,-2.48049497,-6.397905438,4.67023081
981,-3.212218093,5.473334118,1.488959227,-3.212218093,-5.473334118,1.488959227
982,-3.690933326,6.499058563,2.784329716,-3.690933326,-6.499058563,2.784329716
983,-2.368179234,3.911327509,0.9498933306,-2.368179234,-3.911327509,0.9498933306
984,-0.3746570751,6.145044848,0.01803680109,-0.3746570751,-6.145044848,0.01803680109
985,-0.1710963717,6.130544651,3.045226124,-0.1710963717,-6.130544651,3.045226124
986,-1.743341009,5.237109548,4.318627136,-1.743341009,-5.237109548,4.318627136
987,-0.7067794129,6.315714908,4.315854668,-0.7067794129,-6.315714908,4.315854668
988,-2.368407238,3.644932361,3.100067564,-2.368407238,-3.644932361,3.100067564
989,-0.02415516256,6.111159038,3.907791468,-0.02415516256,-6.111159038,3.907791468
990,-4.319141696,6.18650722,3.85022094,-4.319141696,-6.18650722,3.85022094
991,-2.408887185,6.400239344,2.62076817,-2.408887185,-6.400239344,2.62076817
992,-1.660948873,5.903820323,2.86735911,-1.660948873,-5.903820323,2.86735911
993,-0.0202993752,6.294764795,2.659585442,-0.0202993752,-6.294764795,2.659585442
994,-0.5038782244,5.02507047,1.662458661,-0.5038782244,-5.02507047,1.662458661
995,-0.0943958186,4.16449245,0.2875816205,-0.0943958186,-4.16449245,0.2875816205
996,-2.540642205,4.438740278,4.847444685,-2.540642205,-4.438740278,4.847444685
997,-0.2360540109,4.65658162,4.629350828,-0.2360540109,-4.65658162,4.629350828
998,-3.574995167,4.549685701,0.6201455117,-3.574995167,-4.549685701,0.6201455117
999,-4.118912497,6.198831429,0.2980414459,-4.118912497,-6.198831429,0.2980414459