"""Atmos Mix Number""",DrumRightPosX:,DrumRightPosY:,DrumRightPosZ:,DrumLeftPosX:,DrumLeftPosY:,DrumLeftPosZ:
1,9.119780808,5.831362013,0.8691318861,9.119780808,-5.831362013,0.8691318861
2,9.090332131,6.040006244,0.7959665859,9.090332131,-6.040006244,0.7959665859
3,8.908319871,3.897664531,0.7682029446,8.908319871,-3.897664531,0.7682029446
4,8.789109658,4.072859007,0.2436143747,8.789109658,-4.072859007,0.2436143747
5,8.964744056,5.229934463,0.1031676336,8.964744056,-5.229934463,0.1031676336
6,9.035076656,3.915736965,0.1407301756,9.035076656,-3.915736965,0.1407301756
7,9.452196902,4.472791716,0.4393693548,9.452196902,-4.472791716,0.4393693548
8,9.739603944,4.494708246,0.5928642837,9.739603944,-4.494708246,0.5928642837
9,9.355658375,5.623128451,0.3204943633,9.355658375,-5.623128451,0.3204943633
10,9.556410162,3.6440518,0.6092165392,9.556410162,-3.6440518,0.6092165392
11,9.993556471,4.953019163,0.8032774369,9.993556471,-4.953019163,0.8032774369
12,8.666889064,5.906988461,0.2946063453,8.666889064,-5.906988461,0.2946063453
13,9.598363612,3.591793978,0.1807056992,9.598363612,-3.591793978,0.1807056992
14,8.846413651,5.410105365,0.1072974214,8.846413651,-5.410105365,0.1072974214
15,9.638188111,6.159759747,0.6765449796,9.638188111,-6.159759747,0.6765449796
16,8.720661929,5.287555423,0.9106482902,8.720661929,-5.287555423,0.9106482902
17,9.483600044,4.705977008,0.6547445607,9.483600044,-4.705977008,0.6547445607
18,9.508864591,5.8192471,0.8939914194,9.508864591,-5.8192471,0.8939914194
19,8.658917175,4.087749249,0.7913777774,8.658917175,-4.087749249,0.7913777774
20,8.790903496,4.63873578,0.8708404059,8.790903496,-4.63873578,0.8708404059
21,9.592813589,4.260959357,0.7950710114,9.592813589,-4.260959357,0.7950710114
22,9.405905863,5.755714278,0.01662159691,9.405905863,-5.755714278,0.01662159691
23,9.743538551,5.13336844,0.9283039697,9.743538551,-5.13336844,0.9283039697
24,9.126151474,5.778590945,0.1478787404,9.126151474,-5.778590945,0.1478787404
25,8.869642041,4.807120627,0.523604006,8.869642041,-4.807120627,0.523604006
26,9.542749237,3.777723402,0.11269251,9.542749237,-3.777723402,0.11269251
27,9.604530335,3.826000972,0.3556988654,9.604530335,-3.826000972,0.3556988654
28,9.095916916,5.72190885,0.5283960065,9.095916916,-5.72190885,0.5283960065
29,8.335315587,6.30586794,0.5264563087,8.335315587,-6.30586794,0.5264563087
30,9.486323892,3.981547058,0.81618773,9.486323892,-3.981547058,0.81618773
31,8.552415905,6.405902096,0.0503738593,8.552415905,-6.405902096,0.0503738593
32,8.074600882,4.012710123,0.4197016839,8.074600882,-4.012710123,0.4197016839
33,9.601598944,5.071025382,0.6540529455,9.601598944,-5.071025382,0.6540529455
34,8.229796378,4.117749363,0.01087235709,8.229796378,-4.117749363,0.01087235709
35,9.316281277,4.403576804,0.1861982096,9.316281277,-4.403576804,0.1861982096
36,9.99653278,6.080015306,0.9645410361,9.99653278,-6.080015306,0.9645410361
37,8.922789395,5.700975859,0.1910437861,8.922789395,-5.700975859,0.1910437861
38,8.6434036,5.062087843,0.08431744047,8.6434036,-5.062087843,0.08431744047
39,9.389098419,5.405940092,0.5466682452,9.389098419,-5.405940092,0.5466682452
40,9.516517398,5.36733092,0.4754997903,9.516517398,-5.36733092,0.4754997903
41,9.928678914,5.971495964,0.9824903224,9.928678914,-5.971495964,0.9824903224
42,8.693057034,5.531676469,0.1537461317,8.693057034,-5.531676469,0.1537461317
43,9.482142577,6.443555029,0.8425334993,9.482142577,-6.443555029,0.8425334993
44,8.907543551,5.633773095,0.8461897549,8.907543551,-5.633773095,0.8461897549
45,8.89327708,5.142621025,0.6811284323,8.89327708,-5.142621025,0.6811284323
46,8.461690164,4.193840547,0.9584344258,8.461690164,-4.193840547,0.9584344258
47,8.291934593,3.901016761,0.3970348444,8.291934593,-3.901016761,0.3970348444
48,9.837073053,6.440958262,0.6481082837,9.837073053,-6.440958262,0.6481082837
49,9.419482629,5.335028755,0.3150779419,9.419482629,-5.335028755,0.3150779419
50,8.674339302,6.040679357,0.7432816651,8.674339302,-6.040679357,0.7432816651
51,8.71477893,4.539076111,0.2990044807,8.71477893,-4.539076111,0.2990044807
52,8.98559358,5.424751659,0.08007188453,8.98559358,-5.424751659,0.08007188453
53,8.757782717,5.552326288,0.9661907797,8.757782717,-5.552326288,0.9661907797
54,9.906460939,5.096689105,0.9942993772,9.906460939,-5.096689105,0.9942993772
55,8.888108479,6.122368562,0.918023955,8.888108479,-6.122368562,0.918023955
56,9.105885508,5.504675188,0.8013828649,9.105885508,-5.504675188,0.8013828649
57,9.627448753,5.565274811,0.5962998796,9.627448753,-5.565274811,0.5962998796
58,9.94600653,5.189884369,0.3291493908,9.94600653,-5.189884369,0.3291493908
59,8.9944887,5.27063694,0.6260304512,8.9944887,-5.27063694,0.6260304512
60,9.568718171,5.706236831,0.9503947103,9.568718171,-5.706236831,0.9503947103
61,9.371589001,6.232384241,0.9619507656,9.371589001,-6.232384241,0.9619507656
62,9.883289959,5.64869242,0.1944952047,9.883289959,-5.64869242,0.1944952047
63,9.633273354,6.49411253,0.6762080081,9.633273354,-6.49411253,0.6762080081
64,8.700455857,3.762655307,0.3269009544,8.700455857,-3.762655307,0.3269009544
65,8.552807953,3.908458123,0.1177686534,8.552807953,-3.908458123,0.1177686534
66,9.418698871,5.387479913,0.2768133406,9.418698871,-5.387479913,0.2768133406
67,9.74654518,4.935238929,0.4526948165,9.74654518,-4.935238929,0.4526948165
68,8.290320968,6.122413966,0.799778784,8.290320968,-6.122413966,0.799778784
69,9.684114284,5.388569274,0.2244338544,9.684114284,-5.388569274,0.2244338544
70,8.606816924,4.912908596,0.6944441059,8.606816924,-4.912908596,0.6944441059
71,9.580115887,5.119199752,0.723583658,9.580115887,-5.119199752,0.723583658
72,8.529826051,4.417789852,0.4905774875,8.529826051,-4.417789852,0.4905774875
73,9.690108342,4.34959206,0.2493088949,9.690108342,-4.34959206,0.2493088949
74,8.796539791,5.321402253,0.1060444635,8.796539791,-5.321402253,0.1060444635
75,8.966999361,4.014732819,0.1048875214,8.966999361,-4.014732819,0.1048875214
76,9.3441524,4.846962753,0.1792490724,9.3441524,-4.846962753,0.1792490724
77,8.906372147,5.484819495,0.6760804413,8.906372147,-5.484819495,0.6760804413
78,9.880282235,5.36484136,0.8442375739,9.880282235,-5.36484136,0.8442375739
79,9.339913646,3.924487222,0.6745876717,9.339913646,-3.924487222,0.6745876717
80,9.585019112,5.288523349,0.6799764685,9.585019112,-5.288523349,0.6799764685
81,8.950374653,6.479337707,0.5243504504,8.950374653,-6.479337707,0.5243504504
82,8.13139086,6.137191402,0.06313772204,8.13139086,-6.137191402,0.06313772204
83,9.311007494,4.160703794,0.5635771838,9.311007494,-4.160703794,0.5635771838
84,8.876851476,6.30215678,0.6430623709,8.876851476,-6.30215678,0.6430623709
85,9.635095788,4.644732545,0.8209301423,9.635095788,-4.644732545,0.8209301423
86,8.887391483,5.879102862,0.6745606769,8.887391483,-5.879102862,0.6745606769
87,8.401147849,6.117272122,0.39425782,8.401147849,-6.117272122,0.39425782
88,8.042823299,5.472991487,0.3530997147,8.042823299,-5.472991487,0.3530997147
89,9.246963756,5.42134828,0.1616616536,9.246963756,-5.42134828,0.1616616536
90,9.127716309,3.810609599,0.5401138094,9.127716309,-3.810609599,0.5401138094
91,9.55774531,6.22324103,0.6377436423,9.55774531,-6.22324103,0.6377436423
92,8.984613696,5.829563088,0.6141524778,8.984613696,-5.829563088,0.6141524778
93,8.972590212,4.06471936,0.1559119086,8.972590212,-4.06471936,0.1559119086
94,8.59807142,5.783886853,0.984991772,8.59807142,-5.783886853,0.984991772
95,8.469235009,6.355632725,0.3170700683,8.469235009,-6.355632725,0.3170700683
96,9.649484185,5.306554631,0.739433634,9.649484185,-5.306554631,0.739433634
97,9.034178964,4.659943051,0.3554540691,9.034178964,-4.659943051,0.3554540691
98,8.549620996,4.898616876,0.2041872617,8.549620996,-4.898616876,0.2041872617
99,8.365971881,4.600935122,0.9965024576,8.365971881,-4.600935122,0.9965024576
100,8.290547461,4.433433988,0.9959741951,8.290547461,-4.433433988,0.9959741951
101,9.181374278,5.153659324,0.7352714582,9.181374278,-5.153659324,0.7352714582
102,8.389680058,5.04184513,0.5429590242,8.389680058,-5.04184513,0.5429590242
103,8.991438433,4.784918308,0.6659832164,8.991438433,-4.784918308,0.6659832164
104,9.610865933,3.608821983,0.594035921,9.610865933,-3.608821983,0.594035921
105,9.58770546,5.357954406,0.9158903637,9.58770546,-5.357954406,0.9158903637
106,8.581623416,4.602297315,0.9507816541,8.581623416,-4.602297315,0.9507816541
107,9.734305147,3.93944741,0.9549526071,9.734305147,-3.93944741,0.9549526071
108,9.57928132,5.46788539,0.4565275971,9.57928132,-5.46788539,0.4565275971
109,9.912675289,3.863900289,0.09516706048,9.912675289,-3.863900289,0.09516706048
110,8.985233503,4.365961912,0.1316349594,8.985233503,-4.365961912,0.1316349594
111,9.531023452,3.842733838,0.09122241233,9.531023452,-3.842733838,0.09122241233
112,9.715645359,5.966257975,0.555442634,9.715645359,-5.966257975,0.555442634
113,8.315929783,5.504592597,0.09202594196,8.315929783,-5.504592597,0.09202594196
114,9.494726648,4.825330061,0.04337360079,9.494726648,-4.825330061,0.04337360079
115,8.080272034,3.955994969,0.1582785627,8.080272034,-3.955994969,0.1582785627
116,9.465384705,5.88895646,0.5603437173,9.465384705,-5.88895646,0.5603437173
117,8.547838749,5.428448323,0.9954650832,8.547838749,-5.428448323,0.9954650832
118,8.310211459,3.829019657,0.4350499667,8.310211459,-3.829019657,0.4350499667
119,8.154718158,4.484760928,0.4983325345,8.154718158,-4.484760928,0.4983325345
120,8.918100036,4.546467266,0.9081777854,8.918100036,-4.546467266,0.9081777854
121,9.891205401,3.983170581,0.6592161744,9.891205401,-3.983170581,0.6592161744
122,8.469349631,3.661597808,0.0534465846,8.469349631,-3.661597808,0.0534465846
123,9.352195499,3.917094463,0.558637954,9.352195499,-3.917094463,0.558637954
124,9.572164807,4.442642051,0.1742128913,9.572164807,-4.442642051,0.1742128913
125,9.691715683,5.469189433,0.6857664809,9.691715683,-5.469189433,0.6857664809
126,9.369504944,5.275249405,0.9987067784,9.369504944,-5.275249405,0.9987067784
127,9.497542143,4.233760813,0.08503306618,9.497542143,-4.233760813,0.08503306618
128,8.10705424,4.690249495,0.8006457654,8.10705424,-4.690249495,0.8006457654
129,9.490127205,5.398533686,0.6030199656,9.490127205,-5.398533686,0.6030199656
130,8.926681323,5.495528039,0.4638357914,8.926681323,-5.495528039,0.4638357914
131,9.087980735,4.046909423,0.3293661777,9.087980735,-4.046909423,0.3293661777
132,9.197401776,4.909993999,0.8224369602,9.197401776,-4.909993999,0.8224369602
133,9.357089586,4.190988012,0.6526955962,9.357089586,-4.190988012,0.6526955962
134,9.746067579,3.592760266,0.7539761935,9.746067579,-3.592760266,0.7539761935
135,8.669066131,6.204101812,0.856405242,8.669066131,-6.204101812,0.856405242
136,8.287544304,6.27751979,0.2191886353,8.287544304,-6.27751979,0.2191886353
137,8.93187711,4.254038241,0.9816313805,8.93187711,-4.254038241,0.9816313805
138,9.220020231,5.648759332,0.04874551899,9.220020231,-5.648759332,0.04874551899
139,8.834863715,5.89354411,0.6110291638,8.834863715,-5.89354411,0.6110291638
140,9.942584925,5.280383663,0.9173867875,9.942584925,-5.280383663,0.9173867875
141,9.879206651,4.126505749,0.05548214673,9.879206651,-4.126505749,0.05548214673
142,8.8228338,3.655341914,0.8445560795,8.8228338,-3.655341914,0.8445560795
143,9.66516468,4.004155513,0.1379431272,9.66516468,-4.004155513,0.1379431272
144,9.901766105,4.613186914,0.2690891527,9.901766105,-4.613186914,0.2690891527
145,9.003703702,5.817921159,0.798870247,9.003703702,-5.817921159,0.798870247
146,8.037661556,6.256727281,0.3937199262,8.037661556,-6.256727281,0.3937199262
147,8.844183662,5.430627962,0.2338554873,8.844183662,-5.430627962,0.2338554873
148,9.282212422,6.474019999,0.0411460768,9.282212422,-6.474019999,0.0411460768
149,8.099470148,5.646584038,0.3068682699,8.099470148,-5.646584038,0.3068682699
150,9.329466075,4.492232197,0.7432746142,9.329466075,-4.492232197,0.7432746142
151,9.449324605,4.168905377,0.8559996848,9.449324605,-4.168905377,0.8559996848
152,9.51586777,4.329084502,0.5633008142,9.51586777,-4.329084502,0.5633008142
153,9.762597901,3.768906528,0.969763042,9.762597901,-3.768906528,0.969763042
154,8.368895244,3.808763802,0.1688488634,8.368895244,-3.808763802,0.1688488634
155,9.45524296,6.42153428,0.8110791181,9.45524296,-6.42153428,0.8110791181
156,8.549717066,5.984816501,0.704022909,8.549717066,-5.984816501,0.704022909
157,9.85736325,6.201034582,0.5063711764,9.85736325,-6.201034582,0.5063711764
158,8.315493652,3.994446127,0.8975188226,8.315493652,-3.994446127,0.8975188226
159,9.367571188,4.525111456,0.6051590678,9.367571188,-4.525111456,0.6051590678
160,8.599148917,4.548047635,0.769686113,8.599148917,-4.548047635,0.769686113
161,9.10222764,6.460890854,0.7107454649,9.10222764,-6.460890854,0.7107454649
162,8.384676223,3.535303235,0.01848978024,8.384676223,-3.535303235,0.01848978024
163,8.082315927,4.32357705,0.8477241994,8.082315927,-4.32357705,0.8477241994
164,9.316580249,5.564701077,0.2557102889,9.316580249,-5.564701077,0.2557102889
165,8.329661017,4.004680884,0.6829333673,8.329661017,-4.004680884,0.6829333673
166,9.151405472,6.216257666,0.3915700516,9.151405472,-6.216257666,0.3915700516
167,8.061075896,3.641375333,0.7720664955,8.061075896,-3.641375333,0.7720664955
168,9.622230347,4.306229296,0.6175445556,9.622230347,-4.306229296,0.6175445556
169,8.37419377,6.396552175,0.9365177298,8.37419377,-6.396552175,0.9365177298
170,8.08453042,5.575788665,0.1807868941,8.08453042,-5.575788665,0.1807868941
171,9.218870002,5.759529385,0.7593627515,9.218870002,-5.759529385,0.7593627515
172,8.641197302,5.820463016,0.8748766659,8.641197302,-5.820463016,0.8748766659
173,8.255995792,4.633495641,0.05399095856,8.255995792,-4.633495641,0.05399095856
174,8.659259752,5.080429873,0.3641273392,8.659259752,-5.080429873,0.3641273392
175,8.540506208,6.265447923,0.2352468253,8.540506208,-6.265447923,0.2352468253
176,9.200755227,5.979750683,0.9142113178,9.200755227,-5.979750683,0.9142113178
177,8.352669594,4.249726072,0.4955840468,8.352669594,-4.249726072,0.4955840468
178,9.061258537,4.610873911,0.2002690839,9.061258537,-4.610873911,0.2002690839
179,9.373060987,5.333807447,0.9453769233,9.373060987,-5.333807447,0.9453769233
180,8.164055936,6.344229415,0.8129681603,8.164055936,-6.344229415,0.8129681603
181,8.589836784,5.745676711,0.7579919705,8.589836784,-5.745676711,0.7579919705
182,9.974372478,6.045785625,0.1693000305,9.974372478,-6.045785625,0.1693000305
183,8.586182058,5.401125532,0.4104432017,8.586182058,-5.401125532,0.4104432017
184,8.511185593,4.211778182,0.3725079698,8.511185593,-4.211778182,0.3725079698
185,9.33148686,4.526392773,0.3265074501,9.33148686,-4.526392773,0.3265074501
186,9.23500008,6.392512097,0.3468075061,9.23500008,-6.392512097,0.3468075061
187,9.348565367,4.320664163,0.3112569192,9.348565367,-4.320664163,0.3112569192
188,8.525790855,3.748666652,0.3180031227,8.525790855,-3.748666652,0.3180031227
189,8.61394793,4.892505524,0.7673954758,8.61394793,-4.892505524,0.7673954758
190,8.239647835,4.045713904,0.5193508734,8.239647835,-4.045713904,0.5193508734
191,8.138099713,6.427076827,0.6610069897,8.138099713,-6.427076827,0.6610069897
192,9.70525588,5.586121958,0.2998265767,9.70525588,-5.586121958,0.2998265767
193,9.642730636,5.704118229,0.8669110199,9.642730636,-5.704118229,0.8669110199
194,8.908220391,5.355527456,0.6042145703,8.908220391,-5.355527456,0.6042145703
195,8.784812026,3.501735051,0.8844656784,8.784812026,-3.501735051,0.8844656784
196,9.08467685,4.727999221,0.914141003,9.08467685,-4.727999221,0.914141003
197,9.059385323,4.133832712,0.9391829053,9.059385323,-4.133832712,0.9391829053
198,8.734112187,4.756204783,0.09747089364,8.734112187,-4.756204783,0.09747089364
199,9.839886882,6.409944207,0.3428701148,9.839886882,-6.409944207,0.3428701148
200,9.549645982,5.043448937,0.4496282392,9.549645982,-5.043448937,0.4496282392
201,9.385905148,5.439794455,0.2972571249,9.385905148,-5.439794455,0.2972571249
202,8.993182917,6.244262217,0.3417649931,8.993182917,-6.244262217,0.3417649931
203,8.370675888,5.180281785,0.4184017571,8.370675888,-5.180281785,0.4184017571
204,9.410122858,6.01594023,0.9628060183,9.410122858,-6.01594023,0.9628060183
205,8.267097178,3.923033057,0.4099129049,8.267097178,-3.923033057,0.4099129049
206,9.537215352,6.002006737,0.3788672005,9.537215352,-6.002006737,0.3788672005
207,9.400750516,4.514064728,0.003631306482,9.400750516,-4.514064728,0.003631306482
208,8.017436872,4.786204117,0.5861376254,8.017436872,-4.786204117,0.5861376254
209,8.656733785,6.185521043,0.4514357082,8.656733785,-6.185521043,0.4514357082
210,8.763469283,5.437892918,0.03192068291,8.763469283,-5.437892918,0.03192068291
211,9.645695878,6.149475677,0.1289916896,9.645695878,-6.149475677,0.1289916896
212,9.528729406,4.861627386,0.6811475859,9.528729406,-4.861627386,0.6811475859
213,9.931189355,6.476275383,0.7923509001,9.931189355,-6.476275383,0.7923509001
214,9.330460418,3.859500699,0.648445134,9.330460418,-3.859500699,0.648445134
215,8.939480538,6.16015229,0.5052873298,8.939480538,-6.16015229,0.5052873298
216,8.057910763,6.168334506,0.5630142543,8.057910763,-6.168334506,0.5630142543
217,8.064655028,4.302473,0.4761928802,8.064655028,-4.302473,0.4761928802
218,8.98111003,4.408010116,0.6275403423,8.98111003,-4.408010116,0.6275403423
219,8.802880011,6.142065407,0.9584428999,8.802880011,-6.142065407,0.9584428999
220,8.39947211,5.394658114,0.04361813781,8.39947211,-5.394658114,0.04361813781
221,9.462917678,4.590949263,0.8807044565,9.462917678,-4.590949263,0.8807044565
222,9.437925382,4.764883651,0.4533657189,9.437925382,-4.764883651,0.4533657189
223,8.974571753,5.33528729,0.09014042759,8.974571753,-5.33528729,0.09014042759
224,9.27125838,4.815909001,0.9667823723,9.27125838,-4.815909001,0.9667823723
225,9.828077461,3.512598428,0.5714310876,9.828077461,-3.512598428,0.5714310876
226,8.750887681,5.492054968,0.4618552964,8.750887681,-5.492054968,0.4618552964
227,9.407159546,6.038773407,0.01068850693,9.407159546,-6.038773407,0.01068850693
228,8.594573619,5.00031735,0.2424500677,8.594573619,-5.00031735,0.2424500677
229,8.514470921,4.628093443,0.8214961077,8.514470921,-4.628093443,0.8214961077
230,9.707238919,4.686256536,0.9787600535,9.707238919,-4.686256536,0.9787600535
231,9.22452639,5.206554996,0.6594132882,9.22452639,-5.206554996,0.6594132882
232,8.714756271,4.974727678,0.6258002347,8.714756271,-4.974727678,0.6258002347
233,8.236455909,4.277988649,0.3934120682,8.236455909,-4.277988649,0.3934120682
234,8.953375673,3.916206455,0.7844925908,8.953375673,-3.916206455,0.7844925908
235,9.443555498,3.862763185,0.05305534005,9.443555498,-3.862763185,0.05305534005
236,9.662626697,5.576092022,0.6328127913,9.662626697,-5.576092022,0.6328127913
237,9.701605907,4.123670246,0.9571044167,9.701605907,-4.123670246,0.9571044167
238,8.332572698,5.168209328,0.08488157421,8.332572698,-5.168209328,0.08488157421
239,8.882399545,5.940678394,0.7841028872,8.882399545,-5.940678394,0.7841028872
240,8.566976159,3.831014922,0.5355501646,8.566976159,-3.831014922,0.5355501646
241,8.768251491,5.447766499,0.9528940328,8.768251491,-5.447766499,0.9528940328
242,9.608274885,5.751312829,0.2968267696,9.608274885,-5.751312829,0.2968267696
243,8.609119055,6.337522973,0.228686263,8.609119055,-6.337522973,0.228686263
244,9.15053046,5.290566461,0.3384312023,9.15053046,-5.290566461,0.3384312023
245,8.064197971,4.243527573,0.7990048625,8.064197971,-4.243527573,0.7990048625
246,8.221212771,4.80749748,0.9939775788,8.221212771,-4.80749748,0.9939775788
247,9.528650808,6.381987935,0.2176042434,9.528650808,-6.381987935,0.2176042434
248,8.876588872,5.301289774,0.001030805311,8.876588872,-5.301289774,0.001030805311
249,9.653837821,4.2623346,0.09023405286,9.653837821,-4.2623346,0.09023405286
250,9.019610421,6.235461839,0.2999415038,9.019610421,-6.235461839,0.2999415038
251,8.262709435,5.535507901,0.3742482494,8.262709435,-5.535507901,0.3742482494
252,8.76080282,5.215790726,0.943446794,8.76080282,-5.215790726,0.943446794
253,8.303768622,6.046894831,0.8377415921,8.303768622,-6.046894831,0.8377415921
254,9.005272608,4.468403848,0.8651612266,9.005272608,-4.468403848,0.8651612266
255,8.346363522,3.991072632,0.9296354298,8.346363522,-3.991072632,0.9296354298
256,8.122325882,3.537507075,0.04703251252,8.122325882,-3.537507075,0.04703251252
257,8.172416002,5.554828793,0.8594870434,8.172416002,-5.554828793,0.8594870434
258,9.05435153,4.646782138,0.3184822503,9.05435153,-4.646782138,0.3184822503
259,8.946670777,5.894885751,0.5874572249,8.946670777,-5.894885751,0.5874572249
260,9.620831405,5.954218109,0.9463027825,9.620831405,-5.954218109,0.9463027825
261,9.337053614,6.273254536,0.1466615174,9.337053614,-6.273254536,0.1466615174
262,8.300110376,5.29637887,0.7455653586,8.300110376,-5.29637887,0.7455653586
263,9.802895101,5.196456085,0.9309952001,9.802895101,-5.196456085,0.9309952001
264,8.810660163,6.143563462,0.3970773114,8.810660163,-6.143563462,0.3970773114
265,8.472001135,3.739619621,0.4035326553,8.472001135,-3.739619621,0.4035326553
266,9.406016621,3.660071065,0.3136814772,9.406016621,-3.660071065,0.3136814772
267,8.894471084,4.631729327,0.9389512032,8.894471084,-4.631729327,0.9389512032
268,9.140625395,6.131303342,0.9014343742,9.140625395,-6.131303342,0.9014343742
269,8.204673277,6.117434718,0.986441733,8.204673277,-6.117434718,0.986441733
270,8.311012394,6.338553478,0.636059141,8.311012394,-6.338553478,0.636059141
271,8.462020279,5.061641293,0.408684355,8.462020279,-5.061641293,0.408684355
272,9.837769596,5.849261869,0.5718048776,9.837769596,-5.849261869,0.5718048776
273,8.201542262,3.927705827,0.1522611292,8.201542262,-3.927705827,0.1522611292
274,8.194826382,4.870841326,0.8488372233,8.194826382,-4.870841326,0.8488372233
275,9.43836563,6.324999209,0.4730426324,9.43836563,-6.324999209,0.4730426324
276,8.435630817,6.374856625,0.4245453569,8.435630817,-6.374856625,0.4245453569
277,9.87396794,5.207764845,0.8674417535,9.87396794,-5.207764845,0.8674417535
278,8.389706195,6.329718484,0.6598091219,8.389706195,-6.329718484,0.6598091219
279,8.090630113,3.919867336,0.9409220237,8.090630113,-3.919867336,0.9409220237
280,9.84234483,5.137828473,0.907585216,9.84234483,-5.137828473,0.907585216
281,9.744238991,5.258844027,0.4258496146,9.744238991,-5.258844027,0.4258496146
282,8.755966808,3.920381063,0.8205267475,8.755966808,-3.920381063,0.8205267475
283,9.73114705,6.201661033,0.8918816055,9.73114705,-6.201661033,0.8918816055
284,9.791171804,5.15224664,0.4872525677,9.791171804,-5.15224664,0.4872525677
285,9.975061039,4.752139574,0.7769115545,9.975061039,-4.752139574,0.7769115545
286,8.642264814,5.952363852,0.5719656957,8.642264814,-5.952363852,0.5719656957
287,8.724049093,6.378922853,0.8115883783,8.724049093,-6.378922853,0.8115883783
288,8.275804718,4.073075054,0.5461399346,8.275804718,-4.073075054,0.5461399346
289,8.341116458,5.290257687,0.7751599368,8.341116458,-5.290257687,0.7751599368
290,8.967525747,4.405421161,0.6188362044,8.967525747,-4.405421161,0.6188362044
291,9.696045182,6.399280634,0.5675607268,9.696045182,-6.399280634,0.5675607268
292,8.145080465,3.586546384,0.6768791252,8.145080465,-3.586546384,0.6768791252
293,8.009212113,5.566834261,0.5280870151,8.009212113,-5.566834261,0.5280870151
294,8.189965464,4.62937191,0.09875630426,8.189965464,-4.62937191,0.09875630426
295,9.85403312,5.848359025,0.6936247714,9.85403312,-5.848359025,0.6936247714
296,9.416481063,6.322301838,0.6959529152,9.416481063,-6.322301838,0.6959529152
297,9.893922068,4.03176951,0.6412893529,9.893922068,-4.03176951,0.6412893529
298,9.969664076,4.506002484,0.8298876925,9.969664076,-4.506002484,0.8298876925
299,8.618838679,4.233440862,0.7766933675,8.618838679,-4.233440862,0.7766933675
300,9.065077628,4.122715685,0.3471778687,9.065077628,-4.122715685,0.3471778687
301,9.068522351,5.452915087,0.4382036755,9.068522351,-5.452915087,0.4382036755
302,8.184664547,4.657957972,0.844266572,8.184664547,-4.657957972,0.844266572
303,8.403510298,6.491446412,0.2209226129,8.403510298,-6.491446412,0.2209226129
304,9.054335834,6.121033411,0.7162518376,9.054335834,-6.121033411,0.7162518376
305,9.736405679,4.967201094,0.1663051844,9.736405679,-4.967201094,0.1663051844
306,9.626585374,4.01513849,0.8439449327,9.626585374,-4.01513849,0.8439449327
307,9.296240866,6.247324274,0.3019960962,9.296240866,-6.247324274,0.3019960962
308,8.197466897,3.664914434,0.8357662264,8.197466897,-3.664914434,0.8357662264
309,8.606055267,4.135088887,0.792460239,8.606055267,-4.135088887,0.792460239
310,8.180251906,6.243452298,0.7531908739,8.180251906,-6.243452298,0.7531908739
311,8.652127633,6.254218878,0.2182323713,8.652127633,-6.254218878,0.2182323713
312,8.072773233,3.675681651,0.8243417697,8.072773233,-3.675681651,0.8243417697
313,8.163046167,5.151882959,0.2371950368,8.163046167,-5.151882959,0.2371950368
314,8.582865469,5.203865072,0.9823786918,8.582865469,-5.203865072,0.9823786918
315,8.154622645,5.570804693,0.7954068615,8.154622645,-5.570804693,0.7954068615
316,9.663705196,3.556038944,0.1740538891,9.663705196,-3.556038944,0.1740538891
317,9.295434811,3.727835011,0.800963051,9.295434811,-3.727835011,0.800963051
318,8.961746835,4.741517408,0.3678330794,8.961746835,-4.741517408,0.3678330794
319,9.77666595,6.373949241,0.6086237546,9.77666595,-6.373949241,0.6086237546
320,9.654108632,4.250230459,0.4770719446,9.654108632,-4.250230459,0.4770719446
321,9.004286736,6.226119857,0.09506330842,9.004286736,-6.226119857,0.09506330842
322,9.26570498,5.705273318,0.00677358905,9.26570498,-5.705273318,0.00677358905
323,8.253135129,4.866392216,0.547270121,8.253135129,-4.866392216,0.547270121
324,9.381411045,5.520577325,0.9654441001,9.381411045,-5.520577325,0.9654441001
325,9.518983656,5.443664144,0.005682767763,9.518983656,-5.443664144,0.005682767763
326,9.433597742,5.167393592,0.3676394263,9.433597742,-5.167393592,0.3676394263
327,9.170385254,5.519399242,0.2680284637,9.170385254,-5.519399242,0.2680284637
328,9.335257467,4.933034337,0.727217331,9.335257467,-4.933034337,0.727217331
329,8.037341795,3.934453635,0.0916058255,8.037341795,-3.934453635,0.0916058255
330,8.684667387,6.351117041,0.1234568702,8.684667387,-6.351117041,0.1234568702
331,8.585293418,5.889374539,0.5561200396,8.585293418,-5.889374539,0.5561200396
332,9.786374573,5.441875907,0.3575905279,9.786374573,-5.441875907,0.3575905279
333,9.52346377,4.008347029,0.3444545168,9.52346377,-4.008347029,0.3444545168
334,9.668748945,3.780767525,0.1295439911,9.668748945,-3.780767525,0.1295439911
335,8.205363337,6.465188344,0.3463966259,8.205363337,-6.465188344,0.3463966259
336,9.640206419,3.829825904,0.1055556656,9.640206419,-3.829825904,0.1055556656
337,8.521637063,4.490568995,0.4248933284,8.521637063,-4.490568995,0.4248933284
338,8.380464848,3.64459028,0.8467312886,8.380464848,-3.64459028,0.8467312886
339,9.593085637,4.439499263,0.04359298989,9.593085637,-4.439499263,0.04359298989
340,8.932130452,3.594911011,0.2844901968,8.932130452,-3.594911011,0.2844901968
341,9.78248239,5.997957419,0.3290526471,9.78248239,-5.997957419,0.3290526471
342,8.720036106,4.304857167,0.2974086284,8.720036106,-4.304857167,0.2974086284
343,9.60189027,3.952625234,0.8249984716,9.60189027,-3.952625234,0.8249984716
344,9.515829149,4.179025834,0.8294218576,9.515829149,-4.179025834,0.8294218576
345,9.64794666,5.877684388,0.9364954145,9.64794666,-5.877684388,0.9364954145
346,9.374354022,6.302867788,0.3340923258,9.374354022,-6.302867788,0.3340923258
347,9.307668341,6.231540066,0.8090009608,9.307668341,-6.231540066,0.8090009608
348,9.443657027,5.705660038,0.404194314,9.443657027,-5.705660038,0.404194314
349,8.604625184,6.062572429,0.04437163361,8.604625184,-6.062572429,0.04437163361
350,8.295473703,5.088306253,0.5988384198,8.295473703,-5.088306253,0.5988384198
351,8.068980645,4.139345143,0.3294019387,8.068980645,-4.139345143,0.3294019387
352,9.297609369,4.635448353,0.3885205161,9.297609369,-4.635448353,0.3885205161
353,8.190288406,5.924272923,0.3019760277,8.190288406,-5.924272923,0.3019760277
354,8.46970549,5.053002767,0.05671194326,8.46970549,-5.053002767,0.05671194326
355,9.030711504,4.962091239,0.06809656279,9.030711504,-4.962091239,0.06809656279
356,9.301764018,4.958165145,0.4079179549,9.301764018,-4.958165145,0.4079179549
357,8.526379694,5.751474608,0.925743988,8.526379694,-5.751474608,0.925743988
358,9.89899618,5.26848302,0.3976536917,9.89899618,-5.26848302,0.3976536917
359,8.3800668,3.790096904,0.4676581015,8.3800668,-3.790096904,0.4676581015
360,8.431833582,3.71849673,0.8087780864,8.431833582,-3.71849673,0.8087780864
361,8.149640643,3.744956494,0.1967917806,8.149640643,-3.744956494,0.1967917806
362,8.75730768,5.614774697,0.9184695242,8.75730768,-5.614774697,0.9184695242
363,9.970455483,5.599933869,0.670561379,9.970455483,-5.599933869,0.670561379
364,8.934730941,4.820384105,0.6263299146,8.934730941,-4.820384105,0.6263299146
365,9.528911222,4.404699235,0.5214267922,9.528911222,-4.404699235,0.5214267922
366,9.538216004,3.744776578,0.7203001435,9.538216004,-3.744776578,0.7203001435
367,9.547935215,5.111024372,0.2132251921,9.547935215,-5.111024372,0.2132251921
368,9.680816059,5.17094238,0.1450156964,9.680816059,-5.17094238,0.1450156964
369,9.678542942,3.886416991,0.2696243538,9.678542942,-3.886416991,0.2696243538
370,9.675969422,4.554082117,0.1868113379,9.675969422,-4.554082117,0.1868113379
371,8.746542296,5.677317326,0.8407486995,8.746542296,-5.677317326,0.8407486995
372,9.593759162,5.309920754,0.1088040224,9.593759162,-5.309920754,0.1088040224
373,9.617753666,6.325770194,0.6972877581,9.617753666,-6.325770194,0.6972877581
374,8.600760689,4.520484001,0.7444782701,8.600760689,-4.520484001,0.7444782701
375,8.262968203,4.8797845,0.1021627897,8.262968203,-4.8797845,0.1021627897
376,8.037718649,5.72438088,0.003224234754,8.037718649,-5.72438088,0.003224234754
377,9.075642927,6.268168314,0.005178253414,9.075642927,-6.268168314,0.005178253414
378,8.479982216,4.44047342,0.8487200291,8.479982216,-4.44047342,0.8487200291
379,8.177683784,4.109500658,0.83621177,8.177683784,-4.109500658,0.83621177
380,8.488800142,5.070730198,0.6014130122,8.488800142,-5.070730198,0.6014130122
381,9.804478179,5.200469294,0.9907224987,9.804478179,-5.200469294,0.9907224987
382,8.000751387,3.721883156,0.9882730474,8.000751387,-3.721883156,0.9882730474
383,9.258754428,5.273846791,0.2641270571,9.258754428,-5.273846791,0.2641270571
384,9.077527499,4.517459183,0.1432225333,9.077527499,-4.517459183,0.1432225333
385,8.139251959,4.758033082,0.8084750733,8.139251959,-4.758033082,0.8084750733
386,9.465005666,6.492409554,0.255075234,9.465005666,-6.492409554,0.255075234
387,8.266229373,5.819896061,0.1685489723,8.266229373,-5.819896061,0.1685489723
388,8.661321599,6.38189158,0.09944659582,8.661321599,-6.38189158,0.09944659582
389,9.029401495,6.476481256,0.07083371148,9.029401495,-6.476481256,0.07083371148
390,9.196985809,6.353084023,0.688065625,9.196985809,-6.353084023,0.688065625
391,8.769129225,4.549318109,0.5566987135,8.769129225,-4.549318109,0.5566987135
392,9.970750062,5.162967736,0.4624802409,9.970750062,-5.162967736,0.4624802409
393,9.668972092,5.972167606,0.8926757276,9.668972092,-5.972167606,0.8926757276
394,9.803938404,3.643852248,0.1666863687,9.803938404,-3.643852248,0.1666863687
395,8.793695615,6.198160067,0.2810973733,8.793695615,-6.198160067,0.2810973733
396,8.070575183,4.969542681,0.9002343467,8.070575183,-4.969542681,0.9002343467
397,9.064397061,5.168759298,0.5119040559,9.064397061,-5.168759298,0.5119040559
398,8.184387356,4.595252336,0.103507806,8.184387356,-4.595252336,0.103507806
399,9.740708996,4.472635266,0.3225747179,9.740708996,-4.472635266,0.3225747179
400,8.886393689,6.209890697,0.9118864476,8.886393689,-6.209890697,0.9118864476
401,8.404456832,5.639478929,0.8024616324,8.404456832,-5.639478929,0.8024616324
402,9.34433646,3.715772206,0.5652791791,9.34433646,-3.715772206,0.5652791791
403,9.441320029,6.168574786,0.8280052773,9.441320029,-6.168574786,0.8280052773
404,8.869927406,4.243069578,0.3320552727,8.869927406,-4.243069578,0.3320552727
405,9.934871155,5.305454936,0.3371935843,9.934871155,-5.305454936,0.3371935843
406,9.060283832,6.208800204,0.7378409173,9.060283832,-6.208800204,0.7378409173
407,9.964980515,6.157470851,0.539154853,9.964980515,-6.157470851,0.539154853
408,9.010789437,6.496508791,0.1442453414,9.010789437,-6.496508791,0.1442453414
409,9.190368242,4.620277722,0.6550062764,9.190368242,-4.620277722,0.6550062764
410,8.218942317,5.126169859,0.8427171783,8.218942317,-5.126169859,0.8427171783
411,9.849702064,4.396063289,0.9492157926,9.849702064,-4.396063289,0.9492157926
412,8.349816473,4.326645783,0.5849150213,8.349816473,-4.326645783,0.5849150213
413,8.899966447,5.979255009,0.04009328952,8.899966447,-5.979255009,0.04009328952
414,8.267077235,4.347135859,0.7118399642,8.267077235,-4.347135859,0.7118399642
415,8.794008832,5.70919472,0.3800547595,8.794008832,-5.70919472,0.3800547595
416,9.908822781,4.64064774,0.9462801273,9.908822781,-4.64064774,0.9462801273
417,8.656592746,6.419010995,0.430568377,8.656592746,-6.419010995,0.430568377
418,8.620886752,4.322203254,0.2317390603,8.620886752,-4.322203254,0.2317390603
419,8.531593551,3.907183467,0.1858920092,8.531593551,-3.907183467,0.1858920092
420,9.523897854,4.007213941,0.318971872,9.523897854,-4.007213941,0.318971872
421,8.530055698,5.718970316,0.03966563762,8.530055698,-5.718970316,0.03966563762
422,9.112868108,5.840568363,0.779664811,9.112868108,-5.840568363,0.779664811
423,8.603825677,4.829235636,0.4580763478,8.603825677,-4.829235636,0.4580763478
424,9.454134404,5.663167206,0.7549267075,9.454134404,-5.663167206,0.7549267075
425,9.202778155,4.780917488,0.8947378312,9.202778155,-4.780917488,0.8947378312
426,9.595125883,3.868016949,0.5914936583,9.595125883,-3.868016949,0.5914936583
427,8.051900654,5.153443277,0.9308155378,8.051900654,-5.153443277,0.9308155378
428,9.834940421,6.470004249,0.9763930936,9.834940421,-6.470004249,0.9763930936
429,9.92058802,5.646219825,0.7776037603,9.92058802,-5.646219825,0.7776037603
430,8.671596297,4.758958674,0.7248990667,8.671596297,-4.758958674,0.7248990667
431,9.669561137,4.281686206,0.2691670563,9.669561137,-4.281686206,0.2691670563
432,8.054852719,6.490782068,0.8086978233,8.054852719,-6.490782068,0.8086978233
433,8.576254752,3.712451247,0.9843658722,8.576254752,-3.712451247,0.9843658722
434,8.197676203,5.871865003,0.9111532884,8.197676203,-5.871865003,0.9111532884
435,8.388960587,6.294281655,0.5582893286,8.388960587,-6.294281655,0.5582893286
436,8.957036595,5.44268356,0.9724226338,8.957036595,-5.44268356,0.9724226338
437,9.58135003,4.63205314,0.9136402422,9.58135003,-4.63205314,0.9136402422
438,9.664260683,4.811712846,0.1250583673,9.664260683,-4.811712846,0.1250583673
439,9.616380787,5.874495881,0.6068991288,9.616380787,-5.874495881,0.6068991288
440,9.401421566,4.834311987,0.7348995966,9.401421566,-4.834311987,0.7348995966
441,8.832402322,5.015314748,0.7392103074,8.832402322,-5.015314748,0.7392103074
442,8.874209944,6.186121945,0.1448872339,8.874209944,-6.186121945,0.1448872339
443,8.891155274,5.227058873,0.6280760642,8.891155274,-5.227058873,0.6280760642
444,9.170687878,4.11922792,0.1914414594,9.170687878,-4.11922792,0.1914414594
445,9.040204671,4.41835663,0.3264369472,9.040204671,-4.41835663,0.3264369472
446,8.422780696,5.893710045,0.7228491548,8.422780696,-5.893710045,0.7228491548
447,9.110291374,4.357594219,0.9670000887,9.110291374,-4.357594219,0.9670000887
448,8.463085032,4.68845147,0.6234810753,8.463085032,-4.68845147,0.6234810753
449,8.966526376,4.173947729,0.1113276126,8.966526376,-4.173947729,0.1113276126
450,9.409573374,5.563776442,0.2414760401,9.409573374,-5.563776442,0.2414760401
451,9.742924218,4.641399682,0.8079037086,9.742924218,-4.641399682,0.8079037086
452,8.287329366,5.984613865,0.4638018043,8.287329366,-5.984613865,0.4638018043
453,8.700370047,4.418885029,0.8769869597,8.700370047,-4.418885029,0.8769869597
454,8.538062055,5.8357594,0.8924591027,8.538062055,-5.8357594,0.8924591027
455,9.952876614,5.390289927,0.2114658158,9.952876614,-5.390289927,0.2114658158
456,9.959591791,4.449154861,0.8882985192,9.959591791,-4.449154861,0.8882985192
457,8.006305156,6.186313692,0.2342427369,8.006305156,-6.186313692,0.2342427369
458,8.299790057,3.704999838,0.4818484555,8.299790057,-3.704999838,0.4818484555
459,8.354239282,4.125233039,0.4090688733,8.354239282,-4.125233039,0.4090688733
460,9.599854933,4.411420403,0.9492167693,9.599854933,-4.411420403,0.9492167693
461,9.990300826,5.664763988,0.1415600046,9.990300826,-5.664763988,0.1415600046
462,8.293828633,6.168179067,0.9391605798,8.293828633,-6.168179067,0.9391605798
463,8.244026602,4.480287958,0.01178736394,8.244026602,-4.480287958,0.01178736394
464,9.034681849,5.394729548,0.4665754853,9.034681849,-5.394729548,0.4665754853
465,9.853870842,4.67782879,0.9839279069,9.853870842,-4.67782879,0.9839279069
466,8.898112723,5.877384431,0.4878217731,8.898112723,-5.877384431,0.4878217731
467,8.587604048,6.09987309,0.6796698137,8.587604048,-6.09987309,0.6796698137
468,9.835706143,4.649437061,0.6024861532,9.835706143,-4.649437061,0.6024861532
469,8.345234463,5.109306117,0.5712226804,8.345234463,-5.109306117,0.5712226804
470,8.487783939,5.456092375,0.2205083808,8.487783939,-5.456092375,0.2205083808
471,9.776722862,3.54666919,0.8408227994,9.776722862,-3.54666919,0.8408227994
472,8.357917996,4.026731874,0.1573397709,8.357917996,-4.026731874,0.1573397709
473,9.666587021,6.388276275,0.9136219506,9.666587021,-6.388276275,0.9136219506
474,8.186684565,3.543445244,0.5153271751,8.186684565,-3.543445244,0.5153271751
475,9.236640143,6.111483705,0.2499999774,9.236640143,-6.111483705,0.2499999774
476,8.589086666,4.57937082,0.147339965,8.589086666,-4.57937082,0.147339965
477,8.05946544,4.256985179,0.7849644914,8.05946544,-4.256985179,0.7849644914
478,9.741664046,3.515033129,0.3274128722,9.741664046,-3.515033129,0.3274128722
479,9.327941156,4.509176454,0.5328452355,9.327941156,-4.509176454,0.5328452355
480,8.381424565,4.516758565,0.1496189806,8.381424565,-4.516758565,0.1496189806
481,8.065584514,3.871550986,0.8945210176,8.065584514,-3.871550986,0.8945210176
482,8.52537414,5.178978139,0.8954010962,8.52537414,-5.178978139,0.8954010962
483,8.67032259,4.75627134,0.3746334334,8.67032259,-4.75627134,0.3746334334
484,9.208865876,5.351745888,0.2341810405,9.208865876,-5.351745888,0.2341810405
485,8.548408992,5.831411388,0.9534611684,8.548408992,-5.831411388,0.9534611684
486,8.901744288,4.565455369,0.8133699534,8.901744288,-4.565455369,0.8133699534
487,8.009735509,4.056150093,0.6812985747,8.009735509,-4.056150093,0.6812985747
488,9.978095621,4.25522832,0.04117521855,9.978095621,-4.25522832,0.04117521855
489,9.961119272,3.998076633,0.04437228278,9.961119272,-3.998076633,0.04437228278
490,9.229345163,5.215869155,0.736223993,9.229345163,-5.215869155,0.736223993
491,9.056927567,4.266749719,0.8657335731,9.056927567,-4.266749719,0.8657335731
492,9.618732773,3.782090048,0.7075076403,9.618732773,-3.782090048,0.7075076403
493,8.059517687,5.947151929,0.4805064508,8.059517687,-5.947151929,0.4805064508
494,8.631363082,5.134740605,0.2101290012,8.631363082,-5.134740605,0.2101290012
495,9.344564969,5.493457375,0.3937918275,9.344564969,-5.493457375,0.3937918275
496,9.187835721,5.248246405,0.89856108,9.187835721,-5.248246405,0.89856108
497,9.283813162,4.599740817,0.776001595,9.283813162,-4.599740817,0.776001595
498,9.32692449,4.792947815,0.2494877198,9.32692449,-4.792947815,0.2494877198
499,8.081754228,4.536419927,0.8621159126,8.081754228,-4.536419927,0.8621159126
500,8.046163785,6.123501625,0.1587975788,8.046163785,-6.123501625,0.1587975788
501,9.37111311,5.000240868,0.4391436186,9.37111311,-5.000240868,0.4391436186
502,8.797024551,4.265295854,0.3180799256,8.797024551,-4.265295854,0.3180799256
503,9.228926219,4.326759522,0.1738635273,9.228926219,-4.326759522,0.1738635273
504,8.298395209,5.858647185,0.1592772582,8.298395209,-5.858647185,0.1592772582
505,9.410841723,4.347190073,0.04780657204,9.410841723,-4.347190073,0.04780657204
506,9.349330159,3.748479207,0.3143728179,9.349330159,-3.748479207,0.3143728179
507,8.572683499,5.110209767,0.8285969763,8.572683499,-5.110209767,0.8285969763
508,9.136766306,4.587690125,0.1906350068,9.136766306,-4.587690125,0.1906350068
509,8.518194718,4.242221254,0.469527834,8.518194718,-4.242221254,0.469527834
510,8.749642741,5.337337382,0.009640912661,8.749642741,-5.337337382,0.009640912661
511,9.449354404,3.979459478,0.9490473712,9.449354404,-3.979459478,0.9490473712
512,9.987362869,6.137306962,0.4268136644,9.987362869,-6.137306962,0.4268136644
513,9.576130446,5.699330442,0.148246233,9.576130446,-5.699330442,0.148246233
514,8.503822414,4.037887127,0.1424167908,8.503822414,-4.037887127,0.1424167908
515,8.947636554,5.418016335,0.4301596219,8.947636554,-5.418016335,0.4301596219
516,8.430560912,5.735585449,0.06786107731,8.430560912,-5.735585449,0.06786107731
517,8.08428923,3.752563882,0.09555081443,8.08428923,-3.752563882,0.09555081443
518,8.102490024,3.564953063,0.0339277357,8.102490024,-3.564953063,0.0339277357
519,8.914854409,4.798674644,0.5147705238,8.914854409,-4.798674644,0.5147705238
520,9.751878064,3.740821945,0.4593551011,9.751878064,-3.740821945,0.4593551011
521,8.053622268,4.514875466,0.5963584524,8.053622268,-4.514875466,0.5963584524
522,8.081840075,5.510303909,0.1565549341,8.081840075,-5.510303909,0.1565549341
523,9.897994729,5.278695137,0.1754668239,9.897994729,-5.278695137,0.1754668239
524,9.676764423,5.608607794,0.6815298776,9.676764423,-5.608607794,0.6815298776
525,9.098402183,6.274306374,0.6672589913,9.098402183,-6.274306374,0.6672589913
526,8.107412132,4.974036859,0.5609861908,8.107412132,-4.974036859,0.5609861908
527,9.269825589,6.251578818,0.9136155582,9.269825589,-6.251578818,0.9136155582
528,8.352625387,6.181644676,0.9029327062,8.352625387,-6.181644676,0.9029327062
529,9.40267911,5.665786794,0.9903365121,9.40267911,-5.665786794,0.9903365121
530,8.453684889,5.727538939,0.4476144862,8.453684889,-5.727538939,0.4476144862
531,9.222044407,5.451839847,0.9742547746,9.222044407,-5.451839847,0.9742547746
532,9.963636443,5.22169385,0.001450715673,9.963636443,-5.22169385,0.001450715673
533,8.076134628,5.127756231,0.3860962232,8.076134628,-5.127756231,0.3860962232
534,8.230872167,6.420690344,0.4538685882,8.230872167,-6.420690344,0.4538685882
535,8.051541864,5.964455648,0.5194773577,8.051541864,-5.964455648,0.5194773577
536,8.498673837,4.906772434,0.5698023363,8.498673837,-4.906772434,0.5698023363
537,9.564679381,5.742450869,0.8861959561,9.564679381,-5.742450869,0.8861959561
538,9.501315856,4.259060606,0.4215440189,9.501315856,-4.259060606,0.4215440189
539,9.222508211,5.764696352,0.003136493222,9.222508211,-5.764696352,0.003136493222
540,8.139951964,4.789171522,0.4430980627,8.139951964,-4.789171522,0.4430980627
541,8.244027409,4.167101272,0.120002597,8.244027409,-4.167101272,0.120002597
542,9.031386334,4.958683739,0.5068360273,9.031386334,-4.958683739,0.5068360273
543,9.05625017,4.006808977,0.8461464543,9.05625017,-4.006808977,0.8461464543
544,8.499723326,4.451082327,0.312831502,8.499723326,-4.451082327,0.312831502
545,9.099874534,4.69043444,0.03856304431,9.099874534,-4.69043444,0.03856304431
546,8.840816844,3.636585413,0.5006586489,8.840816844,-3.636585413,0.5006586489
547,9.582226203,5.091554867,0.5243475538,9.582226203,-5.091554867,0.5243475538
548,8.504662378,5.804577581,0.824670544,8.504662378,-5.804577581,0.824670544
549,8.486195467,4.49477192,0.9654004388,8.486195467,-4.49477192,0.9654004388
550,8.939913656,3.614570824,0.1379670365,8.939913656,-3.614570824,0.1379670365
551,8.077949621,3.572872784,0.3498498199,8.077949621,-3.572872784,0.3498498199
552,8.112320909,5.66140507,0.7966755825,8.112320909,-5.66140507,0.7966755825
553,9.353566938,3.968664115,0.5856161378,9.353566938,-3.968664115,0.5856161378
554,8.686099303,5.901867187,0.992182712,8.686099303,-5.901867187,0.992182712
555,9.13204858,5.212963562,0.5519647588,9.13204858,-5.212963562,0.5519647588
556,8.241307422,5.845512393,0.840079931,8.241307422,-5.845512393,0.840079931
557,8.052314627,4.398398794,0.7630986718,8.052314627,-4.398398794,0.7630986718
558,9.044762522,5.379051737,0.2744545521,9.044762522,-5.379051737,0.2744545521
559,8.68391359,5.96286468,0.7452803407,8.68391359,-5.96286468,0.7452803407
560,8.306609126,4.737433243,0.7165250595,8.306609126,-4.737433243,0.7165250595
561,8.840671033,3.568872514,0.01021090216,8.840671033,-3.568872514,0.01021090216
562,8.705402922,4.431281424,0.4873710404,8.705402922,-4.431281424,0.4873710404
563,8.425002988,6.332108203,0.5101293458,8.425002988,-6.332108203,0.5101293458
564,9.573740704,4.724624355,0.2236516678,9.573740704,-4.724624355,0.2236516678
565,9.566023559,5.725208474,0.02514697954,9.566023559,-5.725208474,0.02514697954
566,8.482575939,5.973176606,0.4188718545,8.482575939,-5.973176606,0.4188718545
567,9.191017755,4.516327161,0.604646491,9.191017755,-4.516327161,0.604646491
568,9.180169293,4.585556327,0.2652045806,9.180169293,-4.585556327,0.2652045806
569,9.637721632,4.986155835,0.9592212048,9.637721632,-4.986155835,0.9592212048
570,8.722156552,4.470797252,0.404490135,8.722156552,-4.470797252,0.404490135
571,9.530798513,3.775700573,0.27780574,9.530798513,-3.775700573,0.27780574
572,8.119731257,5.357819013,0.03231811575,8.119731257,-5.357819013,0.03231811575
573,9.372803134,5.658703058,0.9796709486,9.372803134,-5.658703058,0.9796709486
574,9.536958871,5.697984859,0.1346891895,9.536958871,-5.697984859,0.1346891895
575,8.506936007,3.899899479,0.2592730709,8.506936007,-3.899899479,0.2592730709
576,8.745521696,5.731716629,0.8994056436,8.745521696,-5.731716629,0.8994056436
577,8.071390185,3.980485221,0.2531262731,8.071390185,-3.980485221,0.2531262731
578,9.611761972,4.564931795,0.5389404257,9.611761972,-4.564931795,0.5389404257
579,9.964729603,5.156720171,0.2646072844,9.964729603,-5.156720171,0.2646072844
580,9.419003201,5.470785519,0.7210856253,9.419003201,-5.470785519,0.7210856253
581,8.766395829,4.612465425,0.6907192389,8.766395829,-4.612465425,0.6907192389
582,8.046309232,4.426172429,0.4393220433,8.046309232,-4.426172429,0.4393220433
583,9.000267257,4.901864903,0.2732846208,9.000267257,-4.901864903,0.2732846208
584,9.817845895,4.789380382,0.7058334501,9.817845895,-4.789380382,0.7058334501
585,8.49257285,5.719017262,0.6678758321,8.49257285,-5.719017262,0.6678758321
586,9.245863341,3.813279611,0.7338008879,9.245863341,-3.813279611,0.7338008879
587,8.16504121,4.026352683,0.4122200871,8.16504121,-4.026352683,0.4122200871
588,8.112276976,4.014935382,0.937556789,8.112276976,-4.014935382,0.937556789
589,8.13282776,4.705935,0.4601544556,8.13282776,-4.705935,0.4601544556
590,9.222415786,4.544382597,0.8429924349,9.222415786,-4.544382597,0.8429924349
591,9.063655372,3.635816737,0.008902504685,9.063655372,-3.635816737,0.008902504685
592,8.729482932,5.228716863,0.9180498193,8.729482932,-5.228716863,0.9180498193
593,9.425112168,5.639045914,0.3210643628,9.425112168,-5.639045914,0.3210643628
594,8.835663861,4.63821239,0.03407724602,8.835663861,-4.63821239,0.03407724602
595,8.432818997,5.792469029,0.2659561556,8.432818997,-5.792469029,0.2659561556
596,8.747873528,4.91384599,0.2112892176,8.747873528,-4.91384599,0.2112892176
597,8.551095773,4.036997506,0.9686185835,8.551095773,-4.036997506,0.9686185835
598,9.481385041,5.404712329,0.02168434998,9.481385041,-5.404712329,0.02168434998
599,8.533964583,3.805785652,0.05288710289,8.533964583,-3.805785652,0.05288710289
600,8.097782447,3.943080193,0.3847931324,8.097782447,-3.943080193,0.3847931324
601,9.878214936,6.121440998,0.7444455662,9.878214936,-6.121440998,0.7444455662
602,9.525853468,5.497341011,0.9379351898,9.525853468,-5.497341011,0.9379351898
603,9.74846579,4.431988426,0.5109674283,9.74846579,-4.431988426,0.5109674283
604,9.692444659,4.511303557,0.9637718261,9.692444659,-4.511303557,0.9637718261
605,9.889581821,4.716232107,0.8626043686,9.889581821,-4.716232107,0.8626043686
606,9.388459677,3.594028824,0.3624748508,9.388459677,-3.594028824,0.3624748508
607,8.633573447,5.435174944,0.5236562337,8.633573447,-5.435174944,0.5236562337
608,8.37285688,4.858886724,0.0405564171,8.37285688,-4.858886724,0.0405564171
609,8.111629197,4.814415372,0.9748185398,8.111629197,-4.814415372,0.9748185398
610,9.590708926,5.724335074,0.6081994075,9.590708926,-5.724335074,0.6081994075
611,9.378828259,4.274469725,0.6176513584,9.378828259,-4.274469725,0.6176513584
612,8.122392026,3.842038695,0.5148002932,8.122392026,-3.842038695,0.5148002932
613,8.937257787,5.377660697,0.7446639763,8.937257787,-5.377660697,0.7446639763
614,9.318291191,5.079690362,0.8695217273,9.318291191,-5.079690362,0.8695217273
615,8.596848877,6.211844021,0.5286110131,8.596848877,-6.211844021,0.5286110131
616,9.391805629,3.584982526,0.679205222,9.391805629,-3.584982526,0.679205222
617,9.642642099,5.19746622,0.245316668,9.642642099,-5.19746622,0.245316668
618,9.083929358,6.431692891,0.1574003331,9.083929358,-6.431692891,0.1574003331
619,8.689034744,4.884274626,0.490780025,8.689034744,-4.884274626,0.490780025
620,8.572536695,3.596249184,0.01103240532,8.572536695,-3.596249184,0.01103240532
621,9.608742541,3.630841544,0.7737860799,9.608742541,-3.630841544,0.7737860799
622,9.932229136,5.040264125,0.1689892743,9.932229136,-5.040264125,0.1689892743
623,9.645864066,4.351686519,0.291200652,9.645864066,-4.351686519,0.291200652
624,9.665971187,4.847594086,0.5814160381,9.665971187,-4.847594086,0.5814160381
625,9.783961813,4.725333165,0.1091307137,9.783961813,-4.725333165,0.1091307137
626,9.293769814,4.159055944,0.3696492391,9.293769814,-4.159055944,0.3696492391
627,9.073107884,5.818645932,0.2668832268,9.073107884,-5.818645932,0.2668832268
628,8.018602769,6.399002104,0.4525050896,8.018602769,-6.399002104,0.4525050896
629,9.762274039,4.669152667,0.3329725977,9.762274039,-4.669152667,0.3329725977
630,8.074189375,5.939835449,0.601193262,8.074189375,-5.939835449,0.601193262
631,9.479421307,4.633045576,0.7172571097,9.479421307,-4.633045576,0.7172571097
632,9.62779015,6.206956551,0.7967169551,9.62779015,-6.206956551,0.7967169551
633,8.501545764,3.641817017,0.0776971474,8.501545764,-3.641817017,0.0776971474
634,8.855034995,4.70066163,0.4726233111,8.855034995,-4.70066163,0.4726233111
635,8.417414213,4.789045768,0.654417688,8.417414213,-4.789045768,0.654417688
636,8.970076384,3.775611321,0.2428938998,8.970076384,-3.775611321,0.2428938998
637,9.66965922,5.999107378,0.4710465071,9.66965922,-5.999107378,0.4710465071
638,9.186663913,4.154502485,0.6382463342,9.186663913,-4.154502485,0.6382463342
639,8.939443781,6.004310085,0.4201311255,8.939443781,-6.004310085,0.4201311255
640,9.563801365,5.30171264,0.1309116015,9.563801365,-5.30171264,0.1309116015
641,9.88143745,6.303303434,0.1053830742,9.88143745,-6.303303434,0.1053830742
642,8.869495955,4.295527827,0.8229418359,8.869495955,-4.295527827,0.8229418359
643,9.011012889,5.503096046,0.4612526467,9.011012889,-5.503096046,0.4612526467
644,8.550003573,3.924081682,0.9392966031,8.550003573,-3.924081682,0.9392966031
645,9.67726352,4.005546562,0.07572179882,9.67726352,-4.005546562,0.07572179882
646,9.848435066,5.209649152,0.1154852519,9.848435066,-5.209649152,0.1154852519
647,9.018797226,3.917036126,0.4741607483,9.018797226,-3.917036126,0.4741607483
648,9.460373937,4.617176465,0.1396674659,9.460373937,-4.617176465,0.1396674659
649,8.994674565,5.6018349,0.5026990288,8.994674565,-5.6018349,0.5026990288
650,9.886291917,6.113963038,0.6182146994,9.886291917,-6.113963038,0.6182146994
651,8.316966654,4.214466673,0.2040040516,8.316966654,-4.214466673,0.2040040516
652,8.038288975,4.165715726,0.1273218468,8.038288975,-4.165715726,0.1273218468
653,9.097103535,5.817551294,0.9849667824,9.097103535,-5.817551294,0.9849667824
654,8.535555899,5.436591245,0.01496108986,8.535555899,-5.436591245,0.01496108986
655,8.8746054,5.286936951,0.4160035652,8.8746054,-5.286936951,0.4160035652
656,8.488717233,3.523555992,0.6790502679,8.488717233,-3.523555992,0.6790502679
657,9.44933135,4.827574206,0.1100708544,9.44933135,-4.827574206,0.1100708544
658,8.093880334,5.723996327,0.9990446007,8.093880334,-5.723996327,0.9990446007
659,8.518677001,5.758053037,0.9437477947,8.518677001,-5.758053037,0.9437477947
660,9.855057924,4.694975275,0.5972642931,9.855057924,-4.694975275,0.5972642931
661,8.867103902,3.689918831,0.4936923502,8.867103902,-3.689918831,0.4936923502
662,9.207160129,4.60718803,0.7892735876,9.207160129,-4.60718803,0.7892735876
663,8.01112074,3.735085002,0.263364026,8.01112074,-3.735085002,0.263364026
664,8.355735982,4.080227473,0.813785245,8.355735982,-4.080227473,0.813785245
665,9.418756517,6.060504939,0.8142018393,9.418756517,-6.060504939,0.8142018393
666,8.575097001,5.971319998,0.1542639494,8.575097001,-5.971319998,0.1542639494
667,9.255306178,3.597789135,0.7426438694,9.255306178,-3.597789135,0.7426438694
668,9.460644867,4.999692159,0.2471473729,9.460644867,-4.999692159,0.2471473729
669,9.019582627,4.865047176,0.9627959726,9.019582627,-4.865047176,0.9627959726
670,8.817663172,3.855014871,0.4640311128,8.817663172,-3.855014871,0.4640311128
671,8.296213581,4.51167098,0.570647055,8.296213581,-4.51167098,0.570647055
672,9.247292085,3.852156007,0.1340266732,9.247292085,-3.852156007,0.1340266732
673,8.435070564,5.931210149,0.7390565746,8.435070564,-5.931210149,0.7390565746
674,9.976889076,5.456339552,0.292688067,9.976889076,-5.456339552,0.292688067
675,8.460348912,6.164437649,0.3860022022,8.460348912,-6.164437649,0.3860022022
676,8.148769715,6.072722121,0.3884150673,8.148769715,-6.072722121,0.3884150673
677,8.497025676,3.630070397,0.4875929479,8.497025676,-3.630070397,0.4875929479
678,8.356917846,3.941688975,0.007217282626,8.356917846,-3.941688975,0.007217282626
679,9.975541713,6.254661732,0.791069088,9.975541713,-6.254661732,0.791069088
680,9.590436679,3.734555884,0.7814170462,9.590436679,-3.734555884,0.7814170462
681,9.736983979,4.340575572,0.6934974599,9.736983979,-4.340575572,0.6934974599
682,9.446283469,4.541924161,0.5946656381,9.446283469,-4.541924161,0.5946656381
683,8.717415859,3.510702353,0.2643218026,8.717415859,-3.510702353,0.2643218026
684,9.209465778,6.286135015,0.3800537125,9.209465778,-6.286135015,0.3800537125
685,9.354214623,5.034089456,0.832666225,9.354214623,-5.034089456,0.832666225
686,9.51988615,4.676942889,0.703745632,9.51988615,-4.676942889,0.703745632
687,8.34846329,6.485702656,0.464757972,8.34846329,-6.485702656,0.464757972
688,9.361174116,5.531884403,0.7352170913,9.361174116,-5.531884403,0.7352170913
689,9.460999608,5.478259347,0.7076054603,9.460999608,-5.478259347,0.7076054603
690,9.18415318,4.575451562,0.5067078608,9.18415318,-4.575451562,0.5067078608
691,9.047291333,6.061005897,0.559834135,9.047291333,-6.061005897,0.559834135
692,8.438320645,3.549035596,0.766925423,8.438320645,-3.549035596,0.766925423
693,9.885769027,6.480342131,0.09016580726,9.885769027,-6.480342131,0.09016580726
694,9.607390412,4.051039159,0.5234834288,9.607390412,-4.051039159,0.5234834288
695,8.269755302,5.495606853,0.002372811523,8.269755302,-5.495606853,0.002372811523
696,9.164320737,4.787262864,0.1592877098,9.164320737,-4.787262864,0.1592877098
697,8.465060998,6.229772364,0.7397160819,8.465060998,-6.229772364,0.7397160819
698,8.468343743,3.758741463,0.9924772781,8.468343743,-3.758741463,0.9924772781
699,8.540328227,5.983276835,0.1320822898,8.540328227,-5.983276835,0.1320822898
700,8.468593251,5.120108199,0.3480940024,8.468593251,-5.120108199,0.3480940024
701,9.718166541,6.158155143,0.768589123,9.718166541,-6.158155143,0.768589123
702,9.759506228,5.388120741,0.7210260913,9.759506228,-5.388120741,0.7210260913
703,8.141200376,5.021776189,0.08377513285,8.141200376,-5.021776189,0.08377513285
704,9.812020791,6.108418497,0.86070528,9.812020791,-6.108418497,0.86070528
705,9.07370954,3.81201396,0.8862019812,9.07370954,-3.81201396,0.8862019812
706,9.497722894,5.849470097,0.6034180177,9.497722894,-5.849470097,0.6034180177
707,8.748242206,6.460089869,0.747067,8.748242206,-6.460089869,0.747067
708,8.902769662,5.1959796,0.8509249285,8.902769662,-5.1959796,0.8509249285
709,8.405302964,6.029523631,0.2690737071,8.405302964,-6.029523631,0.2690737071
710,8.123158932,5.579088969,0.1555032393,8.123158932,-5.579088969,0.1555032393
711,9.557104075,4.869896326,0.941282593,9.557104075,-4.869896326,0.941282593
712,9.627482347,4.986241656,0.16079154,9.627482347,-4.986241656,0.16079154
713,9.533813159,4.227105165,0.6760334808,9.533813159,-4.227105165,0.6760334808
714,9.908715185,4.627661343,0.482308114,9.908715185,-4.627661343,0.482308114
715,8.249367815,3.886502451,0.5444907595,8.249367815,-3.886502451,0.5444907595
716,8.720119391,5.146493283,0.1367404232,8.720119391,-5.146493283,0.1367404232
717,9.566654793,4.835159664,0.956233213,9.566654793,-4.835159664,0.956233213
718,8.055487341,4.202605332,0.06869781471,8.055487341,-4.202605332,0.06869781471
719,9.267805248,4.38225126,0.04703635708,9.267805248,-4.38225126,0.04703635708
720,9.200495111,3.852050554,0.7293392404,9.200495111,-3.852050554,0.7293392404
721,9.469928629,4.874364508,0.2821479081,9.469928629,-4.874364508,0.2821479081
722,9.315884732,3.810846932,0.6630156037,9.315884732,-3.810846932,0.6630156037
723,9.301438959,3.771932465,0.8876313655,9.301438959,-3.771932465,0.8876313655
724,9.936815469,5.017989115,0.1138109501,9.936815469,-5.017989115,0.1138109501
725,9.107107035,4.334855948,0.280568226,9.107107035,-4.334855948,0.280568226
726,9.964536006,5.09280893,0.3097593973,9.964536006,-5.09280893,0.3097593973
727,8.625242479,4.404999596,0.9740135724,8.625242479,-4.404999596,0.9740135724
728,9.821293182,4.869659155,0.1828148074,9.821293182,-4.869659155,0.1828148074
729,8.128360042,6.410269398,0.7316596184,8.128360042,-6.410269398,0.7316596184
730,9.728128227,3.851489557,0.2797394046,9.728128227,-3.851489557,0.2797394046
731,8.995956415,4.873419827,0.9903760736,8.995956415,-4.873419827,0.9903760736
732,9.995180443,3.675682038,0.7834644534,9.995180443,-3.675682038,0.7834644534
733,8.557508185,4.747006347,0.659482936,8.557508185,-4.747006347,0.659482936
734,9.888839464,3.662343785,0.2447930108,9.888839464,-3.662343785,0.2447930108
735,8.174638249,6.156757664,0.4502161457,8.174638249,-6.156757664,0.4502161457
736,8.319324905,3.708340496,0.4973194064,8.319324905,-3.708340496,0.4973194064
737,9.698976352,4.6962475,0.4469413126,9.698976352,-4.6962475,0.4469413126
738,8.192040814,4.800263329,0.5490163922,8.192040814,-4.800263329,0.5490163922
739,9.828204608,3.83761602,0.9659478001,9.828204608,-3.83761602,0.9659478001
740,8.858620878,3.706233873,0.09509451101,8.858620878,-3.706233873,0.09509451101
741,9.075015689,5.102128145,0.07393911654,9.075015689,-5.102128145,0.07393911654
742,8.417460544,5.039290682,0.8396046874,8.417460544,-5.039290682,0.8396046874
743,9.556364016,4.150831632,0.8755669306,9.556364016,-4.150831632,0.8755669306
744,9.5334926,6.292780324,0.537089462,9.5334926,-6.292780324,0.537089462
745,8.503849949,4.424140831,0.6996083554,8.503849949,-4.424140831,0.6996083554
746,8.514017186,6.168784824,0.6377757364,8.514017186,-6.168784824,0.6377757364
747,9.096980598,4.378845801,0.1918541652,9.096980598,-4.378845801,0.1918541652
748,9.288812745,5.951611718,0.5358485141,9.288812745,-5.951611718,0.5358485141
749,8.142293483,3.975229754,0.5877785812,8.142293483,-3.975229754,0.5877785812
750,8.052045038,4.8265958,0.6538849879,8.052045038,-4.8265958,0.6538849879
751,9.382048312,4.073444298,0.8210447782,9.382048312,-4.073444298,0.8210447782
752,8.140424363,4.276113322,0.2493180311,8.140424363,-4.276113322,0.2493180311
753,9.34177923,3.759187582,0.8094370539,9.34177923,-3.759187582,0.8094370539
754,9.412650792,6.475388205,0.7807219648,9.412650792,-6.475388205,0.7807219648
755,9.048096916,3.770584113,0.1355913255,9.048096916,-3.770584113,0.1355913255
756,9.281700345,6.295326371,0.6307775742,9.281700345,-6.295326371,0.6307775742
757,9.504624951,5.8118671,0.2467451389,9.504624951,-5.8118671,0.2467451389
758,9.612455653,6.04259128,0.7351118126,9.612455653,-6.04259128,0.7351118126
759,8.248990646,4.27029837,0.2795895199,8.248990646,-4.27029837,0.2795895199
760,8.067340587,4.732137562,0.3260781813,8.067340587,-4.732137562,0.3260781813
761,8.777757306,5.09036435,0.1702484459,8.777757306,-5.09036435,0.1702484459
762,8.9529931,5.907539249,0.2603277631,8.9529931,-5.907539249,0.2603277631
763,8.175722062,5.177692526,0.03563302527,8.175722062,-5.177692526,0.03563302527
764,8.13887123,5.072145297,0.7792287424,8.13887123,-5.072145297,0.7792287424
765,9.384003243,5.812732886,0.06423776291,9.384003243,-5.812732886,0.06423776291
766,8.787547671,5.551200383,0.6504536492,8.787547671,-5.551200383,0.6504536492
767,8.556943496,6.243821614,0.6883083888,8.556943496,-6.243821614,0.6883083888
768,8.216077986,6.31279917,0.3841297498,8.216077986,-6.31279917,0.3841297498
769,9.666449598,5.727932983,0.4347884172,9.666449598,-5.727932983,0.4347884172
770,9.614236117,4.284480494,0.1127180167,9.614236117,-4.284480494,0.1127180167
771,8.595619657,6.106758148,0.08223692515,8.595619657,-6.106758148,0.08223692515
772,8.150869493,4.222373265,0.1032614423,8.150869493,-4.222373265,0.1032614423
773,8.509261624,5.091621978,0.05082585462,8.509261624,-5.091621978,0.05082585462
774,8.432648335,4.040421587,0.1449545686,8.432648335,-4.040421587,0.1449545686
775,9.291324923,6.313436358,0.991514746,9.291324923,-6.313436358,0.991514746
776,9.724832998,3.867042493,0.9633906127,9.724832998,-3.867042493,0.9633906127
777,9.698742591,4.13803613,0.4406359114,9.698742591,-4.13803613,0.4406359114
778,8.842379664,5.253702671,0.6727260803,8.842379664,-5.253702671,0.6727260803
779,8.904350186,4.001880237,0.9925988101,8.904350186,-4.001880237,0.9925988101
780,8.369010274,4.061794499,0.2338690206,8.369010274,-4.061794499,0.2338690206
781,8.00130641,3.571617695,0.4945579204,8.00130641,-3.571617695,0.4945579204
782,8.715303392,4.357685562,0.1642822288,8.715303392,-4.357685562,0.1642822288
783,8.436924442,5.341197921,0.2641306712,8.436924442,-5.341197921,0.2641306712
784,8.49418749,5.267117921,0.8948536082,8.49418749,-5.267117921,0.8948536082
785,9.260426602,4.054184453,0.7091700013,9.260426602,-4.054184453,0.7091700013
786,8.439447109,5.404835224,0.3214038476,8.439447109,-5.404835224,0.3214038476
787,8.438496647,3.763246403,0.1248863256,8.438496647,-3.763246403,0.1248863256
788,9.44225738,6.288370625,0.210786507,9.44225738,-6.288370625,0.210786507
789,9.652515019,5.834341416,0.9490950434,9.652515019,-5.834341416,0.9490950434
790,9.710852158,5.76067804,0.2303200993,9.710852158,-5.76067804,0.2303200993
791,8.186164514,5.17514569,0.6649846643,8.186164514,-5.17514569,0.6649846643
792,9.203979411,5.938442627,0.8387308771,9.203979411,-5.938442627,0.8387308771
793,8.392074616,5.555479931,0.5996274878,8.392074616,-5.555479931,0.5996274878
794,8.640811143,4.734550334,0.0492664224,8.640811143,-4.734550334,0.0492664224
795,9.347977316,3.715843887,0.5256833424,9.347977316,-3.715843887,0.5256833424
796,8.995727263,3.596787158,0.921666417,8.995727263,-3.596787158,0.921666417
797,9.639361335,3.887110052,0.6367002062,9.639361335,-3.887110052,0.6367002062
798,9.549394551,5.392222735,0.4078852181,9.549394551,-5.392222735,0.4078852181
799,8.605980152,6.212709526,0.7395354428,8.605980152,-6.212709526,0.7395354428
800,9.547580453,5.339107112,0.04360605769,9.547580453,-5.339107112,0.04360605769
801,9.139180015,5.951418577,0.4502818767,9.139180015,-5.951418577,0.4502818767
802,9.232192305,3.646073414,0.6985531772,9.232192305,-3.646073414,0.6985531772
803,9.397508111,6.30564808,0.5553761157,9.397508111,-6.30564808,0.5553761157
804,9.527381167,6.021943184,0.7564031307,9.527381167,-6.021943184,0.7564031307
805,9.207331323,3.562845299,0.2231149749,9.207331323,-3.562845299,0.2231149749
806,9.715712169,4.037818508,0.3508525843,9.715712169,-4.037818508,0.3508525843
807,9.927379305,6.23651712,0.3415534023,9.927379305,-6.23651712,0.3415534023
808,9.910143519,6.385121199,0.6273763711,9.910143519,-6.385121199,0.6273763711
809,8.081615518,4.063116841,0.2887754075,8.081615518,-4.063116841,0.2887754075
810,8.55789313,6.416894758,0.9977860248,8.55789313,-6.416894758,0.9977860248
811,8.910276383,4.550633584,0.986012777,8.910276383,-4.550633584,0.986012777
812,9.299468456,4.88247782,0.4023876597,9.299468456,-4.88247782,0.4023876597
813,8.36719111,6.017577707,0.1713545166,8.36719111,-6.017577707,0.1713545166
814,9.603705911,4.974423741,0.1659676668,9.603705911,-4.974423741,0.1659676668
815,8.121746252,4.424944178,0.693290718,8.121746252,-4.424944178,0.693290718
816,8.217382295,5.567493981,0.9307653579,8.217382295,-5.567493981,0.9307653579
817,8.331476066,5.240804486,0.9436349775,8.331476066,-5.240804486,0.9436349775
818,9.771830136,3.818275381,0.7519062193,9.771830136,-3.818275381,0.7519062193
819,9.767889642,4.023950132,0.71616699,9.767889642,-4.023950132,0.71616699
820,9.201283322,3.945426651,0.9564738327,9.201283322,-3.945426651,0.9564738327
821,9.141670143,3.540389854,0.131452275,9.141670143,-3.540389854,0.131452275
822,8.926912595,4.469081879,0.08262805238,8.926912595,-4.469081879,0.08262805238
823,8.927950848,6.189752563,0.3536716765,8.927950848,-6.189752563,0.3536716765
824,8.181445846,6.257240675,0.7441877111,8.181445846,-6.257240675,0.7441877111
825,8.788367888,4.207428971,0.6390034778,8.788367888,-4.207428971,0.6390034778
826,8.182925766,4.320141019,0.8012713225,8.182925766,-4.320141019,0.8012713225
827,8.880660893,5.896608405,0.4973374969,8.880660893,-5.896608405,0.4973374969
828,9.059797509,5.18310263,0.7794369917,9.059797509,-5.18310263,0.7794369917
829,9.401621769,4.640642398,0.07318585139,9.401621769,-4.640642398,0.07318585139
830,9.086663469,6.235982599,0.1669156003,9.086663469,-6.235982599,0.1669156003
831,9.99432581,4.243159104,0.1140339545,9.99432581,-4.243159104,0.1140339545
832,9.670450097,4.444410742,0.4587473176,9.670450097,-4.444410742,0.4587473176
833,8.941206328,4.568214135,0.4046177499,8.941206328,-4.568214135,0.4046177499
834,8.046423714,4.064958226,0.6127929174,8.046423714,-4.064958226,0.6127929174
835,9.042293587,6.317018379,0.316414345,9.042293587,-6.317018379,0.316414345
836,9.374731433,5.24329464,0.7687068456,9.374731433,-5.24329464,0.7687068456
837,8.830723982,5.127326408,0.1188147804,8.830723982,-5.127326408,0.1188147804
838,9.099446604,5.910551067,0.5681604631,9.099446604,-5.910551067,0.5681604631
839,9.299574584,5.046679607,0.09095278494,9.299574584,-5.046679607,0.09095278494
840,8.428229253,4.907230507,0.4421500353,8.428229253,-4.907230507,0.4421500353
841,8.005584903,5.576016946,0.8830642855,8.005584903,-5.576016946,0.8830642855
842,9.652689242,5.544186046,0.6164969479,9.652689242,-5.544186046,0.6164969479
843,8.583028084,5.154724584,0.3287433678,8.583028084,-5.154724584,0.3287433678
844,8.954626397,5.503877722,0.9751552679,8.954626397,-5.503877722,0.9751552679
845,9.057782601,5.645385935,0.2828619648,9.057782601,-5.645385935,0.2828619648
846,8.185035862,6.349160427,0.03631781165,8.185035862,-6.349160427,0.03631781165
847,8.516672605,5.544091649,0.5356785548,8.516672605,-5.544091649,0.5356785548
848,8.870869354,3.557454302,0.1903120707,8.870869354,-3.557454302,0.1903120707
849,9.685778536,4.492326838,0.3663440933,9.685778536,-4.492326838,0.3663440933
850,8.065057413,3.660896909,0.6507875137,8.065057413,-3.660896909,0.6507875137
851,9.735313109,5.885682207,0.4863200585,9.735313109,-5.885682207,0.4863200585
852,9.43048026,6.332928715,0.7397207238,9.43048026,-6.332928715,0.7397207238
853,8.495699686,5.883854407,0.5759698089,8.495699686,-5.883854407,0.5759698089
854,9.616949128,5.313060065,0.6984391374,9.616949128,-5.313060065,0.6984391374
855,8.483824075,5.830859525,0.1297196642,8.483824075,-5.830859525,0.1297196642
856,8.186586605,4.458018018,0.05544552309,8.186586605,-4.458018018,0.05544552309
857,8.350442521,3.633750641,0.1437777881,8.350442521,-3.633750641,0.1437777881
858,9.358291931,5.612161293,0.1296957087,9.358291931,-5.612161293,0.1296957087
859,8.12606359,4.146416865,0.2556440442,8.12606359,-4.146416865,0.2556440442
860,8.123508958,4.925441099,0.7756502244,8.123508958,-4.925441099,0.7756502244
861,8.926169208,5.420649347,0.1798621367,8.926169208,-5.420649347,0.1798621367
862,8.936797967,5.845114356,0.3325187843,8.936797967,-5.845114356,0.3325187843
863,8.446537015,6.16236508,0.7861015555,8.446537015,-6.16236508,0.7861015555
864,8.465512876,5.759088801,0.6014022503,8.465512876,-5.759088801,0.6014022503
865,8.911070602,5.943827052,0.4932824241,8.911070602,-5.943827052,0.4932824241
866,8.709216411,4.774788783,0.795394324,8.709216411,-4.774788783,0.795394324
867,8.309568356,5.234413055,0.06976554797,8.309568356,-5.234413055,0.06976554797
868,9.243596606,4.837732507,0.8721402769,9.243596606,-4.837732507,0.8721402769
869,9.369162941,5.918867552,0.6504435974,9.369162941,-5.918867552,0.6504435974
870,8.134091591,4.397944865,0.6269972927,8.134091591,-4.397944865,0.6269972927
871,9.234878552,6.45328927,0.2258332431,9.234878552,-6.45328927,0.2258332431
872,8.085951103,3.548603763,0.8870571371,8.085951103,-3.548603763,0.8870571371
873,9.192274343,4.680014552,0.8980510302,9.192274343,-4.680014552,0.8980510302
874,9.191081227,3.528019867,0.1692601766,9.191081227,-3.528019867,0.1692601766
875,8.755109391,3.582073912,0.4090548267,8.755109391,-3.582073912,0.4090548267
876,9.894996619,4.090638911,0.1451580643,9.894996619,-4.090638911,0.1451580643
877,9.27626894,4.139426598,0.3560672499,9.27626894,-4.139426598,0.3560672499
878,9.893057206,5.522070289,0.1642028858,9.893057206,-5.522070289,0.1642028858
879,9.039974209,6.170486584,0.849112677,9.039974209,-6.170486584,0.849112677
880,8.083662594,6.363393046,0.2285123763,8.083662594,-6.363393046,0.2285123763
881,8.082946296,3.555696284,0.3206661966,8.082946296,-3.555696284,0.3206661966
882,8.623228439,3.69676243,0.06476481558,8.623228439,-3.69676243,0.06476481558
883,8.203355657,4.981596675,0.6552261463,8.203355657,-4.981596675,0.6552261463
884,9.865846303,4.462589345,0.01122385362,9.865846303,-4.462589345,0.01122385362
885,9.586944891,4.984894157,0.6080020505,9.586944891,-4.984894157,0.6080020505
886,8.508039681,4.672637703,0.1160119276,8.508039681,-4.672637703,0.1160119276
887,8.953811961,6.271697237,0.6708020852,8.953811961,-6.271697237,0.6708020852
888,9.730749307,5.856979749,0.2409035979,9.730749307,-5.856979749,0.2409035979
889,9.257369127,5.427046018,0.6166792022,9.257369127,-5.427046018,0.6166792022
890,8.32761654,4.048966357,0.7754753014,8.32761654,-4.048966357,0.7754753014
891,9.805593896,5.088107414,0.1131473931,9.805593896,-5.088107414,0.1131473931
892,8.678057183,4.343654717,0.309936336,8.678057183,-4.343654717,0.309936336
893,8.686749051,3.53935128,0.1901311522,8.686749051,-3.53935128,0.1901311522
894,8.56904242,4.443338901,0.8900100046,8.56904242,-4.443338901,0.8900100046
895,9.93641507,3.592440403,0.3397045454,9.93641507,-3.592440403,0.3397045454
896,8.050693385,5.870150678,0.210589478,8.050693385,-5.870150678,0.210589478
897,8.755334132,4.36459842,0.4196854262,8.755334132,-4.36459842,0.4196854262
898,8.143768438,6.030729834,0.8014458769,8.143768438,-6.030729834,0.8014458769
899,9.959858736,6.47839886,0.8449665324,9.959858736,-6.47839886,0.8449665324
900,9.874144139,4.271664065,0.251021697,9.874144139,-4.271664065,0.251021697
901,8.806611383,5.819131029,0.2449126128,8.806611383,-5.819131029,0.2449126128
902,9.018973096,4.286105354,0.2144348545,9.018973096,-4.286105354,0.2144348545
903,9.374445265,4.833432371,0.5111732373,9.374445265,-4.833432371,0.5111732373
904,8.496116207,5.90039222,0.09850571606,8.496116207,-5.90039222,0.09850571606
905,9.210330446,4.699367855,0.07992789902,9.210330446,-4.699367855,0.07992789902
906,8.553704839,5.672731579,0.2272822632,8.553704839,-5.672731579,0.2272822632
907,9.258024686,4.292614855,0.2110861849,9.258024686,-4.292614855,0.2110861849
908,9.01755545,4.021483111,0.1116879325,9.01755545,-4.021483111,0.1116879325
909,8.902206962,5.699277863,0.722633294,8.902206962,-5.699277863,0.722633294
910,8.684155015,3.525176107,0.4001820708,8.684155015,-3.525176107,0.4001820708
911,9.895299342,4.050873687,0.09258421489,9.895299342,-4.050873687,0.09258421489
912,8.515819898,3.716284562,0.7254649887,8.515819898,-3.716284562,0.7254649887
913,8.014868414,4.383359145,0.4884596704,8.014868414,-4.383359145,0.4884596704
914,9.268425181,4.3515824,0.1151593158,9.268425181,-4.3515824,0.1151593158
915,9.457922748,6.236225529,0.262517673,9.457922748,-6.236225529,0.262517673
916,8.383066051,3.868547783,0.8600656646,8.383066051,-3.868547783,0.8600656646
917,8.552494727,4.230571025,0.8509876448,8.552494727,-4.230571025,0.8509876448
918,9.879668384,4.224131291,0.7681551875,9.879668384,-4.224131291,0.7681551875
919,9.600761054,6.301947771,0.1312043973,9.600761054,-6.301947771,0.1312043973
920,8.237673309,4.612947881,0.9401838365,8.237673309,-4.612947881,0.9401838365
921,9.211999172,3.754314325,0.8688966909,9.211999172,-3.754314325,0.8688966909
922,8.127499075,5.839690058,0.5260737376,8.127499075,-5.839690058,0.5260737376
923,8.894543664,6.469636329,0.3791456671,8.894543664,-6.469636329,0.3791456671
924,9.813797019,5.397746787,0.1305164438,9.813797019,-5.397746787,0.1305164438
925,9.916483417,5.311955656,0.3320124574,9.916483417,-5.311955656,0.3320124574
926,9.191082738,4.214486641,0.4802411988,9.191082738,-4.214486641,0.4802411988
927,9.38427156,3.847876809,0.3639858332,9.38427156,-3.847876809,0.3639858332
928,8.993905486,4.554634934,0.8208178758,8.993905486,-4.554634934,0.8208178758
929,9.402092869,5.544538821,0.8687921618,9.402092869,-5.544538821,0.8687921618
930,8.663330776,3.827230758,0.03261272744,8.663330776,-3.827230758,0.03261272744
931,9.244390749,4.66277588,0.7984347603,9.244390749,-4.66277588,0.7984347603
932,9.721423545,4.978747423,0.2265902449,9.721423545,-4.978747423,0.2265902449
933,9.287287908,6.433224856,0.2234086999,9.287287908,-6.433224856,0.2234086999
934,9.034143661,4.344441041,0.262192858,9.034143661,-4.344441041,0.262192858
935,9.495880364,4.066877004,0.6988172586,9.495880364,-4.066877004,0.6988172586
936,8.915368739,5.200563443,0.2107866414,8.915368739,-5.200563443,0.2107866414
937,8.453938364,5.72365108,0.5326638493,8.453938364,-5.72365108,0.5326638493
938,9.181658644,3.849821882,0.8365202202,9.181658644,-3.849821882,0.8365202202
939,9.057044673,6.242004621,0.9291091099,9.057044673,-6.242004621,0.9291091099
940,8.70613386,3.778857458,0.07741277988,8.70613386,-3.778857458,0.07741277988
941,8.282537847,3.95279774,0.7112819546,8.282537847,-3.95279774,0.7112819546
942,8.093976038,3.756371963,0.7566988473,8.093976038,-3.756371963,0.7566988473
943,8.018939321,4.979357135,0.1467647268,8.018939321,-4.979357135,0.1467647268
944,9.321333876,5.560081286,0.1396690733,9.321333876,-5.560081286,0.1396690733
945,8.30922662,5.515099275,0.9887052188,8.30922662,-5.515099275,0.9887052188
946,8.709852664,4.305488457,0.8543414875,8.709852664,-4.305488457,0.8543414875
947,9.96800251,3.606689802,0.5943365857,9.96800251,-3.606689802,0.5943365857
948,8.772901385,4.934518096,0.3232846541,8.772901385,-4.934518096,0.3232846541
949,9.210201329,6.125435846,0.2313323639,9.210201329,-6.125435846,0.2313323639
950,9.245366382,5.751672071,0.4949234371,9.245366382,-5.751672071,0.4949234371
951,8.422602493,4.037705277,0.9748320687,8.422602493,-4.037705277,0.9748320687
952,8.131380278,5.773259892,0.929951169,8.131380278,-5.773259892,0.929951169
953,9.669480516,3.676288742,0.9312123412,9.669480516,-3.676288742,0.9312123412
954,9.664572424,5.994518295,0.384427793,9.664572424,-5.994518295,0.384427793
955,8.00685377,4.842789379,0.5989484665,8.00685377,-4.842789379,0.5989484665
956,9.62063315,5.252520402,0.9562728627,9.62063315,-5.252520402,0.9562728627
957,9.648886383,5.844742594,0.645525858,9.648886383,-5.844742594,0.645525858
958,8.055686829,3.551521232,0.7247962894,8.055686829,-3.551521232,0.7247962894
959,9.854194055,3.583006204,0.09877261334,9.854194055,-3.583006204,0.09877261334
960,9.025943118,5.263007737,0.04040697039,9.025943118,-5.263007737,0.04040697039
961,8.854493093,3.882164275,0.2307568684,8.854493093,-3.882164275,0.2307568684
962,9.590347789,6.365798951,0.2185820551,9.590347789,-6.365798951,0.2185820551
963,8.914855944,6.210788724,0.265226103,8.914855944,-6.210788724,0.265226103
964,9.980756743,4.5620399,0.1915763638,9.980756743,-4.5620399,0.1915763638
965,9.781682133,3.815289073,0.431277189,9.781682133,-3.815289073,0.431277189
966,9.472023159,6.012186795,0.5843343281,9.472023159,-6.012186795,0.5843343281
967,8.335506867,4.121033678,0.9854835733,8.335506867,-4.121033678,0.9854835733
968,9.582080463,5.254799463,0.9468939976,9.582080463,-5.254799463,0.9468939976
969,9.621337563,3.80209038,0.2541372454,9.621337563,-3.80209038,0.2541372454
970,8.820644789,4.403230443,0.3116269522,8.820644789,-4.403230443,0.3116269522
971,8.885971821,6.435334904,0.8317856243,8.885971821,-6.435334904,0.8317856243
972,8.481807924,5.588582956,0.4954468275,8.481807924,-5.588582956,0.4954468275
973,8.522602609,5.619210124,0.09017672911,8.522602609,-5.619210124,0.09017672911
974,8.794069572,5.103446841,0.3582763378,8.794069572,-5.103446841,0.3582763378
975,9.527094328,4.319861531,0.5845140561,9.527094328,-4.319861531,0.5845140561
976,8.111022332,5.410112587,0.6113445001,8.111022332,-5.410112587,0.6113445001
977,9.233010771,5.209873915,0.7261387469,9.233010771,-5.209873915,0.7261387469
978,9.412979709,3.835806978,0.3721765197,9.412979709,-3.835806978,0.3721765197
979,8.645431206,5.5739104,0.8600922049,8.645431206,-5.5739104,0.8600922049
980,9.016581979,4.970938022,0.9454457541,9.016581979,-4.970938022,0.9454457541
981,8.974695794,3.892114142,0.2332918489,8.974695794,-3.892114142,0.2332918489
982,9.534352349,3.708729563,0.8063120426,9.534352349,-3.708729563,0.8063120426
983,8.224617648,6.381437153,0.05821816002,8.224617648,-6.381437153,0.05821816002
984,9.424064688,6.069667199,0.3397338385,9.424064688,-6.069667199,0.3397338385
985,8.565773159,4.216772399,0.2151340804,8.565773159,-4.216772399,0.2151340804
986,9.209643292,6.104962572,0.987892786,9.209643292,-6.104962572,0.987892786
987,9.279879711,3.991892036,0.04313473749,9.279879711,-3.991892036,0.04313473749
988,8.08841077,3.792226584,0.3488193077,8.08841077,-3.792226584,0.3488193077
989,8.258880018,5.573151096,0.0500742904,8.258880018,-5.573151096,0.0500742904
990,9.26734532,4.05556287,0.8011864098,9.26734532,-4.05556287,0.8011864098
991,8.251311652,5.18946121,0.3300842989,8.251311652,-5.18946121,0.3300842989
992,8.253370647,4.352561271,0.07980709088,8.253370647,-4.352561271,0.07980709088
993,8.544247174,5.467332238,0.5745552872,8.544247174,-5.467332238,0.5745552872
994,9.375597846,6.272773082,0.1485083541,9.375597846,-6.272773082,0.1485083541
995,8.733176838,5.721337361,0.06079274829,8.733176838,-5.721337361,0.06079274829
996,8.113128814,3.746146693,0.7947720481,8.113128814,-3.746146693,0.7947720481
997,9.252570397,5.944081389,0.1179046853,9.252570397,-5.944081389,0.1179046853
998,9.069039198,4.834927531,0.7649608915,9.069039198,-4.834927531,0.7649608915
999,8.910630804,6.385916719,0.7207721193,8.910630804,-6.385916719,0.7207721193