Dynamic Position,Egt2RightPosX:,Egt2RightPosY:,Egt2RightPosZ:,Egt2LeftPosX:,Egt2LeftPosY:,Egt2LeftPosZ:
1,0.2097284604,-4.769783495,0.7706759165,-0.2097284604,-4.769783495,0.7706759165
2,0.2297284604,-4.769783495,0.7706759165,-0.2297284604,-4.769783495,0.7706759165
3,0.2597284604,-4.769783495,0.7706759165,-0.2597284604,-4.769783495,0.7706759165
4,0.2997284604,-4.769783495,0.7706759165,-0.2997284604,-4.769783495,0.7706759165
5,0.3497284604,-4.769783495,0.7706759165,-0.3497284604,-4.769783495,0.7706759165
6,0.4097284604,-4.769783495,0.7706759165,-0.4097284604,-4.769783495,0.7706759165
7,0.4797284604,-4.769783495,0.7706759165,-0.4797284604,-4.769783495,0.7706759165
8,0.5597284604,-4.769783495,0.7706759165,-0.5597284604,-4.769783495,0.7706759165
9,0.6497284604,-4.769783495,0.7706759165,-0.6497284604,-4.769783495,0.7706759165
10,0.7497284604,-4.769783495,0.7706759165,-0.7497284604,-4.769783495,0.7706759165
11,0.8597284604,-4.769783495,0.7706759165,-0.8597284604,-4.769783495,0.7706759165
12,0.9797284604,-4.769783495,0.7706759165,-0.9797284604,-4.769783495,0.7706759165
13,1.10972846,-4.769783495,0.7706759165,-1.10972846,-4.769783495,0.7706759165
14,1.24972846,-4.769783495,0.7706759165,-1.24972846,-4.769783495,0.7706759165
15,1.39972846,-4.769783495,0.7706759165,-1.39972846,-4.769783495,0.7706759165
16,1.55972846,-4.769783495,0.7706759165,-1.55972846,-4.769783495,0.7706759165
17,1.72972846,-4.769783495,0.7706759165,-1.72972846,-4.769783495,0.7706759165
18,1.90972846,-4.769783495,0.7706759165,-1.90972846,-4.769783495,0.7706759165
19,2.09972846,-4.769783495,0.7706759165,-2.09972846,-4.769783495,0.7706759165
20,2.29972846,-4.769783495,0.7706759165,-2.29972846,-4.769783495,0.7706759165
21,2.50972846,-4.769783495,0.7706759165,-2.50972846,-4.769783495,0.7706759165
22,2.72972846,-4.769783495,0.7706759165,-2.72972846,-4.769783495,0.7706759165
23,2.95972846,-4.769783495,0.7706759165,-2.95972846,-4.769783495,0.7706759165
24,3.19972846,-4.769783495,0.7706759165,-3.19972846,-4.769783495,0.7706759165
25,3.44972846,-4.769783495,0.7706759165,-3.44972846,-4.769783495,0.7706759165
26,3.70972846,-4.769783495,0.7706759165,-3.70972846,-4.769783495,0.7706759165
27,3.97972846,-4.769783495,0.7706759165,-3.97972846,-4.769783495,0.7706759165
28,4.25972846,-4.769783495,0.7706759165,-4.25972846,-4.769783495,0.7706759165
29,4.54972846,-4.769783495,0.7706759165,-4.54972846,-4.769783495,0.7706759165
30,4.84972846,-4.769783495,0.7706759165,-4.84972846,-4.769783495,0.7706759165
31,5.15972846,-4.769783495,0.7706759165,-5.15972846,-4.769783495,0.7706759165
32,5.47972846,-4.769783495,0.7706759165,-5.47972846,-4.769783495,0.7706759165
33,5.80972846,-4.769783495,0.7706759165,-5.80972846,-4.769783495,0.7706759165
34,6.14972846,-4.769783495,0.7706759165,-6.14972846,-4.769783495,0.7706759165
35,6.49972846,-4.769783495,0.7706759165,-6.49972846,-4.769783495,0.7706759165
36,6.85972846,-4.769783495,0.7706759165,-6.85972846,-4.769783495,0.7706759165
37,7.22972846,-4.769783495,0.7706759165,-7.22972846,-4.769783495,0.7706759165
38,7.60972846,-4.769783495,0.7706759165,-7.60972846,-4.769783495,0.7706759165
39,7.99972846,-4.769783495,0.7706759165,-7.99972846,-4.769783495,0.7706759165
40,8.39972846,-4.769783495,0.7706759165,-8.39972846,-4.769783495,0.7706759165
41,8.80972846,-4.769783495,0.7706759165,-8.80972846,-4.769783495,0.7706759165
42,9.22972846,-4.769783495,0.7706759165,-9.22972846,-4.769783495,0.7706759165
43,9.65972846,-4.769783495,0.7706759165,-9.65972846,-4.769783495,0.7706759165
44,10.09972846,-4.769783495,0.7706759165,-10.09972846,-4.769783495,0.7706759165
45,10.54972846,-4.769783495,0.7706759165,-10.54972846,-4.769783495,0.7706759165
46,10.09972846,-4.769783495,0.7706759165,-10.09972846,-4.769783495,0.7706759165
47,9.65972846,-4.769783495,0.7706759165,-9.65972846,-4.769783495,0.7706759165
48,9.22972846,-4.769783495,0.7706759165,-9.22972846,-4.769783495,0.7706759165
49,8.80972846,-4.769783495,0.7706759165,-8.80972846,-4.769783495,0.7706759165
50,8.39972846,-4.769783495,0.7706759165,-8.39972846,-4.769783495,0.7706759165
51,7.99972846,-4.769783495,0.7706759165,-7.99972846,-4.769783495,0.7706759165
52,7.60972846,-4.769783495,0.7706759165,-7.60972846,-4.769783495,0.7706759165
53,7.22972846,-4.769783495,0.7706759165,-7.22972846,-4.769783495,0.7706759165
54,6.85972846,-4.769783495,0.7706759165,-6.85972846,-4.769783495,0.7706759165
55,6.49972846,-4.769783495,0.7706759165,-6.49972846,-4.769783495,0.7706759165
56,6.14972846,-4.769783495,0.7706759165,-6.14972846,-4.769783495,0.7706759165
57,5.80972846,-4.769783495,0.7706759165,-5.80972846,-4.769783495,0.7706759165
58,5.47972846,-4.769783495,0.7706759165,-5.47972846,-4.769783495,0.7706759165
59,5.15972846,-4.769783495,0.7706759165,-5.15972846,-4.769783495,0.7706759165
60,4.84972846,-4.769783495,0.7706759165,-4.84972846,-4.769783495,0.7706759165
61,4.54972846,-4.769783495,0.7706759165,-4.54972846,-4.769783495,0.7706759165
62,4.25972846,-4.769783495,0.7706759165,-4.25972846,-4.769783495,0.7706759165
63,3.97972846,-4.769783495,0.7706759165,-3.97972846,-4.769783495,0.7706759165
64,3.70972846,-4.769783495,0.7706759165,-3.70972846,-4.769783495,0.7706759165
65,3.44972846,-4.769783495,0.7706759165,-3.44972846,-4.769783495,0.7706759165
66,3.19972846,-4.769783495,0.7706759165,-3.19972846,-4.769783495,0.7706759165
67,2.95972846,-4.769783495,0.7706759165,-2.95972846,-4.769783495,0.7706759165
68,2.72972846,-4.769783495,0.7706759165,-2.72972846,-4.769783495,0.7706759165
69,2.50972846,-4.769783495,0.7706759165,-2.50972846,-4.769783495,0.7706759165
70,2.29972846,-4.769783495,0.7706759165,-2.29972846,-4.769783495,0.7706759165
71,2.09972846,-4.769783495,0.7706759165,-2.09972846,-4.769783495,0.7706759165
72,1.90972846,-4.769783495,0.7706759165,-1.90972846,-4.769783495,0.7706759165
73,1.72972846,-4.769783495,0.7706759165,-1.72972846,-4.769783495,0.7706759165
74,1.55972846,-4.769783495,0.7706759165,-1.55972846,-4.769783495,0.7706759165
75,1.39972846,-4.769783495,0.7706759165,-1.39972846,-4.769783495,0.7706759165
76,1.24972846,-4.769783495,0.7706759165,-1.24972846,-4.769783495,0.7706759165
77,1.10972846,-4.769783495,0.7706759165,-1.10972846,-4.769783495,0.7706759165
78,0.9797284604,-4.769783495,0.7706759165,-0.9797284604,-4.769783495,0.7706759165
79,0.8597284604,-4.769783495,0.7706759165,-0.8597284604,-4.769783495,0.7706759165
80,0.7497284604,-4.769783495,0.7706759165,-0.7497284604,-4.769783495,0.7706759165
81,0.6497284604,-4.769783495,0.7706759165,-0.6497284604,-4.769783495,0.7706759165
82,0.5597284604,-4.769783495,0.7706759165,-0.5597284604,-4.769783495,0.7706759165
83,0.4097284604,-4.769783495,0.7706759165,-0.4097284604,-4.769783495,0.7706759165
84,0.3497284604,-4.769783495,0.7706759165,-0.3497284604,-4.769783495,0.7706759165
85,0.2997284604,-4.769783495,0.7706759165,-0.2997284604,-4.769783495,0.7706759165
86,0.2597284604,-4.769783495,0.7706759165,-0.2597284604,-4.769783495,0.7706759165
87,0.2297284604,-4.769783495,0.7706759165,-0.2297284604,-4.769783495,0.7706759165
88,0.2097284604,-4.769783495,0.7706759165,-0.2097284604,-4.769783495,0.7706759165
89,0.2297284604,-4.769783495,0.7706759165,,-4.769783495,0.7706759165
90,0.2597284604,-4.769783495,0.7706759165,-0.2597284604,-4.769783495,0.7706759165
91,0.2997284604,-4.769783495,0.7706759165,-0.2997284604,-4.769783495,0.7706759165
92,0.3497284604,-4.769783495,0.7706759165,-0.3497284604,-4.769783495,0.7706759165
93,0.4097284604,-4.769783495,0.7706759165,-0.4097284604,-4.769783495,0.7706759165
94,0.5597284604,-4.769783495,0.7706759165,-0.5597284604,-4.769783495,0.7706759165
95,0.6497284604,-4.769783495,0.7706759165,-0.6497284604,-4.769783495,0.7706759165
96,0.7497284604,-4.769783495,0.7706759165,-0.7497284604,-4.769783495,0.7706759165
97,0.8597284604,-4.769783495,0.7706759165,-0.8597284604,-4.769783495,0.7706759165
98,0.9797284604,-4.769783495,0.7706759165,-0.9797284604,-4.769783495,0.7706759165
99,1.10972846,-4.769783495,0.7706759165,-1.10972846,-4.769783495,0.7706759165
100,1.24972846,-4.769783495,0.7706759165,-1.24972846,-4.769783495,0.7706759165
101,1.39972846,-4.769783495,0.7706759165,-1.39972846,-4.769783495,0.7706759165
102,1.55972846,-4.769783495,0.7706759165,-1.55972846,-4.769783495,0.7706759165
103,1.72972846,-4.769783495,0.7706759165,-1.72972846,-4.769783495,0.7706759165
104,1.90972846,-4.769783495,0.7706759165,-1.90972846,-4.769783495,0.7706759165
105,2.09972846,-4.769783495,0.7706759165,-2.09972846,-4.769783495,0.7706759165
106,2.29972846,-4.769783495,0.7706759165,-2.29972846,-4.769783495,0.7706759165
107,2.50972846,-4.769783495,0.7706759165,-2.50972846,-4.769783495,0.7706759165
108,2.72972846,-4.769783495,0.7706759165,-2.72972846,-4.769783495,0.7706759165
109,2.95972846,-4.769783495,0.7706759165,-2.95972846,-4.769783495,0.7706759165
110,3.19972846,-4.769783495,0.7706759165,-3.19972846,-4.769783495,0.7706759165
111,3.44972846,-4.769783495,0.7706759165,-3.44972846,-4.769783495,0.7706759165
112,3.70972846,-4.769783495,0.7706759165,-3.70972846,-4.769783495,0.7706759165
113,3.97972846,-4.769783495,0.7706759165,-3.97972846,-4.769783495,0.7706759165
114,4.25972846,-4.769783495,0.7706759165,-4.25972846,-4.769783495,0.7706759165
115,4.54972846,-4.769783495,0.7706759165,-4.54972846,-4.769783495,0.7706759165
116,4.84972846,-4.769783495,0.7706759165,-4.84972846,-4.769783495,0.7706759165
117,5.15972846,-4.769783495,0.7706759165,-5.15972846,-4.769783495,0.7706759165
118,5.47972846,-4.769783495,0.7706759165,-5.47972846,-4.769783495,0.7706759165
119,5.80972846,-4.769783495,0.7706759165,-5.80972846,-4.769783495,0.7706759165
120,6.14972846,-4.769783495,0.7706759165,-6.14972846,-4.769783495,0.7706759165
121,6.49972846,-4.769783495,0.7706759165,-6.49972846,-4.769783495,0.7706759165
122,6.85972846,-4.769783495,0.7706759165,-6.85972846,-4.769783495,0.7706759165
123,7.22972846,-4.769783495,0.7706759165,-7.22972846,-4.769783495,0.7706759165
124,7.60972846,-4.769783495,0.7706759165,-7.60972846,-4.769783495,0.7706759165
125,7.99972846,-4.769783495,0.7706759165,-7.99972846,-4.769783495,0.7706759165
126,8.39972846,-4.769783495,0.7706759165,-8.39972846,-4.769783495,0.7706759165
127,8.80972846,-4.769783495,0.7706759165,-8.80972846,-4.769783495,0.7706759165
128,9.22972846,-4.769783495,0.7706759165,-9.22972846,-4.769783495,0.7706759165
129,9.65972846,-4.769783495,0.7706759165,-9.65972846,-4.769783495,0.7706759165
130,10.09972846,-4.769783495,0.7706759165,-10.09972846,-4.769783495,0.7706759165
131,10.54972846,-4.769783495,0.7706759165,-10.54972846,-4.769783495,0.7706759165
132,10.09972846,-4.769783495,0.7706759165,-10.09972846,-4.769783495,0.7706759165
133,9.65972846,-4.769783495,0.7706759165,-9.65972846,-4.769783495,0.7706759165
134,9.22972846,-4.769783495,0.7706759165,-9.22972846,-4.769783495,0.7706759165
135,8.80972846,-4.769783495,0.7706759165,-8.80972846,-4.769783495,0.7706759165
136,8.39972846,-4.769783495,0.7706759165,-8.39972846,-4.769783495,0.7706759165
137,7.99972846,-4.769783495,0.7706759165,-7.99972846,-4.769783495,0.7706759165
138,7.60972846,-4.769783495,0.7706759165,-7.60972846,-4.769783495,0.7706759165
139,7.22972846,-4.769783495,0.7706759165,-7.22972846,-4.769783495,0.7706759165
140,6.85972846,-4.769783495,0.7706759165,-6.85972846,-4.769783495,0.7706759165
141,6.49972846,-4.769783495,0.7706759165,-6.49972846,-4.769783495,0.7706759165
142,6.14972846,-4.769783495,0.7706759165,-6.14972846,-4.769783495,0.7706759165
143,5.80972846,-4.769783495,0.7706759165,-5.80972846,-4.769783495,0.7706759165
144,5.47972846,-4.769783495,0.7706759165,-5.47972846,-4.769783495,0.7706759165
145,5.15972846,-4.769783495,0.7706759165,-5.15972846,-4.769783495,0.7706759165
146,4.84972846,-4.769783495,0.7706759165,-4.84972846,-4.769783495,0.7706759165
147,4.54972846,-4.769783495,0.7706759165,-4.54972846,-4.769783495,0.7706759165
148,4.25972846,-4.769783495,0.7706759165,-4.25972846,-4.769783495,0.7706759165
149,3.97972846,-4.769783495,0.7706759165,-3.97972846,-4.769783495,0.7706759165
150,3.70972846,-4.769783495,0.7706759165,-3.70972846,-4.769783495,0.7706759165
151,3.44972846,-4.769783495,0.7706759165,-3.44972846,-4.769783495,0.7706759165
152,3.19972846,-4.769783495,0.7706759165,-3.19972846,-4.769783495,0.7706759165
153,2.95972846,-4.769783495,0.7706759165,-2.95972846,-4.769783495,0.7706759165
154,2.72972846,-4.769783495,0.7706759165,-2.72972846,-4.769783495,0.7706759165
155,2.50972846,-4.769783495,0.7706759165,-2.50972846,-4.769783495,0.7706759165
156,2.29972846,-4.769783495,0.7706759165,-2.29972846,-4.769783495,0.7706759165
157,2.09972846,-4.769783495,0.7706759165,-2.09972846,-4.769783495,0.7706759165
158,1.90972846,-4.769783495,0.7706759165,-1.90972846,-4.769783495,0.7706759165
159,1.72972846,-4.769783495,0.7706759165,-1.72972846,-4.769783495,0.7706759165
160,1.55972846,-4.769783495,0.7706759165,-1.55972846,-4.769783495,0.7706759165
161,1.39972846,-4.769783495,0.7706759165,-1.39972846,-4.769783495,0.7706759165
162,1.24972846,-4.769783495,0.7706759165,-1.24972846,-4.769783495,0.7706759165
163,1.10972846,-4.769783495,0.7706759165,-1.10972846,-4.769783495,0.7706759165
164,0.9797284604,-4.769783495,0.7706759165,-0.9797284604,-4.769783495,0.7706759165
165,0.8597284604,-4.769783495,0.7706759165,-0.8597284604,-4.769783495,0.7706759165
166,0.7497284604,-4.769783495,0.7706759165,-0.7497284604,-4.769783495,0.7706759165
167,0.6497284604,-4.769783495,0.7706759165,-0.6497284604,-4.769783495,0.7706759165
168,0.5597284604,-4.769783495,0.7706759165,-0.5597284604,-4.769783495,0.7706759165
169,0.3497284604,-4.769783495,0.7706759165,-0.3497284604,-4.769783495,0.7706759165
170,0.2997284604,-4.769783495,0.7706759165,-0.2997284604,-4.769783495,0.7706759165
171,0.2597284604,-4.769783495,0.7706759165,-0.2597284604,-4.769783495,0.7706759165
172,0.2297284604,-4.769783495,0.7706759165,-0.2297284604,-4.769783495,0.7706759165
173,0.2097284604,-4.769783495,0.7706759165,-0.2097284604,-4.769783495,0.7706759165
174,0.2297284604,-4.769783495,0.7706759165,-0.2297284604,-4.769783495,0.7706759165
175,0.2097284604,-4.769783495,0.7706759165,-0.2097284604,-4.769783495,0.7706759165
176,0.2297284604,-4.769783495,0.7706759165,-0.2297284604,-4.769783495,0.7706759165
177,0.2597284604,-4.769783495,0.7706759165,-0.2597284604,-4.769783495,0.7706759165
178,0.2997284604,-4.769783495,0.7706759165,-0.2997284604,-4.769783495,0.7706759165
179,0.3497284604,-4.769783495,0.7706759165,-0.3497284604,-4.769783495,0.7706759165
180,0.5597284604,-4.769783495,0.7706759165,-0.5597284604,-4.769783495,0.7706759165
181,0.6497284604,-4.769783495,0.7706759165,-0.6497284604,-4.769783495,0.7706759165
182,0.7497284604,-4.769783495,0.7706759165,-0.7497284604,-4.769783495,0.7706759165
183,0.8597284604,-4.769783495,0.7706759165,-0.8597284604,-4.769783495,0.7706759165
184,0.9797284604,-4.769783495,0.7706759165,-0.9797284604,-4.769783495,0.7706759165
185,1.10972846,-4.769783495,0.7706759165,-1.10972846,-4.769783495,0.7706759165
186,1.24972846,-4.769783495,0.7706759165,-1.24972846,-4.769783495,0.7706759165
187,1.39972846,-4.769783495,0.7706759165,-1.39972846,-4.769783495,0.7706759165
188,1.55972846,-4.769783495,0.7706759165,-1.55972846,-4.769783495,0.7706759165
189,1.72972846,-4.769783495,0.7706759165,-1.72972846,-4.769783495,0.7706759165
190,1.90972846,-4.769783495,0.7706759165,-1.90972846,-4.769783495,0.7706759165
191,2.09972846,-4.769783495,0.7706759165,-2.09972846,-4.769783495,0.7706759165
192,2.29972846,-4.769783495,0.7706759165,-2.29972846,-4.769783495,0.7706759165
193,2.50972846,-4.769783495,0.7706759165,-2.50972846,-4.769783495,0.7706759165
194,2.72972846,-4.769783495,0.7706759165,-2.72972846,-4.769783495,0.7706759165
195,2.95972846,-4.769783495,0.7706759165,-2.95972846,-4.769783495,0.7706759165
196,3.19972846,-4.769783495,0.7706759165,-3.19972846,-4.769783495,0.7706759165
197,3.44972846,-4.769783495,0.7706759165,-3.44972846,-4.769783495,0.7706759165
198,3.70972846,-4.769783495,0.7706759165,-3.70972846,-4.769783495,0.7706759165
199,3.97972846,-4.769783495,0.7706759165,-3.97972846,-4.769783495,0.7706759165
200,4.25972846,-4.769783495,0.7706759165,-4.25972846,-4.769783495,0.7706759165
201,4.54972846,-4.769783495,0.7706759165,-4.54972846,-4.769783495,0.7706759165
202,4.84972846,-4.769783495,0.7706759165,-4.84972846,-4.769783495,0.7706759165
203,5.15972846,-4.769783495,0.7706759165,-5.15972846,-4.769783495,0.7706759165
204,5.47972846,-4.769783495,0.7706759165,-5.47972846,-4.769783495,0.7706759165
205,5.80972846,-4.769783495,0.7706759165,-5.80972846,-4.769783495,0.7706759165
206,6.14972846,-4.769783495,0.7706759165,-6.14972846,-4.769783495,0.7706759165
207,6.49972846,-4.769783495,0.7706759165,-6.49972846,-4.769783495,0.7706759165
208,6.85972846,-4.769783495,0.7706759165,-6.85972846,-4.769783495,0.7706759165
209,7.22972846,-4.769783495,0.7706759165,-7.22972846,-4.769783495,0.7706759165
210,7.60972846,-4.769783495,0.7706759165,-7.60972846,-4.769783495,0.7706759165
211,7.99972846,-4.769783495,0.7706759165,-7.99972846,-4.769783495,0.7706759165
212,8.39972846,-4.769783495,0.7706759165,-8.39972846,-4.769783495,0.7706759165
213,8.80972846,-4.769783495,0.7706759165,-8.80972846,-4.769783495,0.7706759165
214,9.22972846,-4.769783495,0.7706759165,-9.22972846,-4.769783495,0.7706759165
215,9.65972846,-4.769783495,0.7706759165,-9.65972846,-4.769783495,0.7706759165
216,10.09972846,-4.769783495,0.7706759165,-10.09972846,-4.769783495,0.7706759165
217,10.54972846,-4.769783495,0.7706759165,-10.54972846,-4.769783495,0.7706759165
218,10.09972846,-4.769783495,0.7706759165,-10.09972846,-4.769783495,0.7706759165
219,9.65972846,-4.769783495,0.7706759165,-9.65972846,-4.769783495,0.7706759165
220,9.22972846,-4.769783495,0.7706759165,-9.22972846,-4.769783495,0.7706759165
221,8.80972846,-4.769783495,0.7706759165,-8.80972846,-4.769783495,0.7706759165
222,8.39972846,-4.769783495,0.7706759165,-8.39972846,-4.769783495,0.7706759165
223,7.99972846,-4.769783495,0.7706759165,-7.99972846,-4.769783495,0.7706759165
224,7.60972846,-4.769783495,0.7706759165,-7.60972846,-4.769783495,0.7706759165
225,7.22972846,-4.769783495,0.7706759165,-7.22972846,-4.769783495,0.7706759165
226,6.85972846,-4.769783495,0.7706759165,-6.85972846,-4.769783495,0.7706759165
227,6.49972846,-4.769783495,0.7706759165,-6.49972846,-4.769783495,0.7706759165
228,6.14972846,-4.769783495,0.7706759165,-6.14972846,-4.769783495,0.7706759165
229,5.80972846,-4.769783495,0.7706759165,-5.80972846,-4.769783495,0.7706759165
230,5.47972846,-4.769783495,0.7706759165,-5.47972846,-4.769783495,0.7706759165
231,5.15972846,-4.769783495,0.7706759165,-5.15972846,-4.769783495,0.7706759165
232,4.84972846,-4.769783495,0.7706759165,-4.84972846,-4.769783495,0.7706759165
233,4.54972846,-4.769783495,0.7706759165,-4.54972846,-4.769783495,0.7706759165
234,4.25972846,-4.769783495,0.7706759165,-4.25972846,-4.769783495,0.7706759165
235,3.97972846,-4.769783495,0.7706759165,-3.97972846,-4.769783495,0.7706759165
236,3.70972846,-4.769783495,0.7706759165,-3.70972846,-4.769783495,0.7706759165
237,3.44972846,-4.769783495,0.7706759165,-3.44972846,-4.769783495,0.7706759165
238,3.19972846,-4.769783495,0.7706759165,-3.19972846,-4.769783495,0.7706759165
239,2.95972846,-4.769783495,0.7706759165,-2.95972846,-4.769783495,0.7706759165
240,2.72972846,-4.769783495,0.7706759165,-2.72972846,-4.769783495,0.7706759165
241,2.50972846,-4.769783495,0.7706759165,-2.50972846,-4.769783495,0.7706759165
242,2.29972846,-4.769783495,0.7706759165,-2.29972846,-4.769783495,0.7706759165
243,2.09972846,-4.769783495,0.7706759165,-2.09972846,-4.769783495,0.7706759165
244,1.90972846,-4.769783495,0.7706759165,-1.90972846,-4.769783495,0.7706759165
245,1.72972846,-4.769783495,0.7706759165,-1.72972846,-4.769783495,0.7706759165
246,1.55972846,-4.769783495,0.7706759165,-1.55972846,-4.769783495,0.7706759165
247,1.39972846,-4.769783495,0.7706759165,-1.39972846,-4.769783495,0.7706759165
248,1.24972846,-4.769783495,0.7706759165,-1.24972846,-4.769783495,0.7706759165
249,1.10972846,-4.769783495,0.7706759165,-1.10972846,-4.769783495,0.7706759165
250,0.9797284604,-4.769783495,0.7706759165,-0.9797284604,-4.769783495,0.7706759165
251,0.8597284604,-4.769783495,0.7706759165,-0.8597284604,-4.769783495,0.7706759165
252,0.7497284604,-4.769783495,0.7706759165,-0.7497284604,-4.769783495,0.7706759165
253,0.6497284604,-4.769783495,0.7706759165,-0.6497284604,-4.769783495,0.7706759165
254,0.5597284604,-4.769783495,0.7706759165,-0.5597284604,-4.769783495,0.7706759165
255,0.2997284604,-4.769783495,0.7706759165,-0.2997284604,-4.769783495,0.7706759165
256,0.2597284604,-4.769783495,0.7706759165,-0.2597284604,-4.769783495,0.7706759165
257,0.2297284604,-4.769783495,0.7706759165,-0.2297284604,-4.769783495,0.7706759165
258,0.2097284604,-4.769783495,0.7706759165,-0.2097284604,-4.769783495,0.7706759165
259,0.2297284604,-4.769783495,0.7706759165,-0.2297284604,-4.769783495,0.7706759165
260,0.2097284604,-4.769783495,0.7706759165,-0.2097284604,-4.769783495,0.7706759165
261,0.2297284604,-4.769783495,0.7706759165,-0.2297284604,-4.769783495,0.7706759165
262,0.2097284604,-4.769783495,0.7706759165,-0.2097284604,-4.769783495,0.7706759165
263,0.2297284604,-4.769783495,0.7706759165,-0.2297284604,-4.769783495,0.7706759165
264,0.2597284604,-4.769783495,0.7706759165,-0.2597284604,-4.769783495,0.7706759165
265,0.2997284604,-4.769783495,0.7706759165,-0.2997284604,-4.769783495,0.7706759165
266,0.5597284604,-4.769783495,0.7706759165,-0.5597284604,-4.769783495,0.7706759165
267,0.6497284604,-4.769783495,0.7706759165,-0.6497284604,-4.769783495,0.7706759165
268,0.7497284604,-4.769783495,0.7706759165,-0.7497284604,-4.769783495,0.7706759165
269,0.8597284604,-4.769783495,0.7706759165,-0.8597284604,-4.769783495,0.7706759165
270,0.9797284604,-4.769783495,0.7706759165,-0.9797284604,-4.769783495,0.7706759165
271,1.10972846,-4.769783495,0.7706759165,-1.10972846,-4.769783495,0.7706759165
272,1.24972846,-4.769783495,0.7706759165,-1.24972846,-4.769783495,0.7706759165
273,1.39972846,-4.769783495,0.7706759165,-1.39972846,-4.769783495,0.7706759165
274,1.55972846,-4.769783495,0.7706759165,-1.55972846,-4.769783495,0.7706759165
275,1.72972846,-4.769783495,0.7706759165,-1.72972846,-4.769783495,0.7706759165
276,1.90972846,-4.769783495,0.7706759165,-1.90972846,-4.769783495,0.7706759165
277,2.09972846,-4.769783495,0.7706759165,-2.09972846,-4.769783495,0.7706759165
278,2.29972846,-4.769783495,0.7706759165,-2.29972846,-4.769783495,0.7706759165
279,2.50972846,-4.769783495,0.7706759165,-2.50972846,-4.769783495,0.7706759165
280,2.72972846,-4.769783495,0.7706759165,-2.72972846,-4.769783495,0.7706759165
281,2.95972846,-4.769783495,0.7706759165,-2.95972846,-4.769783495,0.7706759165
282,3.19972846,-4.769783495,0.7706759165,-3.19972846,-4.769783495,0.7706759165
283,3.44972846,-4.769783495,0.7706759165,-3.44972846,-4.769783495,0.7706759165
284,3.70972846,-4.769783495,0.7706759165,-3.70972846,-4.769783495,0.7706759165
285,3.97972846,-4.769783495,0.7706759165,-3.97972846,-4.769783495,0.7706759165
286,4.25972846,-4.769783495,0.7706759165,-4.25972846,-4.769783495,0.7706759165
287,4.54972846,-4.769783495,0.7706759165,-4.54972846,-4.769783495,0.7706759165
288,4.84972846,-4.769783495,0.7706759165,-4.84972846,-4.769783495,0.7706759165
289,5.15972846,-4.769783495,0.7706759165,-5.15972846,-4.769783495,0.7706759165
290,5.47972846,-4.769783495,0.7706759165,-5.47972846,-4.769783495,0.7706759165
291,5.80972846,-4.769783495,0.7706759165,-5.80972846,-4.769783495,0.7706759165
292,6.14972846,-4.769783495,0.7706759165,-6.14972846,-4.769783495,0.7706759165
293,6.49972846,-4.769783495,0.7706759165,-6.49972846,-4.769783495,0.7706759165
294,6.85972846,-4.769783495,0.7706759165,-6.85972846,-4.769783495,0.7706759165
295,7.22972846,-4.769783495,0.7706759165,-7.22972846,-4.769783495,0.7706759165
296,7.60972846,-4.769783495,0.7706759165,-7.60972846,-4.769783495,0.7706759165
297,7.99972846,-4.769783495,0.7706759165,-7.99972846,-4.769783495,0.7706759165
298,8.39972846,-4.769783495,0.7706759165,-8.39972846,-4.769783495,0.7706759165
299,8.80972846,-4.769783495,0.7706759165,-8.80972846,-4.769783495,0.7706759165
300,9.22972846,-4.769783495,0.7706759165,-9.22972846,-4.769783495,0.7706759165
301,9.65972846,-4.769783495,0.7706759165,-9.65972846,-4.769783495,0.7706759165
302,10.09972846,-4.769783495,0.7706759165,-10.09972846,-4.769783495,0.7706759165
303,10.54972846,-4.769783495,0.7706759165,-10.54972846,-4.769783495,0.7706759165
304,10.09972846,-4.769783495,0.7706759165,-10.09972846,-4.769783495,0.7706759165
305,9.65972846,-4.769783495,0.7706759165,-9.65972846,-4.769783495,0.7706759165
306,9.22972846,-4.769783495,0.7706759165,-9.22972846,-4.769783495,0.7706759165
307,8.80972846,-4.769783495,0.7706759165,-8.80972846,-4.769783495,0.7706759165
308,8.39972846,-4.769783495,0.7706759165,-8.39972846,-4.769783495,0.7706759165
309,7.99972846,-4.769783495,0.7706759165,-7.99972846,-4.769783495,0.7706759165
310,7.60972846,-4.769783495,0.7706759165,-7.60972846,-4.769783495,0.7706759165
311,7.22972846,-4.769783495,0.7706759165,-7.22972846,-4.769783495,0.7706759165
312,6.85972846,-4.769783495,0.7706759165,-6.85972846,-4.769783495,0.7706759165
313,6.49972846,-4.769783495,0.7706759165,-6.49972846,-4.769783495,0.7706759165
314,6.14972846,-4.769783495,0.7706759165,-6.14972846,-4.769783495,0.7706759165
315,5.80972846,-4.769783495,0.7706759165,-5.80972846,-4.769783495,0.7706759165
316,5.47972846,-4.769783495,0.7706759165,-5.47972846,-4.769783495,0.7706759165
317,5.15972846,-4.769783495,0.7706759165,-5.15972846,-4.769783495,0.7706759165
318,4.84972846,-4.769783495,0.7706759165,-4.84972846,-4.769783495,0.7706759165
319,4.54972846,-4.769783495,0.7706759165,-4.54972846,-4.769783495,0.7706759165
320,4.25972846,-4.769783495,0.7706759165,-4.25972846,-4.769783495,0.7706759165
321,3.97972846,-4.769783495,0.7706759165,-3.97972846,-4.769783495,0.7706759165
322,3.70972846,-4.769783495,0.7706759165,-3.70972846,-4.769783495,0.7706759165
323,3.44972846,-4.769783495,0.7706759165,-3.44972846,-4.769783495,0.7706759165
324,3.19972846,-4.769783495,0.7706759165,-3.19972846,-4.769783495,0.7706759165
325,2.95972846,-4.769783495,0.7706759165,-2.95972846,-4.769783495,0.7706759165
326,2.72972846,-4.769783495,0.7706759165,-2.72972846,-4.769783495,0.7706759165
327,2.50972846,-4.769783495,0.7706759165,-2.50972846,-4.769783495,0.7706759165
328,2.29972846,-4.769783495,0.7706759165,-2.29972846,-4.769783495,0.7706759165
329,2.09972846,-4.769783495,0.7706759165,-2.09972846,-4.769783495,0.7706759165
330,1.90972846,-4.769783495,0.7706759165,-1.90972846,-4.769783495,0.7706759165
331,1.72972846,-4.769783495,0.7706759165,-1.72972846,-4.769783495,0.7706759165
332,1.55972846,-4.769783495,0.7706759165,-1.55972846,-4.769783495,0.7706759165
333,1.39972846,-4.769783495,0.7706759165,-1.39972846,-4.769783495,0.7706759165
334,1.24972846,-4.769783495,0.7706759165,-1.24972846,-4.769783495,0.7706759165
335,1.10972846,-4.769783495,0.7706759165,-1.10972846,-4.769783495,0.7706759165
336,0.9797284604,-4.769783495,0.7706759165,-0.9797284604,-4.769783495,0.7706759165
337,0.8597284604,-4.769783495,0.7706759165,-0.8597284604,-4.769783495,0.7706759165
338,0.7497284604,-4.769783495,0.7706759165,-0.7497284604,-4.769783495,0.7706759165
339,0.6497284604,-4.769783495,0.7706759165,-0.6497284604,-4.769783495,0.7706759165
340,0.5597284604,-4.769783495,0.7706759165,-0.5597284604,-4.769783495,0.7706759165
341,0.2597284604,-4.769783495,0.7706759165,-0.2597284604,-4.769783495,0.7706759165
342,0.2297284604,-4.769783495,0.7706759165,-0.2297284604,-4.769783495,0.7706759165
343,0.2097284604,-4.769783495,0.7706759165,-0.2097284604,-4.769783495,0.7706759165
344,0.2297284604,-4.769783495,0.7706759165,-0.2297284604,-4.769783495,0.7706759165
345,0.2097284604,-4.769783495,0.7706759165,-0.2097284604,-4.769783495,0.7706759165
346,0.2297284604,-4.769783495,0.7706759165,-0.2297284604,-4.769783495,0.7706759165
347,0.2097284604,-4.769783495,0.7706759165,-0.2097284604,-4.769783495,0.7706759165
348,0.2297284604,-4.769783495,0.7706759165,-0.2297284604,-4.769783495,0.7706759165
349,0.2097284604,-4.769783495,0.7706759165,-0.2097284604,-4.769783495,0.7706759165
350,0.2297284604,-4.769783495,0.7706759165,-0.2297284604,-4.769783495,0.7706759165
351,0.2597284604,-4.769783495,0.7706759165,-0.2597284604,-4.769783495,0.7706759165
352,0.5597284604,-4.769783495,0.7706759165,-0.5597284604,-4.769783495,0.7706759165
353,0.6497284604,-4.769783495,0.7706759165,-0.6497284604,-4.769783495,0.7706759165
354,0.7497284604,-4.769783495,0.7706759165,-0.7497284604,-4.769783495,0.7706759165
355,0.8597284604,-4.769783495,0.7706759165,-0.8597284604,-4.769783495,0.7706759165
356,0.9797284604,-4.769783495,0.7706759165,-0.9797284604,-4.769783495,0.7706759165
357,1.10972846,-4.769783495,0.7706759165,-1.10972846,-4.769783495,0.7706759165
358,1.24972846,-4.769783495,0.7706759165,-1.24972846,-4.769783495,0.7706759165
359,1.39972846,-4.769783495,0.7706759165,-1.39972846,-4.769783495,0.7706759165
360,1.55972846,-4.769783495,0.7706759165,-1.55972846,-4.769783495,0.7706759165
361,1.72972846,-4.769783495,0.7706759165,-1.72972846,-4.769783495,0.7706759165
362,1.90972846,-4.769783495,0.7706759165,-1.90972846,-4.769783495,0.7706759165
363,2.09972846,-4.769783495,0.7706759165,-2.09972846,-4.769783495,0.7706759165
364,2.29972846,-4.769783495,0.7706759165,-2.29972846,-4.769783495,0.7706759165
365,2.50972846,-4.769783495,0.7706759165,-2.50972846,-4.769783495,0.7706759165
366,2.72972846,-4.769783495,0.7706759165,-2.72972846,-4.769783495,0.7706759165
367,2.95972846,-4.769783495,0.7706759165,-2.95972846,-4.769783495,0.7706759165
368,3.19972846,-4.769783495,0.7706759165,-3.19972846,-4.769783495,0.7706759165
369,3.44972846,-4.769783495,0.7706759165,-3.44972846,-4.769783495,0.7706759165
370,3.70972846,-4.769783495,0.7706759165,-3.70972846,-4.769783495,0.7706759165
371,3.97972846,-4.769783495,0.7706759165,-3.97972846,-4.769783495,0.7706759165
372,4.25972846,-4.769783495,0.7706759165,-4.25972846,-4.769783495,0.7706759165
373,4.54972846,-4.769783495,0.7706759165,-4.54972846,-4.769783495,0.7706759165
374,4.84972846,-4.769783495,0.7706759165,-4.84972846,-4.769783495,0.7706759165
375,5.15972846,-4.769783495,0.7706759165,-5.15972846,-4.769783495,0.7706759165
376,5.47972846,-4.769783495,0.7706759165,-5.47972846,-4.769783495,0.7706759165
377,5.80972846,-4.769783495,0.7706759165,-5.80972846,-4.769783495,0.7706759165
378,6.14972846,-4.769783495,0.7706759165,-6.14972846,-4.769783495,0.7706759165
379,6.49972846,-4.769783495,0.7706759165,-6.49972846,-4.769783495,0.7706759165
380,6.85972846,-4.769783495,0.7706759165,-6.85972846,-4.769783495,0.7706759165
381,7.22972846,-4.769783495,0.7706759165,-7.22972846,-4.769783495,0.7706759165
382,7.60972846,-4.769783495,0.7706759165,-7.60972846,-4.769783495,0.7706759165
383,7.99972846,-4.769783495,0.7706759165,-7.99972846,-4.769783495,0.7706759165
384,8.39972846,-4.769783495,0.7706759165,-8.39972846,-4.769783495,0.7706759165
385,8.80972846,-4.769783495,0.7706759165,-8.80972846,-4.769783495,0.7706759165
386,9.22972846,-4.769783495,0.7706759165,-9.22972846,-4.769783495,0.7706759165
387,9.65972846,-4.769783495,0.7706759165,-9.65972846,-4.769783495,0.7706759165
388,10.09972846,-4.769783495,0.7706759165,-10.09972846,-4.769783495,0.7706759165
389,10.54972846,-4.769783495,0.7706759165,-10.54972846,-4.769783495,0.7706759165
390,10.09972846,-4.769783495,0.7706759165,-10.09972846,-4.769783495,0.7706759165
391,9.65972846,-4.769783495,0.7706759165,-9.65972846,-4.769783495,0.7706759165
392,9.22972846,-4.769783495,0.7706759165,-9.22972846,-4.769783495,0.7706759165
393,8.80972846,-4.769783495,0.7706759165,-8.80972846,-4.769783495,0.7706759165
394,8.39972846,-4.769783495,0.7706759165,-8.39972846,-4.769783495,0.7706759165
395,7.99972846,-4.769783495,0.7706759165,-7.99972846,-4.769783495,0.7706759165
396,7.60972846,-4.769783495,0.7706759165,-7.60972846,-4.769783495,0.7706759165
397,7.22972846,-4.769783495,0.7706759165,-7.22972846,-4.769783495,0.7706759165
398,6.85972846,-4.769783495,0.7706759165,-6.85972846,-4.769783495,0.7706759165
399,6.49972846,-4.769783495,0.7706759165,-6.49972846,-4.769783495,0.7706759165
400,6.14972846,-4.769783495,0.7706759165,-6.14972846,-4.769783495,0.7706759165
401,5.80972846,-4.769783495,0.7706759165,-5.80972846,-4.769783495,0.7706759165
402,5.47972846,-4.769783495,0.7706759165,-5.47972846,-4.769783495,0.7706759165
403,5.15972846,-4.769783495,0.7706759165,-5.15972846,-4.769783495,0.7706759165
404,4.84972846,-4.769783495,0.7706759165,-4.84972846,-4.769783495,0.7706759165
405,4.54972846,-4.769783495,0.7706759165,-4.54972846,-4.769783495,0.7706759165
406,4.25972846,-4.769783495,0.7706759165,-4.25972846,-4.769783495,0.7706759165
407,3.97972846,-4.769783495,0.7706759165,-3.97972846,-4.769783495,0.7706759165
408,3.70972846,-4.769783495,0.7706759165,-3.70972846,-4.769783495,0.7706759165
409,3.44972846,-4.769783495,0.7706759165,-3.44972846,-4.769783495,0.7706759165
410,3.19972846,-4.769783495,0.7706759165,-3.19972846,-4.769783495,0.7706759165
411,2.95972846,-4.769783495,0.7706759165,-2.95972846,-4.769783495,0.7706759165
412,2.72972846,-4.769783495,0.7706759165,-2.72972846,-4.769783495,0.7706759165
413,2.50972846,-4.769783495,0.7706759165,-2.50972846,-4.769783495,0.7706759165
414,2.29972846,-4.769783495,0.7706759165,-2.29972846,-4.769783495,0.7706759165
415,2.09972846,-4.769783495,0.7706759165,-2.09972846,-4.769783495,0.7706759165
416,1.90972846,-4.769783495,0.7706759165,-1.90972846,-4.769783495,0.7706759165
417,1.72972846,-4.769783495,0.7706759165,-1.72972846,-4.769783495,0.7706759165
418,1.55972846,-4.769783495,0.7706759165,-1.55972846,-4.769783495,0.7706759165
419,1.39972846,-4.769783495,0.7706759165,-1.39972846,-4.769783495,0.7706759165
420,1.24972846,-4.769783495,0.7706759165,-1.24972846,-4.769783495,0.7706759165
421,1.10972846,-4.769783495,0.7706759165,-1.10972846,-4.769783495,0.7706759165
422,0.9797284604,-4.769783495,0.7706759165,-0.9797284604,-4.769783495,0.7706759165
423,0.8597284604,-4.769783495,0.7706759165,-0.8597284604,-4.769783495,0.7706759165
424,0.7497284604,-4.769783495,0.7706759165,-0.7497284604,-4.769783495,0.7706759165
425,0.6497284604,-4.769783495,0.7706759165,-0.6497284604,-4.769783495,0.7706759165
426,0.5597284604,-4.769783495,0.7706759165,-0.5597284604,-4.769783495,0.7706759165
427,0.2297284604,-4.769783495,0.7706759165,-0.2297284604,-4.769783495,0.7706759165
428,0.2097284604,-4.769783495,0.7706759165,-0.2097284604,-4.769783495,0.7706759165
429,0.2297284604,-4.769783495,0.7706759165,-0.2297284604,-4.769783495,0.7706759165
430,0.2097284604,-4.769783495,0.7706759165,-0.2097284604,-4.769783495,0.7706759165
431,0.2297284604,-4.769783495,0.7706759165,-0.2297284604,-4.769783495,0.7706759165
432,0.2097284604,-4.769783495,0.7706759165,-0.2097284604,-4.769783495,0.7706759165
433,0.2297284604,-4.769783495,0.7706759165,-0.2297284604,-4.769783495,0.7706759165
434,0.2097284604,-4.769783495,0.7706759165,-0.2097284604,-4.769783495,0.7706759165
435,0.2297284604,-4.769783495,0.7706759165,-0.2297284604,-4.769783495,0.7706759165
436,0.2097284604,-4.769783495,0.7706759165,-0.2097284604,-4.769783495,0.7706759165
437,0.2297284604,-4.769783495,0.7706759165,-0.2297284604,-4.769783495,0.7706759165
438,0.5597284604,-4.769783495,0.7706759165,-0.5597284604,-4.769783495,0.7706759165
439,0.6497284604,-4.769783495,0.7706759165,-0.6497284604,-4.769783495,0.7706759165
440,0.7497284604,-4.769783495,0.7706759165,-0.7497284604,-4.769783495,0.7706759165
441,0.8597284604,-4.769783495,0.7706759165,-0.8597284604,-4.769783495,0.7706759165
442,0.9797284604,-4.769783495,0.7706759165,-0.9797284604,-4.769783495,0.7706759165
443,1.10972846,-4.769783495,0.7706759165,-1.10972846,-4.769783495,0.7706759165
444,1.24972846,-4.769783495,0.7706759165,-1.24972846,-4.769783495,0.7706759165
445,1.39972846,-4.769783495,0.7706759165,-1.39972846,-4.769783495,0.7706759165
446,1.55972846,-4.769783495,0.7706759165,-1.55972846,-4.769783495,0.7706759165
447,1.72972846,-4.769783495,0.7706759165,-1.72972846,-4.769783495,0.7706759165
448,1.90972846,-4.769783495,0.7706759165,-1.90972846,-4.769783495,0.7706759165
449,2.09972846,-4.769783495,0.7706759165,-2.09972846,-4.769783495,0.7706759165
450,2.29972846,-4.769783495,0.7706759165,-2.29972846,-4.769783495,0.7706759165
451,2.50972846,-4.769783495,0.7706759165,-2.50972846,-4.769783495,0.7706759165
452,2.72972846,-4.769783495,0.7706759165,-2.72972846,-4.769783495,0.7706759165
453,2.95972846,-4.769783495,0.7706759165,-2.95972846,-4.769783495,0.7706759165
454,3.19972846,-4.769783495,0.7706759165,-3.19972846,-4.769783495,0.7706759165
455,3.44972846,-4.769783495,0.7706759165,-3.44972846,-4.769783495,0.7706759165
456,3.70972846,-4.769783495,0.7706759165,-3.70972846,-4.769783495,0.7706759165
457,3.97972846,-4.769783495,0.7706759165,-3.97972846,-4.769783495,0.7706759165
458,4.25972846,-4.769783495,0.7706759165,-4.25972846,-4.769783495,0.7706759165
459,4.54972846,-4.769783495,0.7706759165,-4.54972846,-4.769783495,0.7706759165
460,4.84972846,-4.769783495,0.7706759165,-4.84972846,-4.769783495,0.7706759165
461,5.15972846,-4.769783495,0.7706759165,-5.15972846,-4.769783495,0.7706759165
462,5.47972846,-4.769783495,0.7706759165,-5.47972846,-4.769783495,0.7706759165
463,5.80972846,-4.769783495,0.7706759165,-5.80972846,-4.769783495,0.7706759165
464,6.14972846,-4.769783495,0.7706759165,-6.14972846,-4.769783495,0.7706759165
465,6.49972846,-4.769783495,0.7706759165,-6.49972846,-4.769783495,0.7706759165
466,6.85972846,-4.769783495,0.7706759165,-6.85972846,-4.769783495,0.7706759165
467,7.22972846,-4.769783495,0.7706759165,-7.22972846,-4.769783495,0.7706759165
468,7.60972846,-4.769783495,0.7706759165,-7.60972846,-4.769783495,0.7706759165
469,7.99972846,-4.769783495,0.7706759165,-7.99972846,-4.769783495,0.7706759165
470,8.39972846,-4.769783495,0.7706759165,-8.39972846,-4.769783495,0.7706759165
471,8.80972846,-4.769783495,0.7706759165,-8.80972846,-4.769783495,0.7706759165
472,9.22972846,-4.769783495,0.7706759165,-9.22972846,-4.769783495,0.7706759165
473,9.65972846,-4.769783495,0.7706759165,-9.65972846,-4.769783495,0.7706759165
474,10.09972846,-4.769783495,0.7706759165,-10.09972846,-4.769783495,0.7706759165
475,10.54972846,-4.769783495,0.7706759165,-10.54972846,-4.769783495,0.7706759165
476,10.09972846,-4.769783495,0.7706759165,-10.09972846,-4.769783495,0.7706759165
477,9.65972846,-4.769783495,0.7706759165,-9.65972846,-4.769783495,0.7706759165
478,9.22972846,-4.769783495,0.7706759165,-9.22972846,-4.769783495,0.7706759165
479,8.80972846,-4.769783495,0.7706759165,-8.80972846,-4.769783495,0.7706759165
480,8.39972846,-4.769783495,0.7706759165,-8.39972846,-4.769783495,0.7706759165
481,7.99972846,-4.769783495,0.7706759165,-7.99972846,-4.769783495,0.7706759165
482,7.60972846,-4.769783495,0.7706759165,-7.60972846,-4.769783495,0.7706759165
483,7.22972846,-4.769783495,0.7706759165,-7.22972846,-4.769783495,0.7706759165
484,6.85972846,-4.769783495,0.7706759165,-6.85972846,-4.769783495,0.7706759165
485,6.49972846,-4.769783495,0.7706759165,-6.49972846,-4.769783495,0.7706759165
486,6.14972846,-4.769783495,0.7706759165,-6.14972846,-4.769783495,0.7706759165
487,5.80972846,-4.769783495,0.7706759165,-5.80972846,-4.769783495,0.7706759165
488,5.47972846,-4.769783495,0.7706759165,-5.47972846,-4.769783495,0.7706759165
489,5.15972846,-4.769783495,0.7706759165,-5.15972846,-4.769783495,0.7706759165
490,4.84972846,-4.769783495,0.7706759165,-4.84972846,-4.769783495,0.7706759165
491,4.54972846,-4.769783495,0.7706759165,-4.54972846,-4.769783495,0.7706759165
492,4.25972846,-4.769783495,0.7706759165,-4.25972846,-4.769783495,0.7706759165
493,3.97972846,-4.769783495,0.7706759165,-3.97972846,-4.769783495,0.7706759165
494,3.70972846,-4.769783495,0.7706759165,-3.70972846,-4.769783495,0.7706759165
495,3.44972846,-4.769783495,0.7706759165,-3.44972846,-4.769783495,0.7706759165
496,3.19972846,-4.769783495,0.7706759165,-3.19972846,-4.769783495,0.7706759165
497,2.95972846,-4.769783495,0.7706759165,-2.95972846,-4.769783495,0.7706759165
498,2.72972846,-4.769783495,0.7706759165,-2.72972846,-4.769783495,0.7706759165
499,2.50972846,-4.769783495,0.7706759165,-2.50972846,-4.769783495,0.7706759165
500,2.29972846,-4.769783495,0.7706759165,-2.29972846,-4.769783495,0.7706759165
501,2.09972846,-4.769783495,0.7706759165,-2.09972846,-4.769783495,0.7706759165
502,1.90972846,-4.769783495,0.7706759165,-1.90972846,-4.769783495,0.7706759165
503,1.72972846,-4.769783495,0.7706759165,-1.72972846,-4.769783495,0.7706759165
504,1.55972846,-4.769783495,0.7706759165,-1.55972846,-4.769783495,0.7706759165
505,1.39972846,-4.769783495,0.7706759165,-1.39972846,-4.769783495,0.7706759165
506,1.24972846,-4.769783495,0.7706759165,-1.24972846,-4.769783495,0.7706759165
507,1.10972846,-4.769783495,0.7706759165,-1.10972846,-4.769783495,0.7706759165
508,0.9797284604,-4.769783495,0.7706759165,-0.9797284604,-4.769783495,0.7706759165
509,0.8597284604,-4.769783495,0.7706759165,-0.8597284604,-4.769783495,0.7706759165
510,0.7497284604,-4.769783495,0.7706759165,-0.7497284604,-4.769783495,0.7706759165
511,0.6497284604,-4.769783495,0.7706759165,-0.6497284604,-4.769783495,0.7706759165
512,0.5597284604,-4.769783495,0.7706759165,-0.5597284604,-4.769783495,0.7706759165
513,0.2097284604,-4.769783495,0.7706759165,-0.2097284604,-4.769783495,0.7706759165
514,0.2297284604,-4.769783495,0.7706759165,-0.2297284604,-4.769783495,0.7706759165
515,0.2097284604,-4.769783495,0.7706759165,-0.2097284604,-4.769783495,0.7706759165
516,0.2297284604,-4.769783495,0.7706759165,-0.2297284604,-4.769783495,0.7706759165
517,0.2097284604,-4.769783495,0.7706759165,-0.2097284604,-4.769783495,0.7706759165
518,0.2297284604,-4.769783495,0.7706759165,-0.2297284604,-4.769783495,0.7706759165
519,0.2097284604,-4.769783495,0.7706759165,-0.2097284604,-4.769783495,0.7706759165
520,0.2297284604,-4.769783495,0.7706759165,-0.2297284604,-4.769783495,0.7706759165
521,0.2097284604,-4.769783495,0.7706759165,-0.2097284604,-4.769783495,0.7706759165
522,0.2297284604,-4.769783495,0.7706759165,-0.2297284604,-4.769783495,0.7706759165
523,0.2097284604,-4.769783495,0.7706759165,-0.2097284604,-4.769783495,0.7706759165
524,0.5597284604,-4.769783495,0.7706759165,-0.5597284604,-4.769783495,0.7706759165
525,0.6497284604,-4.769783495,0.7706759165,-0.6497284604,-4.769783495,0.7706759165
526,0.7497284604,-4.769783495,0.7706759165,-0.7497284604,-4.769783495,0.7706759165
527,0.8597284604,-4.769783495,0.7706759165,-0.8597284604,-4.769783495,0.7706759165
528,0.9797284604,-4.769783495,0.7706759165,-0.9797284604,-4.769783495,0.7706759165
529,1.10972846,-4.769783495,0.7706759165,-1.10972846,-4.769783495,0.7706759165
530,1.24972846,-4.769783495,0.7706759165,-1.24972846,-4.769783495,0.7706759165
531,1.39972846,-4.769783495,0.7706759165,-1.39972846,-4.769783495,0.7706759165
532,1.55972846,-4.769783495,0.7706759165,-1.55972846,-4.769783495,0.7706759165
533,1.72972846,-4.769783495,0.7706759165,-1.72972846,-4.769783495,0.7706759165
534,1.90972846,-4.769783495,0.7706759165,-1.90972846,-4.769783495,0.7706759165
535,2.09972846,-4.769783495,0.7706759165,-2.09972846,-4.769783495,0.7706759165
536,2.29972846,-4.769783495,0.7706759165,-2.29972846,-4.769783495,0.7706759165
537,2.50972846,-4.769783495,0.7706759165,-2.50972846,-4.769783495,0.7706759165
538,2.72972846,-4.769783495,0.7706759165,-2.72972846,-4.769783495,0.7706759165
539,2.95972846,-4.769783495,0.7706759165,-2.95972846,-4.769783495,0.7706759165
540,3.19972846,-4.769783495,0.7706759165,-3.19972846,-4.769783495,0.7706759165
541,3.44972846,-4.769783495,0.7706759165,-3.44972846,-4.769783495,0.7706759165
542,3.70972846,-4.769783495,0.7706759165,-3.70972846,-4.769783495,0.7706759165
543,3.97972846,-4.769783495,0.7706759165,-3.97972846,-4.769783495,0.7706759165
544,4.25972846,-4.769783495,0.7706759165,-4.25972846,-4.769783495,0.7706759165
545,4.54972846,-4.769783495,0.7706759165,-4.54972846,-4.769783495,0.7706759165
546,4.84972846,-4.769783495,0.7706759165,-4.84972846,-4.769783495,0.7706759165
547,5.15972846,-4.769783495,0.7706759165,-5.15972846,-4.769783495,0.7706759165
548,5.47972846,-4.769783495,0.7706759165,-5.47972846,-4.769783495,0.7706759165
549,5.80972846,-4.769783495,0.7706759165,-5.80972846,-4.769783495,0.7706759165
550,6.14972846,-4.769783495,0.7706759165,-6.14972846,-4.769783495,0.7706759165
551,6.49972846,-4.769783495,0.7706759165,-6.49972846,-4.769783495,0.7706759165
552,6.85972846,-4.769783495,0.7706759165,-6.85972846,-4.769783495,0.7706759165
553,7.22972846,-4.769783495,0.7706759165,-7.22972846,-4.769783495,0.7706759165
554,7.60972846,-4.769783495,0.7706759165,-7.60972846,-4.769783495,0.7706759165
555,7.99972846,-4.769783495,0.7706759165,-7.99972846,-4.769783495,0.7706759165
556,8.39972846,-4.769783495,0.7706759165,-8.39972846,-4.769783495,0.7706759165
557,8.80972846,-4.769783495,0.7706759165,-8.80972846,-4.769783495,0.7706759165
558,9.22972846,-4.769783495,0.7706759165,-9.22972846,-4.769783495,0.7706759165
559,9.65972846,-4.769783495,0.7706759165,-9.65972846,-4.769783495,0.7706759165
560,10.09972846,-4.769783495,0.7706759165,-10.09972846,-4.769783495,0.7706759165
561,10.54972846,-4.769783495,0.7706759165,-10.54972846,-4.769783495,0.7706759165
562,10.09972846,-4.769783495,0.7706759165,-10.09972846,-4.769783495,0.7706759165
563,9.65972846,-4.769783495,0.7706759165,-9.65972846,-4.769783495,0.7706759165
564,9.22972846,-4.769783495,0.7706759165,-9.22972846,-4.769783495,0.7706759165
565,8.80972846,-4.769783495,0.7706759165,-8.80972846,-4.769783495,0.7706759165
566,8.39972846,-4.769783495,0.7706759165,-8.39972846,-4.769783495,0.7706759165
567,7.99972846,-4.769783495,0.7706759165,-7.99972846,-4.769783495,0.7706759165
568,7.60972846,-4.769783495,0.7706759165,-7.60972846,-4.769783495,0.7706759165
569,7.22972846,-4.769783495,0.7706759165,-7.22972846,-4.769783495,0.7706759165
570,6.85972846,-4.769783495,0.7706759165,-6.85972846,-4.769783495,0.7706759165
571,6.49972846,-4.769783495,0.7706759165,-6.49972846,-4.769783495,0.7706759165
572,6.14972846,-4.769783495,0.7706759165,-6.14972846,-4.769783495,0.7706759165
573,5.80972846,-4.769783495,0.7706759165,-5.80972846,-4.769783495,0.7706759165
574,5.47972846,-4.769783495,0.7706759165,-5.47972846,-4.769783495,0.7706759165
575,5.15972846,-4.769783495,0.7706759165,-5.15972846,-4.769783495,0.7706759165
576,4.84972846,-4.769783495,0.7706759165,-4.84972846,-4.769783495,0.7706759165
577,4.54972846,-4.769783495,0.7706759165,-4.54972846,-4.769783495,0.7706759165
578,4.25972846,-4.769783495,0.7706759165,-4.25972846,-4.769783495,0.7706759165
579,3.97972846,-4.769783495,0.7706759165,-3.97972846,-4.769783495,0.7706759165
580,3.70972846,-4.769783495,0.7706759165,-3.70972846,-4.769783495,0.7706759165
581,3.44972846,-4.769783495,0.7706759165,-3.44972846,-4.769783495,0.7706759165
582,3.19972846,-4.769783495,0.7706759165,-3.19972846,-4.769783495,0.7706759165
583,2.95972846,-4.769783495,0.7706759165,-2.95972846,-4.769783495,0.7706759165
584,2.72972846,-4.769783495,0.7706759165,-2.72972846,-4.769783495,0.7706759165
585,2.50972846,-4.769783495,0.7706759165,-2.50972846,-4.769783495,0.7706759165
586,2.29972846,-4.769783495,0.7706759165,-2.29972846,-4.769783495,0.7706759165
587,2.09972846,-4.769783495,0.7706759165,-2.09972846,-4.769783495,0.7706759165
588,1.90972846,-4.769783495,0.7706759165,-1.90972846,-4.769783495,0.7706759165
589,1.72972846,-4.769783495,0.7706759165,-1.72972846,-4.769783495,0.7706759165
590,1.55972846,-4.769783495,0.7706759165,-1.55972846,-4.769783495,0.7706759165
591,1.39972846,-4.769783495,0.7706759165,-1.39972846,-4.769783495,0.7706759165
592,1.24972846,-4.769783495,0.7706759165,-1.24972846,-4.769783495,0.7706759165
593,1.10972846,-4.769783495,0.7706759165,-1.10972846,-4.769783495,0.7706759165
594,0.9797284604,-4.769783495,0.7706759165,-0.9797284604,-4.769783495,0.7706759165
595,0.8597284604,-4.769783495,0.7706759165,-0.8597284604,-4.769783495,0.7706759165
596,0.7497284604,-4.769783495,0.7706759165,-0.7497284604,-4.769783495,0.7706759165
597,0.6497284604,-4.769783495,0.7706759165,-0.6497284604,-4.769783495,0.7706759165
598,0.5597284604,-4.769783495,0.7706759165,-0.5597284604,-4.769783495,0.7706759165
599,0.2297284604,-4.769783495,0.7706759165,-0.2297284604,-4.769783495,0.7706759165
600,0.2097284604,-4.769783495,0.7706759165,-0.2097284604,-4.769783495,0.7706759165
601,0.2297284604,-4.769783495,0.7706759165,-0.2297284604,-4.769783495,0.7706759165
602,0.2097284604,-4.769783495,0.7706759165,-0.2097284604,-4.769783495,0.7706759165
603,0.2297284604,-4.769783495,0.7706759165,-0.2297284604,-4.769783495,0.7706759165
604,0.2097284604,-4.769783495,0.7706759165,-0.2097284604,-4.769783495,0.7706759165
605,0.2297284604,-4.769783495,0.7706759165,-0.2297284604,-4.769783495,0.7706759165
606,0.2097284604,-4.769783495,0.7706759165,-0.2097284604,-4.769783495,0.7706759165
607,0.2297284604,-4.769783495,0.7706759165,-0.2297284604,-4.769783495,0.7706759165
608,0.2097284604,-4.769783495,0.7706759165,-0.2097284604,-4.769783495,0.7706759165
609,0.2297284604,-4.769783495,0.7706759165,-0.2297284604,-4.769783495,0.7706759165
610,0.5597284604,-4.769783495,0.7706759165,-0.5597284604,-4.769783495,0.7706759165
611,0.6497284604,-4.769783495,0.7706759165,-0.6497284604,-4.769783495,0.7706759165
612,0.7497284604,-4.769783495,0.7706759165,-0.7497284604,-4.769783495,0.7706759165
613,0.8597284604,-4.769783495,0.7706759165,-0.8597284604,-4.769783495,0.7706759165
614,0.9797284604,-4.769783495,0.7706759165,-0.9797284604,-4.769783495,0.7706759165
615,1.10972846,-4.769783495,0.7706759165,-1.10972846,-4.769783495,0.7706759165
616,1.24972846,-4.769783495,0.7706759165,-1.24972846,-4.769783495,0.7706759165
617,1.39972846,-4.769783495,0.7706759165,-1.39972846,-4.769783495,0.7706759165
618,1.55972846,-4.769783495,0.7706759165,-1.55972846,-4.769783495,0.7706759165
619,1.72972846,-4.769783495,0.7706759165,-1.72972846,-4.769783495,0.7706759165
620,1.90972846,-4.769783495,0.7706759165,-1.90972846,-4.769783495,0.7706759165
621,2.09972846,-4.769783495,0.7706759165,-2.09972846,-4.769783495,0.7706759165
622,2.29972846,-4.769783495,0.7706759165,-2.29972846,-4.769783495,0.7706759165
623,2.50972846,-4.769783495,0.7706759165,-2.50972846,-4.769783495,0.7706759165
624,2.72972846,-4.769783495,0.7706759165,-2.72972846,-4.769783495,0.7706759165
625,2.95972846,-4.769783495,0.7706759165,-2.95972846,-4.769783495,0.7706759165
626,3.19972846,-4.769783495,0.7706759165,-3.19972846,-4.769783495,0.7706759165
627,3.44972846,-4.769783495,0.7706759165,-3.44972846,-4.769783495,0.7706759165
628,3.70972846,-4.769783495,0.7706759165,-3.70972846,-4.769783495,0.7706759165
629,3.97972846,-4.769783495,0.7706759165,-3.97972846,-4.769783495,0.7706759165
630,4.25972846,-4.769783495,0.7706759165,-4.25972846,-4.769783495,0.7706759165
631,4.54972846,-4.769783495,0.7706759165,-4.54972846,-4.769783495,0.7706759165
632,4.84972846,-4.769783495,0.7706759165,-4.84972846,-4.769783495,0.7706759165
633,5.15972846,-4.769783495,0.7706759165,-5.15972846,-4.769783495,0.7706759165
634,5.47972846,-4.769783495,0.7706759165,-5.47972846,-4.769783495,0.7706759165
635,5.80972846,-4.769783495,0.7706759165,-5.80972846,-4.769783495,0.7706759165
636,6.14972846,-4.769783495,0.7706759165,-6.14972846,-4.769783495,0.7706759165
637,6.49972846,-4.769783495,0.7706759165,-6.49972846,-4.769783495,0.7706759165
638,6.85972846,-4.769783495,0.7706759165,-6.85972846,-4.769783495,0.7706759165
639,7.22972846,-4.769783495,0.7706759165,-7.22972846,-4.769783495,0.7706759165
640,7.60972846,-4.769783495,0.7706759165,-7.60972846,-4.769783495,0.7706759165
641,7.99972846,-4.769783495,0.7706759165,-7.99972846,-4.769783495,0.7706759165
642,8.39972846,-4.769783495,0.7706759165,-8.39972846,-4.769783495,0.7706759165
643,8.80972846,-4.769783495,0.7706759165,-8.80972846,-4.769783495,0.7706759165
644,9.22972846,-4.769783495,0.7706759165,-9.22972846,-4.769783495,0.7706759165
645,9.65972846,-4.769783495,0.7706759165,-9.65972846,-4.769783495,0.7706759165
646,10.09972846,-4.769783495,0.7706759165,-10.09972846,-4.769783495,0.7706759165
647,10.54972846,-4.769783495,0.7706759165,-10.54972846,-4.769783495,0.7706759165
648,10.09972846,-4.769783495,0.7706759165,-10.09972846,-4.769783495,0.7706759165
649,9.65972846,-4.769783495,0.7706759165,-9.65972846,-4.769783495,0.7706759165
650,9.22972846,-4.769783495,0.7706759165,-9.22972846,-4.769783495,0.7706759165
651,8.80972846,-4.769783495,0.7706759165,-8.80972846,-4.769783495,0.7706759165
652,8.39972846,-4.769783495,0.7706759165,-8.39972846,-4.769783495,0.7706759165
653,7.99972846,-4.769783495,0.7706759165,-7.99972846,-4.769783495,0.7706759165
654,7.60972846,-4.769783495,0.7706759165,-7.60972846,-4.769783495,0.7706759165
655,7.22972846,-4.769783495,0.7706759165,-7.22972846,-4.769783495,0.7706759165
656,6.85972846,-4.769783495,0.7706759165,-6.85972846,-4.769783495,0.7706759165
657,6.49972846,-4.769783495,0.7706759165,-6.49972846,-4.769783495,0.7706759165
658,6.14972846,-4.769783495,0.7706759165,-6.14972846,-4.769783495,0.7706759165
659,5.80972846,-4.769783495,0.7706759165,-5.80972846,-4.769783495,0.7706759165
660,5.47972846,-4.769783495,0.7706759165,-5.47972846,-4.769783495,0.7706759165
661,5.15972846,-4.769783495,0.7706759165,-5.15972846,-4.769783495,0.7706759165
662,4.84972846,-4.769783495,0.7706759165,-4.84972846,-4.769783495,0.7706759165
663,4.54972846,-4.769783495,0.7706759165,-4.54972846,-4.769783495,0.7706759165
664,4.25972846,-4.769783495,0.7706759165,-4.25972846,-4.769783495,0.7706759165
665,3.97972846,-4.769783495,0.7706759165,-3.97972846,-4.769783495,0.7706759165
666,3.70972846,-4.769783495,0.7706759165,-3.70972846,-4.769783495,0.7706759165
667,3.44972846,-4.769783495,0.7706759165,-3.44972846,-4.769783495,0.7706759165
668,3.19972846,-4.769783495,0.7706759165,-3.19972846,-4.769783495,0.7706759165
669,2.95972846,-4.769783495,0.7706759165,-2.95972846,-4.769783495,0.7706759165
670,2.72972846,-4.769783495,0.7706759165,-2.72972846,-4.769783495,0.7706759165
671,2.50972846,-4.769783495,0.7706759165,-2.50972846,-4.769783495,0.7706759165
672,2.29972846,-4.769783495,0.7706759165,-2.29972846,-4.769783495,0.7706759165
673,2.09972846,-4.769783495,0.7706759165,-2.09972846,-4.769783495,0.7706759165
674,1.90972846,-4.769783495,0.7706759165,-1.90972846,-4.769783495,0.7706759165
675,1.72972846,-4.769783495,0.7706759165,-1.72972846,-4.769783495,0.7706759165
676,1.55972846,-4.769783495,0.7706759165,-1.55972846,-4.769783495,0.7706759165
677,1.39972846,-4.769783495,0.7706759165,-1.39972846,-4.769783495,0.7706759165
678,1.24972846,-4.769783495,0.7706759165,-1.24972846,-4.769783495,0.7706759165
679,1.10972846,-4.769783495,0.7706759165,-1.10972846,-4.769783495,0.7706759165
680,0.9797284604,-4.769783495,0.7706759165,-0.9797284604,-4.769783495,0.7706759165
681,0.8597284604,-4.769783495,0.7706759165,-0.8597284604,-4.769783495,0.7706759165
682,0.7497284604,-4.769783495,0.7706759165,-0.7497284604,-4.769783495,0.7706759165
683,0.6497284604,-4.769783495,0.7706759165,-0.6497284604,-4.769783495,0.7706759165
684,0.5597284604,-4.769783495,0.7706759165,-0.5597284604,-4.769783495,0.7706759165
685,0.2097284604,-4.769783495,0.7706759165,-0.2097284604,-4.769783495,0.7706759165
686,0.2297284604,-4.769783495,0.7706759165,-0.2297284604,-4.769783495,0.7706759165
687,0.2097284604,-4.769783495,0.7706759165,-0.2097284604,-4.769783495,0.7706759165
688,0.2297284604,-4.769783495,0.7706759165,-0.2297284604,-4.769783495,0.7706759165
689,0.2097284604,-4.769783495,0.7706759165,-0.2097284604,-4.769783495,0.7706759165
690,0.2297284604,-4.769783495,0.7706759165,-0.2297284604,-4.769783495,0.7706759165
691,0.2097284604,-4.769783495,0.7706759165,-0.2097284604,-4.769783495,0.7706759165
692,0.2297284604,-4.769783495,0.7706759165,-0.2297284604,-4.769783495,0.7706759165
693,0.2097284604,-4.769783495,0.7706759165,-0.2097284604,-4.769783495,0.7706759165
694,0.2297284604,-4.769783495,0.7706759165,-0.2297284604,-4.769783495,0.7706759165
695,0.2097284604,-4.769783495,0.7706759165,-0.2097284604,-4.769783495,0.7706759165
696,0.5597284604,-4.769783495,0.7706759165,-0.5597284604,-4.769783495,0.7706759165
697,0.6497284604,-4.769783495,0.7706759165,-0.6497284604,-4.769783495,0.7706759165
698,0.7497284604,-4.769783495,0.7706759165,-0.7497284604,-4.769783495,0.7706759165
699,0.8597284604,-4.769783495,0.7706759165,-0.8597284604,-4.769783495,0.7706759165
700,0.9797284604,-4.769783495,0.7706759165,-0.9797284604,-4.769783495,0.7706759165
701,1.10972846,-4.769783495,0.7706759165,-1.10972846,-4.769783495,0.7706759165
702,1.24972846,-4.769783495,0.7706759165,-1.24972846,-4.769783495,0.7706759165
703,1.39972846,-4.769783495,0.7706759165,-1.39972846,-4.769783495,0.7706759165
704,1.55972846,-4.769783495,0.7706759165,-1.55972846,-4.769783495,0.7706759165
705,1.72972846,-4.769783495,0.7706759165,-1.72972846,-4.769783495,0.7706759165
706,1.90972846,-4.769783495,0.7706759165,-1.90972846,-4.769783495,0.7706759165
707,2.09972846,-4.769783495,0.7706759165,-2.09972846,-4.769783495,0.7706759165
708,2.29972846,-4.769783495,0.7706759165,-2.29972846,-4.769783495,0.7706759165
709,2.50972846,-4.769783495,0.7706759165,-2.50972846,-4.769783495,0.7706759165
710,2.72972846,-4.769783495,0.7706759165,-2.72972846,-4.769783495,0.7706759165
711,2.95972846,-4.769783495,0.7706759165,-2.95972846,-4.769783495,0.7706759165
712,3.19972846,-4.769783495,0.7706759165,-3.19972846,-4.769783495,0.7706759165
713,3.44972846,-4.769783495,0.7706759165,-3.44972846,-4.769783495,0.7706759165
714,3.70972846,-4.769783495,0.7706759165,-3.70972846,-4.769783495,0.7706759165
715,3.97972846,-4.769783495,0.7706759165,-3.97972846,-4.769783495,0.7706759165
716,4.25972846,-4.769783495,0.7706759165,-4.25972846,-4.769783495,0.7706759165
717,4.54972846,-4.769783495,0.7706759165,-4.54972846,-4.769783495,0.7706759165
718,4.84972846,-4.769783495,0.7706759165,-4.84972846,-4.769783495,0.7706759165
719,5.15972846,-4.769783495,0.7706759165,-5.15972846,-4.769783495,0.7706759165
720,5.47972846,-4.769783495,0.7706759165,-5.47972846,-4.769783495,0.7706759165
721,5.80972846,-4.769783495,0.7706759165,-5.80972846,-4.769783495,0.7706759165
722,6.14972846,-4.769783495,0.7706759165,-6.14972846,-4.769783495,0.7706759165
723,6.49972846,-4.769783495,0.7706759165,-6.49972846,-4.769783495,0.7706759165
724,6.85972846,-4.769783495,0.7706759165,-6.85972846,-4.769783495,0.7706759165
725,7.22972846,-4.769783495,0.7706759165,-7.22972846,-4.769783495,0.7706759165
726,7.60972846,-4.769783495,0.7706759165,-7.60972846,-4.769783495,0.7706759165
727,7.99972846,-4.769783495,0.7706759165,-7.99972846,-4.769783495,0.7706759165
728,8.39972846,-4.769783495,0.7706759165,-8.39972846,-4.769783495,0.7706759165
729,8.80972846,-4.769783495,0.7706759165,-8.80972846,-4.769783495,0.7706759165
730,9.22972846,-4.769783495,0.7706759165,-9.22972846,-4.769783495,0.7706759165
731,9.65972846,-4.769783495,0.7706759165,-9.65972846,-4.769783495,0.7706759165
732,10.09972846,-4.769783495,0.7706759165,-10.09972846,-4.769783495,0.7706759165
733,10.54972846,-4.769783495,0.7706759165,-10.54972846,-4.769783495,0.7706759165
734,10.09972846,-4.769783495,0.7706759165,-10.09972846,-4.769783495,0.7706759165
735,9.65972846,-4.769783495,0.7706759165,-9.65972846,-4.769783495,0.7706759165
736,9.22972846,-4.769783495,0.7706759165,-9.22972846,-4.769783495,0.7706759165
737,8.80972846,-4.769783495,0.7706759165,-8.80972846,-4.769783495,0.7706759165
738,8.39972846,-4.769783495,0.7706759165,-8.39972846,-4.769783495,0.7706759165
739,7.99972846,-4.769783495,0.7706759165,-7.99972846,-4.769783495,0.7706759165
740,7.60972846,-4.769783495,0.7706759165,-7.60972846,-4.769783495,0.7706759165
741,7.22972846,-4.769783495,0.7706759165,-7.22972846,-4.769783495,0.7706759165
742,6.85972846,-4.769783495,0.7706759165,-6.85972846,-4.769783495,0.7706759165
743,6.49972846,-4.769783495,0.7706759165,-6.49972846,-4.769783495,0.7706759165
744,6.14972846,-4.769783495,0.7706759165,-6.14972846,-4.769783495,0.7706759165
745,5.80972846,-4.769783495,0.7706759165,-5.80972846,-4.769783495,0.7706759165
746,5.47972846,-4.769783495,0.7706759165,-5.47972846,-4.769783495,0.7706759165
747,5.15972846,-4.769783495,0.7706759165,-5.15972846,-4.769783495,0.7706759165
748,4.84972846,-4.769783495,0.7706759165,-4.84972846,-4.769783495,0.7706759165
749,4.54972846,-4.769783495,0.7706759165,-4.54972846,-4.769783495,0.7706759165
750,4.25972846,-4.769783495,0.7706759165,-4.25972846,-4.769783495,0.7706759165
751,3.97972846,-4.769783495,0.7706759165,-3.97972846,-4.769783495,0.7706759165
752,3.70972846,-4.769783495,0.7706759165,-3.70972846,-4.769783495,0.7706759165
753,3.44972846,-4.769783495,0.7706759165,-3.44972846,-4.769783495,0.7706759165
754,3.19972846,-4.769783495,0.7706759165,-3.19972846,-4.769783495,0.7706759165
755,2.95972846,-4.769783495,0.7706759165,-2.95972846,-4.769783495,0.7706759165
756,2.72972846,-4.769783495,0.7706759165,-2.72972846,-4.769783495,0.7706759165
757,2.50972846,-4.769783495,0.7706759165,-2.50972846,-4.769783495,0.7706759165
758,2.29972846,-4.769783495,0.7706759165,-2.29972846,-4.769783495,0.7706759165
759,2.09972846,-4.769783495,0.7706759165,-2.09972846,-4.769783495,0.7706759165
760,1.90972846,-4.769783495,0.7706759165,-1.90972846,-4.769783495,0.7706759165
761,1.72972846,-4.769783495,0.7706759165,-1.72972846,-4.769783495,0.7706759165
762,1.55972846,-4.769783495,0.7706759165,-1.55972846,-4.769783495,0.7706759165
763,1.39972846,-4.769783495,0.7706759165,-1.39972846,-4.769783495,0.7706759165
764,1.24972846,-4.769783495,0.7706759165,-1.24972846,-4.769783495,0.7706759165
765,1.10972846,-4.769783495,0.7706759165,-1.10972846,-4.769783495,0.7706759165
766,0.9797284604,-4.769783495,0.7706759165,-0.9797284604,-4.769783495,0.7706759165
767,0.8597284604,-4.769783495,0.7706759165,-0.8597284604,-4.769783495,0.7706759165
768,0.7497284604,-4.769783495,0.7706759165,-0.7497284604,-4.769783495,0.7706759165
769,0.6497284604,-4.769783495,0.7706759165,-0.6497284604,-4.769783495,0.7706759165
770,0.5597284604,-4.769783495,0.7706759165,-0.5597284604,-4.769783495,0.7706759165
771,0.2297284604,-4.769783495,0.7706759165,-0.2297284604,-4.769783495,0.7706759165
772,0.2097284604,-4.769783495,0.7706759165,-0.2097284604,-4.769783495,0.7706759165
773,0.2297284604,-4.769783495,0.7706759165,-0.2297284604,-4.769783495,0.7706759165
774,0.2097284604,-4.769783495,0.7706759165,-0.2097284604,-4.769783495,0.7706759165
775,0.2297284604,-4.769783495,0.7706759165,-0.2297284604,-4.769783495,0.7706759165
776,0.2097284604,-4.769783495,0.7706759165,-0.2097284604,-4.769783495,0.7706759165
777,0.2297284604,-4.769783495,0.7706759165,-0.2297284604,-4.769783495,0.7706759165
778,0.2097284604,-4.769783495,0.7706759165,-0.2097284604,-4.769783495,0.7706759165
779,0.2297284604,-4.769783495,0.7706759165,-0.2297284604,-4.769783495,0.7706759165
780,0.2097284604,-4.769783495,0.7706759165,-0.2097284604,-4.769783495,0.7706759165
781,0.2297284604,-4.769783495,0.7706759165,-0.2297284604,-4.769783495,0.7706759165
782,0.5597284604,-4.769783495,0.7706759165,-0.5597284604,-4.769783495,0.7706759165
783,0.6497284604,-4.769783495,0.7706759165,-0.6497284604,-4.769783495,0.7706759165
784,0.7497284604,-4.769783495,0.7706759165,-0.7497284604,-4.769783495,0.7706759165
785,0.8597284604,-4.769783495,0.7706759165,-0.8597284604,-4.769783495,0.7706759165
786,0.9797284604,-4.769783495,0.7706759165,-0.9797284604,-4.769783495,0.7706759165
787,1.10972846,-4.769783495,0.7706759165,-1.10972846,-4.769783495,0.7706759165
788,1.24972846,-4.769783495,0.7706759165,-1.24972846,-4.769783495,0.7706759165
789,1.39972846,-4.769783495,0.7706759165,-1.39972846,-4.769783495,0.7706759165
790,1.55972846,-4.769783495,0.7706759165,-1.55972846,-4.769783495,0.7706759165
791,1.72972846,-4.769783495,0.7706759165,-1.72972846,-4.769783495,0.7706759165
792,1.90972846,-4.769783495,0.7706759165,-1.90972846,-4.769783495,0.7706759165
793,2.09972846,-4.769783495,0.7706759165,-2.09972846,-4.769783495,0.7706759165
794,2.29972846,-4.769783495,0.7706759165,-2.29972846,-4.769783495,0.7706759165
795,2.50972846,-4.769783495,0.7706759165,-2.50972846,-4.769783495,0.7706759165
796,2.72972846,-4.769783495,0.7706759165,-2.72972846,-4.769783495,0.7706759165
797,2.95972846,-4.769783495,0.7706759165,-2.95972846,-4.769783495,0.7706759165
798,3.19972846,-4.769783495,0.7706759165,-3.19972846,-4.769783495,0.7706759165
799,3.44972846,-4.769783495,0.7706759165,-3.44972846,-4.769783495,0.7706759165
800,3.70972846,-4.769783495,0.7706759165,-3.70972846,-4.769783495,0.7706759165
801,3.97972846,-4.769783495,0.7706759165,-3.97972846,-4.769783495,0.7706759165
802,4.25972846,-4.769783495,0.7706759165,-4.25972846,-4.769783495,0.7706759165
803,4.54972846,-4.769783495,0.7706759165,-4.54972846,-4.769783495,0.7706759165
804,4.84972846,-4.769783495,0.7706759165,-4.84972846,-4.769783495,0.7706759165
805,5.15972846,-4.769783495,0.7706759165,-5.15972846,-4.769783495,0.7706759165
806,5.47972846,-4.769783495,0.7706759165,-5.47972846,-4.769783495,0.7706759165
807,5.80972846,-4.769783495,0.7706759165,-5.80972846,-4.769783495,0.7706759165
808,6.14972846,-4.769783495,0.7706759165,-6.14972846,-4.769783495,0.7706759165
809,6.49972846,-4.769783495,0.7706759165,-6.49972846,-4.769783495,0.7706759165
810,6.85972846,-4.769783495,0.7706759165,-6.85972846,-4.769783495,0.7706759165
811,7.22972846,-4.769783495,0.7706759165,-7.22972846,-4.769783495,0.7706759165
812,7.60972846,-4.769783495,0.7706759165,-7.60972846,-4.769783495,0.7706759165
813,7.99972846,-4.769783495,0.7706759165,-7.99972846,-4.769783495,0.7706759165
814,8.39972846,-4.769783495,0.7706759165,-8.39972846,-4.769783495,0.7706759165
815,8.80972846,-4.769783495,0.7706759165,-8.80972846,-4.769783495,0.7706759165
816,9.22972846,-4.769783495,0.7706759165,-9.22972846,-4.769783495,0.7706759165
817,9.65972846,-4.769783495,0.7706759165,-9.65972846,-4.769783495,0.7706759165
818,10.09972846,-4.769783495,0.7706759165,-10.09972846,-4.769783495,0.7706759165
819,10.54972846,-4.769783495,0.7706759165,-10.54972846,-4.769783495,0.7706759165
820,10.09972846,-4.769783495,0.7706759165,-10.09972846,-4.769783495,0.7706759165
821,9.65972846,-4.769783495,0.7706759165,-9.65972846,-4.769783495,0.7706759165
822,9.22972846,-4.769783495,0.7706759165,-9.22972846,-4.769783495,0.7706759165
823,8.80972846,-4.769783495,0.7706759165,-8.80972846,-4.769783495,0.7706759165
824,8.39972846,-4.769783495,0.7706759165,-8.39972846,-4.769783495,0.7706759165
825,7.99972846,-4.769783495,0.7706759165,-7.99972846,-4.769783495,0.7706759165
826,7.60972846,-4.769783495,0.7706759165,-7.60972846,-4.769783495,0.7706759165
827,7.22972846,-4.769783495,0.7706759165,-7.22972846,-4.769783495,0.7706759165
828,6.85972846,-4.769783495,0.7706759165,-6.85972846,-4.769783495,0.7706759165
829,6.49972846,-4.769783495,0.7706759165,-6.49972846,-4.769783495,0.7706759165
830,6.14972846,-4.769783495,0.7706759165,-6.14972846,-4.769783495,0.7706759165
831,5.80972846,-4.769783495,0.7706759165,-5.80972846,-4.769783495,0.7706759165
832,5.47972846,-4.769783495,0.7706759165,-5.47972846,-4.769783495,0.7706759165
833,5.15972846,-4.769783495,0.7706759165,-5.15972846,-4.769783495,0.7706759165
834,4.84972846,-4.769783495,0.7706759165,-4.84972846,-4.769783495,0.7706759165
835,4.54972846,-4.769783495,0.7706759165,-4.54972846,-4.769783495,0.7706759165
836,4.25972846,-4.769783495,0.7706759165,-4.25972846,-4.769783495,0.7706759165
837,3.97972846,-4.769783495,0.7706759165,-3.97972846,-4.769783495,0.7706759165
838,3.70972846,-4.769783495,0.7706759165,-3.70972846,-4.769783495,0.7706759165
839,3.44972846,-4.769783495,0.7706759165,-3.44972846,-4.769783495,0.7706759165
840,3.19972846,-4.769783495,0.7706759165,-3.19972846,-4.769783495,0.7706759165
841,2.95972846,-4.769783495,0.7706759165,-2.95972846,-4.769783495,0.7706759165
842,2.72972846,-4.769783495,0.7706759165,-2.72972846,-4.769783495,0.7706759165
843,2.50972846,-4.769783495,0.7706759165,-2.50972846,-4.769783495,0.7706759165
844,2.29972846,-4.769783495,0.7706759165,-2.29972846,-4.769783495,0.7706759165
845,2.09972846,-4.769783495,0.7706759165,-2.09972846,-4.769783495,0.7706759165
846,1.90972846,-4.769783495,0.7706759165,-1.90972846,-4.769783495,0.7706759165
847,1.72972846,-4.769783495,0.7706759165,-1.72972846,-4.769783495,0.7706759165
848,1.55972846,-4.769783495,0.7706759165,-1.55972846,-4.769783495,0.7706759165
849,1.39972846,-4.769783495,0.7706759165,-1.39972846,-4.769783495,0.7706759165
850,1.24972846,-4.769783495,0.7706759165,-1.24972846,-4.769783495,0.7706759165
851,1.10972846,-4.769783495,0.7706759165,-1.10972846,-4.769783495,0.7706759165
852,0.9797284604,-4.769783495,0.7706759165,-0.9797284604,-4.769783495,0.7706759165
853,0.8597284604,-4.769783495,0.7706759165,-0.8597284604,-4.769783495,0.7706759165
854,0.7497284604,-4.769783495,0.7706759165,-0.7497284604,-4.769783495,0.7706759165
855,0.6497284604,-4.769783495,0.7706759165,-0.6497284604,-4.769783495,0.7706759165
856,0.5597284604,-4.769783495,0.7706759165,-0.5597284604,-4.769783495,0.7706759165
857,0.2097284604,-4.769783495,0.7706759165,-0.2097284604,-4.769783495,0.7706759165
858,0.2297284604,-4.769783495,0.7706759165,-0.2297284604,-4.769783495,0.7706759165
859,0.2097284604,-4.769783495,0.7706759165,-0.2097284604,-4.769783495,0.7706759165
860,0.2297284604,-4.769783495,0.7706759165,-0.2297284604,-4.769783495,0.7706759165
861,0.2097284604,-4.769783495,0.7706759165,-0.2097284604,-4.769783495,0.7706759165
862,0.2297284604,-4.769783495,0.7706759165,-0.2297284604,-4.769783495,0.7706759165
863,0.2097284604,-4.769783495,0.7706759165,-0.2097284604,-4.769783495,0.7706759165
864,0.2297284604,-4.769783495,0.7706759165,-0.2297284604,-4.769783495,0.7706759165
865,0.2097284604,-4.769783495,0.7706759165,-0.2097284604,-4.769783495,0.7706759165
866,0.2297284604,-4.769783495,0.7706759165,-0.2297284604,-4.769783495,0.7706759165
867,0.2097284604,-4.769783495,0.7706759165,-0.2097284604,-4.769783495,0.7706759165
868,0.5597284604,-4.769783495,0.7706759165,-0.5597284604,-4.769783495,0.7706759165
869,0.6497284604,-4.769783495,0.7706759165,-0.6497284604,-4.769783495,0.7706759165
870,0.7497284604,-4.769783495,0.7706759165,-0.7497284604,-4.769783495,0.7706759165
871,0.8597284604,-4.769783495,0.7706759165,-0.8597284604,-4.769783495,0.7706759165
872,0.9797284604,-4.769783495,0.7706759165,-0.9797284604,-4.769783495,0.7706759165
873,1.10972846,-4.769783495,0.7706759165,-1.10972846,-4.769783495,0.7706759165
874,1.24972846,-4.769783495,0.7706759165,-1.24972846,-4.769783495,0.7706759165
875,1.39972846,-4.769783495,0.7706759165,-1.39972846,-4.769783495,0.7706759165
876,1.55972846,-4.769783495,0.7706759165,-1.55972846,-4.769783495,0.7706759165
877,1.72972846,-4.769783495,0.7706759165,-1.72972846,-4.769783495,0.7706759165
878,1.90972846,-4.769783495,0.7706759165,-1.90972846,-4.769783495,0.7706759165
879,2.09972846,-4.769783495,0.7706759165,-2.09972846,-4.769783495,0.7706759165
880,2.29972846,-4.769783495,0.7706759165,-2.29972846,-4.769783495,0.7706759165
881,2.50972846,-4.769783495,0.7706759165,-2.50972846,-4.769783495,0.7706759165
882,2.72972846,-4.769783495,0.7706759165,-2.72972846,-4.769783495,0.7706759165
883,2.95972846,-4.769783495,0.7706759165,-2.95972846,-4.769783495,0.7706759165
884,3.19972846,-4.769783495,0.7706759165,-3.19972846,-4.769783495,0.7706759165
885,3.44972846,-4.769783495,0.7706759165,-3.44972846,-4.769783495,0.7706759165
886,3.70972846,-4.769783495,0.7706759165,-3.70972846,-4.769783495,0.7706759165
887,3.97972846,-4.769783495,0.7706759165,-3.97972846,-4.769783495,0.7706759165
888,4.25972846,-4.769783495,0.7706759165,-4.25972846,-4.769783495,0.7706759165
889,4.54972846,-4.769783495,0.7706759165,-4.54972846,-4.769783495,0.7706759165
890,4.84972846,-4.769783495,0.7706759165,-4.84972846,-4.769783495,0.7706759165
891,5.15972846,-4.769783495,0.7706759165,-5.15972846,-4.769783495,0.7706759165
892,5.47972846,-4.769783495,0.7706759165,-5.47972846,-4.769783495,0.7706759165
893,5.80972846,-4.769783495,0.7706759165,-5.80972846,-4.769783495,0.7706759165
894,6.14972846,-4.769783495,0.7706759165,-6.14972846,-4.769783495,0.7706759165
895,6.49972846,-4.769783495,0.7706759165,-6.49972846,-4.769783495,0.7706759165
896,6.85972846,-4.769783495,0.7706759165,-6.85972846,-4.769783495,0.7706759165
897,7.22972846,-4.769783495,0.7706759165,-7.22972846,-4.769783495,0.7706759165
898,7.60972846,-4.769783495,0.7706759165,-7.60972846,-4.769783495,0.7706759165
899,7.99972846,-4.769783495,0.7706759165,-7.99972846,-4.769783495,0.7706759165
900,8.39972846,-4.769783495,0.7706759165,-8.39972846,-4.769783495,0.7706759165
901,8.80972846,-4.769783495,0.7706759165,-8.80972846,-4.769783495,0.7706759165
902,9.22972846,-4.769783495,0.7706759165,-9.22972846,-4.769783495,0.7706759165
903,9.65972846,-4.769783495,0.7706759165,-9.65972846,-4.769783495,0.7706759165
904,10.09972846,-4.769783495,0.7706759165,-10.09972846,-4.769783495,0.7706759165
905,10.54972846,-4.769783495,0.7706759165,-10.54972846,-4.769783495,0.7706759165
906,10.09972846,-4.769783495,0.7706759165,-10.09972846,-4.769783495,0.7706759165
907,9.65972846,-4.769783495,0.7706759165,-9.65972846,-4.769783495,0.7706759165
908,9.22972846,-4.769783495,0.7706759165,-9.22972846,-4.769783495,0.7706759165
909,8.80972846,-4.769783495,0.7706759165,-8.80972846,-4.769783495,0.7706759165
910,8.39972846,-4.769783495,0.7706759165,-8.39972846,-4.769783495,0.7706759165
911,7.99972846,-4.769783495,0.7706759165,-7.99972846,-4.769783495,0.7706759165
912,7.60972846,-4.769783495,0.7706759165,-7.60972846,-4.769783495,0.7706759165
913,7.22972846,-4.769783495,0.7706759165,-7.22972846,-4.769783495,0.7706759165
914,6.85972846,-4.769783495,0.7706759165,-6.85972846,-4.769783495,0.7706759165
915,6.49972846,-4.769783495,0.7706759165,-6.49972846,-4.769783495,0.7706759165
916,6.14972846,-4.769783495,0.7706759165,-6.14972846,-4.769783495,0.7706759165
917,5.80972846,-4.769783495,0.7706759165,-5.80972846,-4.769783495,0.7706759165
918,5.47972846,-4.769783495,0.7706759165,-5.47972846,-4.769783495,0.7706759165
919,5.15972846,-4.769783495,0.7706759165,-5.15972846,-4.769783495,0.7706759165
920,4.84972846,-4.769783495,0.7706759165,-4.84972846,-4.769783495,0.7706759165
921,4.54972846,-4.769783495,0.7706759165,-4.54972846,-4.769783495,0.7706759165
922,4.25972846,-4.769783495,0.7706759165,-4.25972846,-4.769783495,0.7706759165
923,3.97972846,-4.769783495,0.7706759165,-3.97972846,-4.769783495,0.7706759165
924,3.70972846,-4.769783495,0.7706759165,-3.70972846,-4.769783495,0.7706759165
925,3.44972846,-4.769783495,0.7706759165,-3.44972846,-4.769783495,0.7706759165
926,3.19972846,-4.769783495,0.7706759165,-3.19972846,-4.769783495,0.7706759165
927,2.95972846,-4.769783495,0.7706759165,-2.95972846,-4.769783495,0.7706759165
928,2.72972846,-4.769783495,0.7706759165,-2.72972846,-4.769783495,0.7706759165
929,2.50972846,-4.769783495,0.7706759165,-2.50972846,-4.769783495,0.7706759165
930,2.29972846,-4.769783495,0.7706759165,-2.29972846,-4.769783495,0.7706759165
931,2.09972846,-4.769783495,0.7706759165,-2.09972846,-4.769783495,0.7706759165
932,1.90972846,-4.769783495,0.7706759165,-1.90972846,-4.769783495,0.7706759165
933,1.72972846,-4.769783495,0.7706759165,-1.72972846,-4.769783495,0.7706759165
934,1.55972846,-4.769783495,0.7706759165,-1.55972846,-4.769783495,0.7706759165
935,1.39972846,-4.769783495,0.7706759165,-1.39972846,-4.769783495,0.7706759165
936,1.24972846,-4.769783495,0.7706759165,-1.24972846,-4.769783495,0.7706759165
937,1.10972846,-4.769783495,0.7706759165,-1.10972846,-4.769783495,0.7706759165
938,0.9797284604,-4.769783495,0.7706759165,-0.9797284604,-4.769783495,0.7706759165
939,0.8597284604,-4.769783495,0.7706759165,-0.8597284604,-4.769783495,0.7706759165
940,0.7497284604,-4.769783495,0.7706759165,-0.7497284604,-4.769783495,0.7706759165
941,0.6497284604,-4.769783495,0.7706759165,-0.6497284604,-4.769783495,0.7706759165
942,0.5597284604,-4.769783495,0.7706759165,-0.5597284604,-4.769783495,0.7706759165
943,0.2297284604,-4.769783495,0.7706759165,-0.2297284604,-4.769783495,0.7706759165
944,0.2097284604,-4.769783495,0.7706759165,-0.2097284604,-4.769783495,0.7706759165
945,0.2297284604,-4.769783495,0.7706759165,-0.2297284604,-4.769783495,0.7706759165
946,0.2097284604,-4.769783495,0.7706759165,-0.2097284604,-4.769783495,0.7706759165
947,0.2297284604,-4.769783495,0.7706759165,-0.2297284604,-4.769783495,0.7706759165
948,0.2097284604,-4.769783495,0.7706759165,-0.2097284604,-4.769783495,0.7706759165
949,0.2297284604,-4.769783495,0.7706759165,-0.2297284604,-4.769783495,0.7706759165
950,0.2097284604,-4.769783495,0.7706759165,-0.2097284604,-4.769783495,0.7706759165
951,0.2297284604,-4.769783495,0.7706759165,-0.2297284604,-4.769783495,0.7706759165
952,0.2097284604,-4.769783495,0.7706759165,-0.2097284604,-4.769783495,0.7706759165
953,0.2297284604,-4.769783495,0.7706759165,-0.2297284604,-4.769783495,0.7706759165
954,0.5597284604,-4.769783495,0.7706759165,-0.5597284604,-4.769783495,0.7706759165
955,0.6497284604,-4.769783495,0.7706759165,-0.6497284604,-4.769783495,0.7706759165
956,0.7497284604,-4.769783495,0.7706759165,-0.7497284604,-4.769783495,0.7706759165
957,0.8597284604,-4.769783495,0.7706759165,-0.8597284604,-4.769783495,0.7706759165
958,0.9797284604,-4.769783495,0.7706759165,-0.9797284604,-4.769783495,0.7706759165
959,1.10972846,-4.769783495,0.7706759165,-1.10972846,-4.769783495,0.7706759165
960,1.24972846,-4.769783495,0.7706759165,-1.24972846,-4.769783495,0.7706759165
961,1.39972846,-4.769783495,0.7706759165,-1.39972846,-4.769783495,0.7706759165
962,1.55972846,-4.769783495,0.7706759165,-1.55972846,-4.769783495,0.7706759165
963,1.72972846,-4.769783495,0.7706759165,-1.72972846,-4.769783495,0.7706759165
964,1.90972846,-4.769783495,0.7706759165,-1.90972846,-4.769783495,0.7706759165
965,2.09972846,-4.769783495,0.7706759165,-2.09972846,-4.769783495,0.7706759165
966,2.29972846,-4.769783495,0.7706759165,-2.29972846,-4.769783495,0.7706759165
967,2.50972846,-4.769783495,0.7706759165,-2.50972846,-4.769783495,0.7706759165
968,2.72972846,-4.769783495,0.7706759165,-2.72972846,-4.769783495,0.7706759165
969,2.95972846,-4.769783495,0.7706759165,-2.95972846,-4.769783495,0.7706759165
970,3.19972846,-4.769783495,0.7706759165,-3.19972846,-4.769783495,0.7706759165
971,3.44972846,-4.769783495,0.7706759165,-3.44972846,-4.769783495,0.7706759165
972,3.70972846,-4.769783495,0.7706759165,-3.70972846,-4.769783495,0.7706759165
973,3.97972846,-4.769783495,0.7706759165,-3.97972846,-4.769783495,0.7706759165
974,4.25972846,-4.769783495,0.7706759165,-4.25972846,-4.769783495,0.7706759165
975,4.54972846,-4.769783495,0.7706759165,-4.54972846,-4.769783495,0.7706759165
976,4.84972846,-4.769783495,0.7706759165,-4.84972846,-4.769783495,0.7706759165
977,5.15972846,-4.769783495,0.7706759165,-5.15972846,-4.769783495,0.7706759165
978,5.47972846,-4.769783495,0.7706759165,-5.47972846,-4.769783495,0.7706759165
979,5.80972846,-4.769783495,0.7706759165,-5.80972846,-4.769783495,0.7706759165
980,6.14972846,-4.769783495,0.7706759165,-6.14972846,-4.769783495,0.7706759165
981,6.49972846,-4.769783495,0.7706759165,-6.49972846,-4.769783495,0.7706759165
982,6.85972846,-4.769783495,0.7706759165,-6.85972846,-4.769783495,0.7706759165
983,7.22972846,-4.769783495,0.7706759165,-7.22972846,-4.769783495,0.7706759165
984,7.60972846,-4.769783495,0.7706759165,-7.60972846,-4.769783495,0.7706759165
985,7.99972846,-4.769783495,0.7706759165,-7.99972846,-4.769783495,0.7706759165
986,8.39972846,-4.769783495,0.7706759165,-8.39972846,-4.769783495,0.7706759165
987,8.80972846,-4.769783495,0.7706759165,-8.80972846,-4.769783495,0.7706759165
988,9.22972846,-4.769783495,0.7706759165,-9.22972846,-4.769783495,0.7706759165
989,9.65972846,-4.769783495,0.7706759165,-9.65972846,-4.769783495,0.7706759165
990,10.09972846,-4.769783495,0.7706759165,-10.09972846,-4.769783495,0.7706759165
991,10.54972846,-4.769783495,0.7706759165,-10.54972846,-4.769783495,0.7706759165
992,10.09972846,-4.769783495,0.7706759165,-10.09972846,-4.769783495,0.7706759165
993,9.65972846,-4.769783495,0.7706759165,-9.65972846,-4.769783495,0.7706759165
994,9.22972846,-4.769783495,0.7706759165,-9.22972846,-4.769783495,0.7706759165
995,8.80972846,-4.769783495,0.7706759165,-8.80972846,-4.769783495,0.7706759165
996,8.39972846,-4.769783495,0.7706759165,-8.39972846,-4.769783495,0.7706759165
997,7.99972846,-4.769783495,0.7706759165,-7.99972846,-4.769783495,0.7706759165
998,7.60972846,-4.769783495,0.7706759165,-7.60972846,-4.769783495,0.7706759165
999,7.22972846,-4.769783495,0.7706759165,-7.22972846,-4.769783495,0.7706759165