"""Atmos Mix Number""",Egt2RightPosX:,Egt2RightPosY:,Egt2RightPosZ:,Egt2LeftPosX:,Egt2LeftPosY:,Egt2LeftPosZ:
1,8.265686025,9.063543706,0.5255262424,-8.265686025,9.063543706,0.5255262424
2,8.585714084,4.144342854,2.806066157,-8.585714084,4.144342854,2.806066157
3,8.983657771,6.515071093,2.739299515,-8.983657771,6.515071093,2.739299515
4,9.097685044,1.820126225,1.142522625,-9.097685044,1.820126225,1.142522625
5,8.151949349,7.837826301,0.2935848067,-8.151949349,7.837826301,0.2935848067
6,9.170594028,-9.930246744,3.156047074,-9.170594028,-9.930246744,3.156047074
7,8.160368204,-4.02036616,3.72166567,-8.160368204,-4.02036616,3.72166567
8,8.293139739,8.925589819,4.676083059,-8.293139739,8.925589819,4.676083059
9,9.707894198,-9.082698187,4.018311799,-9.707894198,-9.082698187,4.018311799
10,8.567121958,-4.409749814,0.8132355978,-8.567121958,-4.409749814,0.8132355978
11,9.496436831,-0.1814924295,2.841399554,-9.496436831,-0.1814924295,2.841399554
12,8.082516954,0.4186469831,2.291976008,-8.082516954,0.4186469831,2.291976008
13,9.537130627,0.1365681924,0.6073447637,-9.537130627,0.1365681924,0.6073447637
14,8.893531344,6.749988604,0.5114367975,-8.893531344,6.749988604,0.5114367975
15,8.752213217,-8.528860985,0.4135555191,-8.752213217,-8.528860985,0.4135555191
16,8.910321057,7.942979381,0.8329503938,-8.910321057,7.942979381,0.8329503938
17,9.511471175,-2.373596838,4.202424171,-9.511471175,-2.373596838,4.202424171
18,9.601818721,-1.518446542,1.288928766,-9.601818721,-1.518446542,1.288928766
19,9.46002036,-5.038406791,2.266608689,-9.46002036,-5.038406791,2.266608689
20,9.291656158,-0.9118154087,0.04630959477,-9.291656158,-0.9118154087,0.04630959477
21,8.632011493,2.554642893,1.644072053,-8.632011493,2.554642893,1.644072053
22,8.632825824,4.166134741,0.7939966518,-8.632825824,4.166134741,0.7939966518
23,9.592174398,-9.761160074,2.42625163,-9.592174398,-9.761160074,2.42625163
24,9.460076505,2.899617395,0.8405010478,-9.460076505,2.899617395,0.8405010478
25,8.924636827,-4.823351922,4.719638367,-8.924636827,-4.823351922,4.719638367
26,9.315906221,-7.321926895,2.266480391,-9.315906221,-7.321926895,2.266480391
27,9.548128622,-9.58624219,2.378900874,-9.548128622,-9.58624219,2.378900874
28,8.481487567,-2.145707403,3.466332164,-8.481487567,-2.145707403,3.466332164
29,8.361714568,4.9489476,1.540571524,-8.361714568,4.9489476,1.540571524
30,8.05425381,-5.124616826,0.9008127648,-8.05425381,-5.124616826,0.9008127648
31,9.930041127,4.988844908,2.005396406,-9.930041127,4.988844908,2.005396406
32,9.516776485,-4.646394813,1.764321473,-9.516776485,-4.646394813,1.764321473
33,8.147435767,-0.9172912413,4.173088476,-8.147435767,-0.9172912413,4.173088476
34,9.135798069,-5.319255393,0.5196551065,-9.135798069,-5.319255393,0.5196551065
35,8.953018376,6.114759088,3.256824581,-8.953018376,6.114759088,3.256824581
36,9.495928474,0.8121657228,0.1714559341,-9.495928474,0.8121657228,0.1714559341
37,8.612473119,6.471769051,0.08099118738,-8.612473119,6.471769051,0.08099118738
38,9.370898336,-1.344334065,4.617120038,-9.370898336,-1.344334065,4.617120038
39,8.275740321,-6.053011773,3.782091347,-8.275740321,-6.053011773,3.782091347
40,9.108962895,-9.166499504,2.138626329,-9.108962895,-9.166499504,2.138626329
41,9.434323973,-6.705571865,3.030195958,-9.434323973,-6.705571865,3.030195958
42,8.681898522,-9.136375343,2.866706682,-8.681898522,-9.136375343,2.866706682
43,8.539125736,1.648178922,4.010812998,-8.539125736,1.648178922,4.010812998
44,8.724102538,3.06287383,1.974276625,-8.724102538,3.06287383,1.974276625
45,9.932911746,7.306928749,4.851612198,-9.932911746,7.306928749,4.851612198
46,9.255931871,-5.878492508,0.1314515597,-9.255931871,-5.878492508,0.1314515597
47,9.965149628,-4.703930793,2.645293509,-9.965149628,-4.703930793,2.645293509
48,9.611166113,8.896520585,1.900307931,-9.611166113,8.896520585,1.900307931
49,9.786721485,1.558856633,2.862328906,-9.786721485,1.558856633,2.862328906
50,9.421192005,-0.4194814959,4.86243724,-9.421192005,-0.4194814959,4.86243724
51,8.994877634,-8.929376699,2.121797611,-8.994877634,-8.929376699,2.121797611
52,9.678252977,6.787494369,2.283036007,-9.678252977,6.787494369,2.283036007
53,9.672948735,1.694990386,3.80463512,-9.672948735,1.694990386,3.80463512
54,9.018216609,7.590008169,2.526678131,-9.018216609,7.590008169,2.526678131
55,9.134235478,0.4797697826,2.364027384,-9.134235478,0.4797697826,2.364027384
56,8.822367582,7.2116183,0.5850087066,-8.822367582,7.2116183,0.5850087066
57,9.05584325,-3.713052608,3.878223456,-9.05584325,-3.713052608,3.878223456
58,8.711556752,-1.14245254,2.366538713,-8.711556752,-1.14245254,2.366538713
59,8.927984811,2.443134729,3.070652913,-8.927984811,2.443134729,3.070652913
60,8.94970773,9.555867566,3.572749536,-8.94970773,9.555867566,3.572749536
61,8.63063365,7.24752986,0.81299444,-8.63063365,7.24752986,0.81299444
62,8.423533953,-2.540972402,2.360221854,-8.423533953,-2.540972402,2.360221854
63,8.296829328,6.124380042,1.853945486,-8.296829328,6.124380042,1.853945486
64,9.738920708,1.074754017,2.710998404,-9.738920708,1.074754017,2.710998404
65,9.776120726,-4.603112738,2.958199191,-9.776120726,-4.603112738,2.958199191
66,9.870614227,5.328349608,2.726497117,-9.870614227,5.328349608,2.726497117
67,8.349529086,4.478459666,2.778004882,-8.349529086,4.478459666,2.778004882
68,9.300708601,-7.224274255,4.475779876,-9.300708601,-7.224274255,4.475779876
69,8.777231345,5.55046764,2.048231811,-8.777231345,5.55046764,2.048231811
70,9.044257335,-7.296180064,2.696721724,-9.044257335,-7.296180064,2.696721724
71,9.221353513,5.544143851,2.232768399,-9.221353513,5.544143851,2.232768399
72,9.029741566,6.84998399,0.5266389245,-9.029741566,6.84998399,0.5266389245
73,9.549527132,-6.985898879,0.6461980397,-9.549527132,-6.985898879,0.6461980397
74,8.401927425,5.18497343,3.563340757,-8.401927425,5.18497343,3.563340757
75,9.49215643,-6.229962642,1.623935552,-9.49215643,-6.229962642,1.623935552
76,8.149917535,8.205760315,2.292636944,-8.149917535,8.205760315,2.292636944
77,9.130866137,-9.05646432,2.263460321,-9.130866137,-9.05646432,2.263460321
78,9.520278938,9.140719181,3.206434692,-9.520278938,9.140719181,3.206434692
79,9.301810308,-9.303885833,4.059135474,-9.301810308,-9.303885833,4.059135474
80,9.72158334,4.279815466,0.5472157334,-9.72158334,4.279815466,0.5472157334
81,9.301118072,-1.852109218,1.806680776,-9.301118072,-1.852109218,1.806680776
82,9.01136013,6.654487804,3.398514677,-9.01136013,6.654487804,3.398514677
83,9.407689556,8.938299866,0.06711255725,-9.407689556,8.938299866,0.06711255725
84,8.209411721,8.404523804,2.973786875,-8.209411721,8.404523804,2.973786875
85,9.34903737,-9.266377479,1.313449109,-9.34903737,-9.266377479,1.313449109
86,9.614004697,-8.211624435,1.192652841,-9.614004697,-8.211624435,1.192652841
87,8.118345881,-2.661845578,0.3993970197,-8.118345881,-2.661845578,0.3993970197
88,9.102205767,3.626624923,1.556919199,-9.102205767,3.626624923,1.556919199
89,9.226100789,-9.127266009,0.9034092574,-9.226100789,-9.127266009,0.9034092574
90,8.546409909,9.377102003,4.610160725,-8.546409909,9.377102003,4.610160725
91,9.289471794,0.06967840713,2.13287705,-9.289471794,0.06967840713,2.13287705
92,9.530980875,1.814364984,1.873249833,-9.530980875,1.814364984,1.873249833
93,9.110320294,1.199782171,2.493861941,-9.110320294,1.199782171,2.493861941
94,8.442228394,-6.543591865,0.6614184945,-8.442228394,-6.543591865,0.6614184945
95,9.382702001,-1.143713838,2.61688012,-9.382702001,-1.143713838,2.61688012
96,9.349252908,-0.9781392491,3.001754629,-9.349252908,-0.9781392491,3.001754629
97,8.7487442,7.16176757,4.107147946,-8.7487442,7.16176757,4.107147946
98,8.491327263,6.06881846,0.4570868585,-8.491327263,6.06881846,0.4570868585
99,9.964754627,-9.534421703,4.289820109,-9.964754627,-9.534421703,4.289820109
100,8.719538327,1.781198151,4.824769557,-8.719538327,1.781198151,4.824769557
101,9.855563464,9.15455273,0.5316795404,-9.855563464,9.15455273,0.5316795404
102,8.76769888,9.028757245,1.796816577,-8.76769888,9.028757245,1.796816577
103,9.963868082,-8.655729677,2.028158812,-9.963868082,-8.655729677,2.028158812
104,8.892651167,-6.7169789,3.949165518,-8.892651167,-6.7169789,3.949165518
105,9.313442203,6.01000118,1.689315034,-9.313442203,6.01000118,1.689315034
106,9.150833192,-6.313241326,4.158704705,-9.150833192,-6.313241326,4.158704705
107,9.502442239,0.9446002362,3.484379059,-9.502442239,0.9446002362,3.484379059
108,9.571459234,-7.929626666,0.3413337781,-9.571459234,-7.929626666,0.3413337781
109,9.958895922,8.755509092,3.308836714,-9.958895922,8.755509092,3.308836714
110,9.73319147,1.290536112,4.455128017,-9.73319147,1.290536112,4.455128017
111,8.189245673,-3.136842392,1.820859284,-8.189245673,-3.136842392,1.820859284
112,9.01834053,-2.154264302,4.040148278,-9.01834053,-2.154264302,4.040148278
113,9.328242644,9.498520537,0.4086141686,-9.328242644,9.498520537,0.4086141686
114,8.155248238,-9.767448224,4.26921809,-8.155248238,-9.767448224,4.26921809
115,9.38150427,-2.9107224,4.352985498,-9.38150427,-2.9107224,4.352985498
116,9.895658111,3.753579623,4.988829403,-9.895658111,3.753579623,4.988829403
117,8.898856428,0.2921230957,2.6511071,-8.898856428,0.2921230957,2.6511071
118,8.920897251,9.47152703,0.5411240915,-8.920897251,9.47152703,0.5411240915
119,8.116638402,-4.749933639,4.877533129,-8.116638402,-4.749933639,4.877533129
120,8.721151308,9.327283928,4.109641149,-8.721151308,9.327283928,4.109641149
121,9.081155031,1.083283373,1.847678834,-9.081155031,1.083283373,1.847678834
122,8.419844861,-3.781924657,1.834343441,-8.419844861,-3.781924657,1.834343441
123,8.165370866,-5.377489778,1.881295068,-8.165370866,-5.377489778,1.881295068
124,9.775217582,9.871012477,0.2346106005,-9.775217582,9.871012477,0.2346106005
125,8.499957291,-8.345288851,0.7642648889,-8.499957291,-8.345288851,0.7642648889
126,9.119942089,-6.935475907,1.379782462,-9.119942089,-6.935475907,1.379782462
127,8.972379359,-1.612103588,4.400127323,-8.972379359,-1.612103588,4.400127323
128,9.314638591,8.961225027,0.4009683497,-9.314638591,8.961225027,0.4009683497
129,9.949548542,-8.495953631,3.906759755,-9.949548542,-8.495953631,3.906759755
130,9.191236074,0.4345595275,1.06884228,-9.191236074,0.4345595275,1.06884228
131,8.127620886,5.998613361,2.030031702,-8.127620886,5.998613361,2.030031702
132,9.027381941,-7.942668559,0.3217640938,-9.027381941,-7.942668559,0.3217640938
133,9.814995174,2.703155616,0.1495556367,-9.814995174,2.703155616,0.1495556367
134,9.684847826,-2.883304885,2.446707606,-9.684847826,-2.883304885,2.446707606
135,9.45090898,-8.06401922,0.4795850423,-9.45090898,-8.06401922,0.4795850423
136,8.805687618,1.594967968,2.550121092,-8.805687618,1.594967968,2.550121092
137,8.722953787,-2.179264392,3.911487421,-8.722953787,-2.179264392,3.911487421
138,8.313612801,7.978705402,1.543149442,-8.313612801,7.978705402,1.543149442
139,8.774277107,-1.550693134,4.09697688,-8.774277107,-1.550693134,4.09697688
140,8.119727323,-0.2549035082,1.969850717,-8.119727323,-0.2549035082,1.969850717
141,8.718421581,5.566022665,1.080508173,-8.718421581,5.566022665,1.080508173
142,8.86774873,7.883202292,4.070535764,-8.86774873,7.883202292,4.070535764
143,9.071115314,0.4783239642,2.005105654,-9.071115314,0.4783239642,2.005105654
144,8.541701881,-6.870940988,1.765655061,-8.541701881,-6.870940988,1.765655061
145,8.35958018,2.511445066,3.041740428,-8.35958018,2.511445066,3.041740428
146,8.34764217,1.705299883,1.117375469,-8.34764217,1.705299883,1.117375469
147,9.708019998,-9.386159937,4.834634396,-9.708019998,-9.386159937,4.834634396
148,9.300320911,-9.966573422,2.952905281,-9.300320911,-9.966573422,2.952905281
149,9.781085424,0.04029620632,1.973117373,-9.781085424,0.04029620632,1.973117373
150,8.007175107,1.314775673,2.970605946,-8.007175107,1.314775673,2.970605946
151,9.284749656,-5.607112323,4.557598116,-9.284749656,-5.607112323,4.557598116
152,9.13818673,-5.989040211,1.879988334,-9.13818673,-5.989040211,1.879988334
153,8.996861649,-0.8197093342,3.038650734,-8.996861649,-0.8197093342,3.038650734
154,9.674839553,-9.219048895,0.1109661146,-9.674839553,-9.219048895,0.1109661146
155,9.779633202,3.925280412,0.5931036977,-9.779633202,3.925280412,0.5931036977
156,9.199682257,-7.019983838,2.855476668,-9.199682257,-7.019983838,2.855476668
157,8.496659819,4.921510385,4.231429763,-8.496659819,4.921510385,4.231429763
158,8.956216791,-5.727266619,0.7431784149,-8.956216791,-5.727266619,0.7431784149
159,9.532229892,-6.468464182,1.181856226,-9.532229892,-6.468464182,1.181856226
160,9.194541419,2.32460872,2.197878478,-9.194541419,2.32460872,2.197878478
161,9.536343167,-9.182807059,2.396777816,-9.536343167,-9.182807059,2.396777816
162,8.220226686,-5.128673913,3.446300136,-8.220226686,-5.128673913,3.446300136
163,9.971993003,3.187222866,0.007691132379,-9.971993003,3.187222866,0.007691132379
164,8.662358504,4.715902286,0.5574879232,-8.662358504,4.715902286,0.5574879232
165,8.43006673,0.7664089945,4.400563615,-8.43006673,0.7664089945,4.400563615
166,8.632879002,-3.111828687,1.659481647,-8.632879002,-3.111828687,1.659481647
167,9.94114393,-0.7720441169,4.181988941,-9.94114393,-0.7720441169,4.181988941
168,8.805870779,5.210481943,2.31786098,-8.805870779,5.210481943,2.31786098
169,8.623220701,4.022637539,0.4984822905,-8.623220701,4.022637539,0.4984822905
170,9.926088637,-0.1512213936,3.754506546,-9.926088637,-0.1512213936,3.754506546
171,9.961913875,-0.3601875668,1.000791444,-9.961913875,-0.3601875668,1.000791444
172,8.065926687,-1.952632413,4.248698757,-8.065926687,-1.952632413,4.248698757
173,8.358210157,2.25409097,2.709194435,-8.358210157,2.25409097,2.709194435
174,9.075443308,-8.087868311,3.388869515,-9.075443308,-8.087868311,3.388869515
175,8.862766083,-6.88376113,2.334636416,-8.862766083,-6.88376113,2.334636416
176,8.378630994,1.88309165,0.3524314435,-8.378630994,1.88309165,0.3524314435
177,8.340846796,8.484925984,4.397530552,-8.340846796,8.484925984,4.397530552
178,8.609641486,-9.630433327,4.681780977,-8.609641486,-9.630433327,4.681780977
179,8.805163258,-5.410597962,2.117571154,-8.805163258,-5.410597962,2.117571154
180,8.885235063,-6.129152279,1.023551228,-8.885235063,-6.129152279,1.023551228
181,8.973332314,1.836217789,3.333536418,-8.973332314,1.836217789,3.333536418
182,9.885645591,-3.0034473,0.5103691259,-9.885645591,-3.0034473,0.5103691259
183,9.941898038,2.329491889,4.16450242,-9.941898038,2.329491889,4.16450242
184,9.757919871,-2.592636405,2.222750365,-9.757919871,-2.592636405,2.222750365
185,8.440514683,-8.608962386,4.208961336,-8.440514683,-8.608962386,4.208961336
186,8.33742406,6.469182376,4.884485728,-8.33742406,6.469182376,4.884485728
187,8.689957801,-1.731356025,4.464983413,-8.689957801,-1.731356025,4.464983413
188,8.759696243,-1.712312881,4.357180454,-8.759696243,-1.712312881,4.357180454
189,9.219303726,-9.676283155,2.964852137,-9.219303726,-9.676283155,2.964852137
190,8.44248426,-9.94974804,1.925901264,-8.44248426,-9.94974804,1.925901264
191,9.91534839,9.837867232,4.176735433,-9.91534839,9.837867232,4.176735433
192,9.17422589,-3.87731094,0.9536541115,-9.17422589,-3.87731094,0.9536541115
193,9.426833057,-8.286402857,4.31224655,-9.426833057,-8.286402857,4.31224655
194,9.949225529,3.475967529,4.451311083,-9.949225529,3.475967529,4.451311083
195,9.204253543,2.829157929,1.773647374,-9.204253543,2.829157929,1.773647374
196,9.821444672,-9.468101147,4.013370202,-9.821444672,-9.468101147,4.013370202
197,8.83116091,-4.877946237,0.5125213997,-8.83116091,-4.877946237,0.5125213997
198,9.769470668,-4.68960103,4.538454414,-9.769470668,-4.68960103,4.538454414
199,8.83436165,5.922118891,0.1906888323,-8.83436165,5.922118891,0.1906888323
200,8.017447234,-5.001600329,1.144751376,-8.017447234,-5.001600329,1.144751376
201,9.319004181,8.009133068,3.824775886,-9.319004181,8.009133068,3.824775886
202,9.864361741,0.1254739067,1.740782295,-9.864361741,0.1254739067,1.740782295
203,8.062142279,4.050874299,2.352122578,-8.062142279,4.050874299,2.352122578
204,8.542170873,1.356964651,4.185236652,-8.542170873,1.356964651,4.185236652
205,8.148203164,-3.002425996,2.024700212,-8.148203164,-3.002425996,2.024700212
206,8.438134342,7.500076159,1.80849376,-8.438134342,7.500076159,1.80849376
207,8.906310309,-7.000991726,1.169591772,-8.906310309,-7.000991726,1.169591772
208,9.9459942,-2.558635629,0.04338839782,-9.9459942,-2.558635629,0.04338839782
209,9.4083181,2.406194603,1.052697682,-9.4083181,2.406194603,1.052697682
210,9.803112727,8.733193967,4.872390619,-9.803112727,8.733193967,4.872390619
211,8.734667152,4.34899168,2.953108915,-8.734667152,4.34899168,2.953108915
212,9.856444772,6.09319796,1.919419175,-9.856444772,6.09319796,1.919419175
213,8.77096172,4.874959064,1.158601731,-8.77096172,4.874959064,1.158601731
214,9.390595905,5.929134975,2.05188581,-9.390595905,5.929134975,2.05188581
215,8.650961965,8.058715569,1.190661936,-8.650961965,8.058715569,1.190661936
216,9.338786895,-8.236613275,2.895262572,-9.338786895,-8.236613275,2.895262572
217,8.832174556,-1.569774159,2.876147442,-8.832174556,-1.569774159,2.876147442
218,8.556133742,5.044111823,3.359632269,-8.556133742,5.044111823,3.359632269
219,9.930369655,-3.086117544,0.8211050816,-9.930369655,-3.086117544,0.8211050816
220,8.819340886,0.3683935436,4.124562138,-8.819340886,0.3683935436,4.124562138
221,9.132353392,-1.680319463,1.782429207,-9.132353392,-1.680319463,1.782429207
222,9.064019331,-4.466345507,2.592621479,-9.064019331,-4.466345507,2.592621479
223,9.566634236,-8.844041542,1.450191583,-9.566634236,-8.844041542,1.450191583
224,8.597960869,4.749274448,1.498465596,-8.597960869,4.749274448,1.498465596
225,8.284946391,-1.17025417,1.27589406,-8.284946391,-1.17025417,1.27589406
226,9.434652454,8.23544971,1.623235243,-9.434652454,8.23544971,1.623235243
227,8.37088057,6.87854622,1.441054998,-8.37088057,6.87854622,1.441054998
228,9.556177949,-0.7389529642,2.714865858,-9.556177949,-0.7389529642,2.714865858
229,9.553331244,1.347401865,0.540994021,-9.553331244,1.347401865,0.540994021
230,8.699757263,6.127661059,2.133616092,-8.699757263,6.127661059,2.133616092
231,9.001549723,2.608339929,3.44813788,-9.001549723,2.608339929,3.44813788
232,8.310093623,4.930449841,1.136739256,-8.310093623,4.930449841,1.136739256
233,9.685995926,-6.360326871,0.4584366061,-9.685995926,-6.360326871,0.4584366061
234,9.534264926,5.333476661,2.372854117,-9.534264926,5.333476661,2.372854117
235,8.806867046,1.478889094,0.7575147158,-8.806867046,1.478889094,0.7575147158
236,9.762184957,-1.177662036,3.68949128,-9.762184957,-1.177662036,3.68949128
237,9.853344974,-1.222865362,3.467048204,-9.853344974,-1.222865362,3.467048204
238,8.220000702,-0.9542600666,4.958871113,-8.220000702,-0.9542600666,4.958871113
239,9.425703938,-2.382761016,2.746748831,-9.425703938,-2.382761016,2.746748831
240,8.773763694,-8.992664989,2.317723244,-8.773763694,-8.992664989,2.317723244
241,9.125157101,-4.46817113,4.2865808,-9.125157101,-4.46817113,4.2865808
242,9.445142446,5.04438083,4.095517251,-9.445142446,5.04438083,4.095517251
243,9.719649274,3.697766042,1.883870353,-9.719649274,3.697766042,1.883870353
244,9.509906658,-1.28932836,2.198596775,-9.509906658,-1.28932836,2.198596775
245,9.085923117,2.033842413,1.97036441,-9.085923117,2.033842413,1.97036441
246,9.554746163,6.425448431,1.8302755,-9.554746163,6.425448431,1.8302755
247,8.798557947,9.794458245,3.947756131,-8.798557947,9.794458245,3.947756131
248,9.90125561,-4.949809069,4.991976421,-9.90125561,-4.949809069,4.991976421
249,8.905996221,1.479689889,4.97252962,-8.905996221,1.479689889,4.97252962
250,8.541462138,5.999203127,3.139104252,-8.541462138,5.999203127,3.139104252
251,9.65379785,8.364560389,2.571138723,-9.65379785,8.364560389,2.571138723
252,9.622160902,-0.1904805795,1.89678993,-9.622160902,-0.1904805795,1.89678993
253,9.469690113,-8.1397077,4.78659255,-9.469690113,-8.1397077,4.78659255
254,8.801893053,4.78562635,3.692330344,-8.801893053,4.78562635,3.692330344
255,9.22786941,-1.421873434,3.782666371,-9.22786941,-1.421873434,3.782666371
256,9.002222562,-7.203865447,4.178554708,-9.002222562,-7.203865447,4.178554708
257,9.007163131,7.309812459,0.2405153569,-9.007163131,7.309812459,0.2405153569
258,9.482873986,-4.412834053,2.129137043,-9.482873986,-4.412834053,2.129137043
259,9.626025716,-5.32723494,0.955881688,-9.626025716,-5.32723494,0.955881688
260,9.368359946,-1.053130169,3.134775023,-9.368359946,-1.053130169,3.134775023
261,9.085130113,-9.072911124,3.717926853,-9.085130113,-9.072911124,3.717926853
262,9.103282852,2.285314492,0.5480765031,-9.103282852,2.285314492,0.5480765031
263,9.614973069,-7.689085652,0.460681276,-9.614973069,-7.689085652,0.460681276
264,8.457119649,-8.295705545,2.172923525,-8.457119649,-8.295705545,2.172923525
265,8.782146168,-4.86285876,2.416007514,-8.782146168,-4.86285876,2.416007514
266,8.060815863,6.157072442,2.707165108,-8.060815863,6.157072442,2.707165108
267,9.555686163,1.491211993,3.356765191,-9.555686163,1.491211993,3.356765191
268,9.742008875,1.312597025,0.7899775869,-9.742008875,1.312597025,0.7899775869
269,8.407410807,-7.368872939,2.247612065,-8.407410807,-7.368872939,2.247612065
270,8.619493839,-5.336244817,4.119507752,-8.619493839,-5.336244817,4.119507752
271,8.481824488,-9.299221272,3.668778671,-8.481824488,-9.299221272,3.668778671
272,9.788220406,-8.819944462,3.762989506,-9.788220406,-8.819944462,3.762989506
273,8.217742578,7.881963805,4.148526517,-8.217742578,7.881963805,4.148526517
274,9.022490252,8.247747107,1.829026064,-9.022490252,8.247747107,1.829026064
275,9.162189951,-2.89731562,4.139295231,-9.162189951,-2.89731562,4.139295231
276,9.077192965,3.539396403,3.786927322,-9.077192965,3.539396403,3.786927322
277,8.24557883,7.684941398,2.360322139,-8.24557883,7.684941398,2.360322139
278,8.486202556,-8.580514321,4.15574956,-8.486202556,-8.580514321,4.15574956
279,9.675118686,-6.206927073,0.8684857268,-9.675118686,-6.206927073,0.8684857268
280,9.136028525,-0.5038600649,2.129030335,-9.136028525,-0.5038600649,2.129030335
281,8.571557317,-2.587568146,1.72509454,-8.571557317,-2.587568146,1.72509454
282,9.005314336,-4.74590114,2.111263289,-9.005314336,-4.74590114,2.111263289
283,8.274653694,-1.83877464,3.918260946,-8.274653694,-1.83877464,3.918260946
284,8.261867154,-1.975188612,4.608180948,-8.261867154,-1.975188612,4.608180948
285,9.158440041,2.208411926,1.150441066,-9.158440041,2.208411926,1.150441066
286,8.134925677,-9.873799097,4.502285078,-8.134925677,-9.873799097,4.502285078
287,8.142796648,4.129906469,1.783874998,-8.142796648,4.129906469,1.783874998
288,9.648897519,7.450372634,4.35330471,-9.648897519,7.450372634,4.35330471
289,8.708842841,8.104968265,3.181354563,-8.708842841,8.104968265,3.181354563
290,8.214656271,2.073038663,2.963981181,-8.214656271,2.073038663,2.963981181
291,9.999092538,4.017290997,3.617416219,-9.999092538,4.017290997,3.617416219
292,9.305759195,-9.732790795,3.346564348,-9.305759195,-9.732790795,3.346564348
293,8.917436809,7.353610603,0.05027827339,-8.917436809,7.353610603,0.05027827339
294,9.860954007,7.182633268,1.294510364,-9.860954007,7.182633268,1.294510364
295,9.47825178,3.59951729,4.225314492,-9.47825178,3.59951729,4.225314492
296,8.793671336,-0.5450899157,1.715124307,-8.793671336,-0.5450899157,1.715124307
297,9.958991999,0.6809312907,4.667389674,-9.958991999,0.6809312907,4.667389674
298,8.977670244,8.740433193,0.4984197694,-8.977670244,8.740433193,0.4984197694
299,8.688468875,0.7381685333,3.155931788,-8.688468875,0.7381685333,3.155931788
300,9.520700311,-1.660251918,2.099519288,-9.520700311,-1.660251918,2.099519288
301,9.086834893,-6.748038578,0.7602491607,-9.086834893,-6.748038578,0.7602491607
302,9.021291221,2.395747781,1.88889882,-9.021291221,2.395747781,1.88889882
303,9.42754944,6.550431939,0.6435046944,-9.42754944,6.550431939,0.6435046944
304,9.095157439,-0.02741199376,1.197167834,-9.095157439,-0.02741199376,1.197167834
305,8.811996951,6.689369512,4.775272505,-8.811996951,6.689369512,4.775272505
306,9.806042181,-4.492500099,0.4475298572,-9.806042181,-4.492500099,0.4475298572
307,9.16091032,1.144504776,4.781148576,-9.16091032,1.144504776,4.781148576
308,8.071194558,-7.868990444,1.756330596,-8.071194558,-7.868990444,1.756330596
309,8.291532208,5.507580342,3.213052196,-8.291532208,5.507580342,3.213052196
310,8.745410403,7.049475564,4.395057416,-8.745410403,7.049475564,4.395057416
311,8.054971286,5.449361799,1.058330476,-8.054971286,5.449361799,1.058330476
312,9.312245858,1.225700218,0.8788191033,-9.312245858,1.225700218,0.8788191033
313,9.275186296,9.426081152,2.785377983,-9.275186296,9.426081152,2.785377983
314,8.10045986,-3.864229627,4.587830319,-8.10045986,-3.864229627,4.587830319
315,8.111408894,-9.490445363,2.317162772,-8.111408894,-9.490445363,2.317162772
316,8.153040008,-2.925993278,4.47902048,-8.153040008,-2.925993278,4.47902048
317,8.242802523,0.8007724876,2.153873706,-8.242802523,0.8007724876,2.153873706
318,8.54164014,-4.967214314,3.921954724,-8.54164014,-4.967214314,3.921954724
319,9.762197552,-9.962841322,4.257063376,-9.762197552,-9.962841322,4.257063376
320,9.558486038,8.456507744,3.142310873,-9.558486038,8.456507744,3.142310873
321,9.210552845,4.692550195,3.038488547,-9.210552845,4.692550195,3.038488547
322,9.129618401,-9.152685212,2.40082736,-9.129618401,-9.152685212,2.40082736
323,9.162314367,-2.453501328,3.848776454,-9.162314367,-2.453501328,3.848776454
324,8.557814577,-5.710078429,1.42768677,-8.557814577,-5.710078429,1.42768677
325,9.092285804,-3.702137514,0.1686524156,-9.092285804,-3.702137514,0.1686524156
326,8.68199306,6.812956239,2.901602639,-8.68199306,6.812956239,2.901602639
327,8.856439391,-6.164077555,0.4064412527,-8.856439391,-6.164077555,0.4064412527
328,8.374933961,-2.08787353,0.8674539759,-8.374933961,-2.08787353,0.8674539759
329,9.472985212,0.1688108357,3.890724473,-9.472985212,0.1688108357,3.890724473
330,9.416574822,-7.802560122,0.9622789452,-9.416574822,-7.802560122,0.9622789452
331,9.497933882,1.485928278,1.610340837,-9.497933882,1.485928278,1.610340837
332,8.881038122,4.932219703,1.531068845,-8.881038122,4.932219703,1.531068845
333,9.184538533,7.334578128,1.242433193,-9.184538533,7.334578128,1.242433193
334,8.74824929,-1.55887767,4.103473161,-8.74824929,-1.55887767,4.103473161
335,8.862834097,3.278859966,4.47316017,-8.862834097,3.278859966,4.47316017
336,8.263082871,3.766678098,3.040735678,-8.263082871,3.766678098,3.040735678
337,9.169714628,-3.575373807,0.9583301444,-9.169714628,-3.575373807,0.9583301444
338,9.165263631,9.205801317,2.297584329,-9.165263631,9.205801317,2.297584329
339,8.52855058,5.205167541,4.099027608,-8.52855058,5.205167541,4.099027608
340,9.131823966,5.319933767,3.353122676,-9.131823966,5.319933767,3.353122676
341,8.778455754,-6.30083465,0.1798437259,-8.778455754,-6.30083465,0.1798437259
342,9.22210733,-9.866991597,1.202931209,-9.22210733,-9.866991597,1.202931209
343,8.276415254,2.970533746,1.097307184,-8.276415254,2.970533746,1.097307184
344,8.685688877,4.810061563,2.454565109,-8.685688877,4.810061563,2.454565109
345,8.861290471,-4.624214508,0.6093478043,-8.861290471,-4.624214508,0.6093478043
346,8.859986053,-5.915292109,3.691580443,-8.859986053,-5.915292109,3.691580443
347,9.529173697,-6.823352185,1.68205748,-9.529173697,-6.823352185,1.68205748
348,9.001832484,-9.465729829,3.356383497,-9.001832484,-9.465729829,3.356383497
349,9.807877906,-2.404005743,4.469722291,-9.807877906,-2.404005743,4.469722291
350,9.502214744,-4.38486366,3.016964938,-9.502214744,-4.38486366,3.016964938
351,9.948970763,-6.164035656,2.813266545,-9.948970763,-6.164035656,2.813266545
352,8.043304951,2.760905203,4.422450638,-8.043304951,2.760905203,4.422450638
353,8.024396623,-5.75882524,0.9092090096,-8.024396623,-5.75882524,0.9092090096
354,9.670685318,-4.272599778,2.691026068,-9.670685318,-4.272599778,2.691026068
355,9.698332642,1.615872322,3.217416694,-9.698332642,1.615872322,3.217416694
356,8.55133833,-0.3396220088,0.112901672,-8.55133833,-0.3396220088,0.112901672
357,8.251694675,-1.657130309,1.425931941,-8.251694675,-1.657130309,1.425931941
358,8.230891235,-1.955389122,3.770494129,-8.230891235,-1.955389122,3.770494129
359,9.806101027,2.408992015,4.762630711,-9.806101027,2.408992015,4.762630711
360,8.634335445,1.107375012,1.685887305,-8.634335445,1.107375012,1.685887305
361,9.596820739,-6.683327604,3.477276626,-9.596820739,-6.683327604,3.477276626
362,9.796820645,-9.449783192,4.788055666,-9.796820645,-9.449783192,4.788055666
363,8.582227374,-9.429005436,2.457594366,-8.582227374,-9.429005436,2.457594366
364,8.570225131,9.465703709,0.2635284336,-8.570225131,9.465703709,0.2635284336
365,8.183758343,7.581832866,4.686387445,-8.183758343,7.581832866,4.686387445
366,8.313356669,2.740634489,3.006539274,-8.313356669,2.740634489,3.006539274
367,9.089789954,6.781879073,0.2936461812,-9.089789954,6.781879073,0.2936461812
368,9.106423207,7.166526249,1.938738093,-9.106423207,7.166526249,1.938738093
369,8.924889921,-7.680650643,0.9613673225,-8.924889921,-7.680650643,0.9613673225
370,9.382652487,-9.905266432,3.022883168,-9.382652487,-9.905266432,3.022883168
371,9.309547841,7.22660793,4.255870773,-9.309547841,7.22660793,4.255870773
372,9.371718808,5.762785577,3.276336441,-9.371718808,5.762785577,3.276336441
373,9.072919252,-5.796030531,0.4023310109,-9.072919252,-5.796030531,0.4023310109
374,9.512276425,-1.25973892,0.003531284068,-9.512276425,-1.25973892,0.003531284068
375,8.821800742,9.32724717,3.091727074,-8.821800742,9.32724717,3.091727074
376,9.406982768,-3.131974154,0.6448880037,-9.406982768,-3.131974154,0.6448880037
377,8.933684285,6.719767516,1.087286316,-8.933684285,6.719767516,1.087286316
378,9.136750976,-6.253770469,4.994037918,-9.136750976,-6.253770469,4.994037918
379,9.582274843,6.675869462,1.844688324,-9.582274843,6.675869462,1.844688324
380,9.276673117,0.04909428255,3.304953953,-9.276673117,0.04909428255,3.304953953
381,8.403496009,-4.890703788,4.699884433,-8.403496009,-4.890703788,4.699884433
382,8.000436618,4.340880436,3.813043164,-8.000436618,4.340880436,3.813043164
383,9.683209965,2.038004743,2.735566137,-9.683209965,2.038004743,2.735566137
384,9.740691097,5.285622823,3.074954028,-9.740691097,5.285622823,3.074954028
385,9.840341478,-5.351998948,4.490405565,-9.840341478,-5.351998948,4.490405565
386,8.288541154,-9.550312348,4.014413415,-8.288541154,-9.550312348,4.014413415
387,9.867774872,1.772129996,2.705635935,-9.867774872,1.772129996,2.705635935
388,8.546219069,-0.2110353245,2.697595655,-8.546219069,-0.2110353245,2.697595655
389,8.186492442,8.595728558,0.2459108296,-8.186492442,8.595728558,0.2459108296
390,8.754361737,0.9873038511,1.28122627,-8.754361737,0.9873038511,1.28122627
391,9.005391368,8.374768067,1.823375826,-9.005391368,8.374768067,1.823375826
392,9.541749185,6.373460092,0.7378315667,-9.541749185,6.373460092,0.7378315667
393,8.230764476,8.396374771,4.786317053,-8.230764476,8.396374771,4.786317053
394,8.014696203,-3.988261827,2.401409973,-8.014696203,-3.988261827,2.401409973
395,8.737501279,1.502759633,1.800578899,-8.737501279,1.502759633,1.800578899
396,9.020591535,-2.036017548,2.957569286,-9.020591535,-2.036017548,2.957569286
397,8.431874234,-4.23477086,1.000216923,-8.431874234,-4.23477086,1.000216923
398,9.171687228,-9.15741008,1.667230611,-9.171687228,-9.15741008,1.667230611
399,9.067762484,-0.3242709772,4.063789354,-9.067762484,-0.3242709772,4.063789354
400,8.968726285,-6.145412686,3.632857899,-8.968726285,-6.145412686,3.632857899
401,8.820045354,-2.414062095,0.5875912635,-8.820045354,-2.414062095,0.5875912635
402,8.968192307,9.011464921,1.139454052,-8.968192307,9.011464921,1.139454052
403,9.797614551,2.550099227,2.183464632,-9.797614551,2.550099227,2.183464632
404,8.221944678,-0.7093402048,0.2060420982,-8.221944678,-0.7093402048,0.2060420982
405,9.15221792,-2.46924562,0.4861263031,-9.15221792,-2.46924562,0.4861263031
406,8.795099284,-4.458910149,2.721891704,-8.795099284,-4.458910149,2.721891704
407,9.397606599,-7.996838099,3.975954146,-9.397606599,-7.996838099,3.975954146
408,9.929800024,-5.059265129,0.9983753751,-9.929800024,-5.059265129,0.9983753751
409,8.716917254,7.971852753,0.4236735806,-8.716917254,7.971852753,0.4236735806
410,8.042836692,-5.840426243,1.403172595,-8.042836692,-5.840426243,1.403172595
411,9.1568339,-7.033466162,4.262336487,-9.1568339,-7.033466162,4.262336487
412,9.178969422,7.975143062,3.447845739,-9.178969422,7.975143062,3.447845739
413,8.968044005,3.331334777,0.1614561676,-8.968044005,3.331334777,0.1614561676
414,8.525654656,-5.757040123,4.339964728,-8.525654656,-5.757040123,4.339964728
415,8.267282255,-6.762921041,0.09334823212,-8.267282255,-6.762921041,0.09334823212
416,8.146204214,-6.148640254,4.482474222,-8.146204214,-6.148640254,4.482474222
417,8.512547069,-0.694715446,2.770948833,-8.512547069,-0.694715446,2.770948833
418,8.006082207,3.412557363,4.679506813,-8.006082207,3.412557363,4.679506813
419,8.876832862,-0.2902206121,1.231085327,-8.876832862,-0.2902206121,1.231085327
420,9.731125144,-9.96141831,0.1911023652,-9.731125144,-9.96141831,0.1911023652
421,8.885147456,3.546072073,0.721927634,-8.885147456,3.546072073,0.721927634
422,9.208292846,-2.696838821,2.149186908,-9.208292846,-2.696838821,2.149186908
423,9.084132984,-6.928695708,4.815850949,-9.084132984,-6.928695708,4.815850949
424,8.261697455,-0.05504319264,3.911697017,-8.261697455,-0.05504319264,3.911697017
425,9.01398167,6.107409099,4.650005622,-9.01398167,6.107409099,4.650005622
426,8.132940353,8.736484404,4.477044505,-8.132940353,8.736484404,4.477044505
427,8.350491311,-3.69589474,4.440472272,-8.350491311,-3.69589474,4.440472272
428,9.570297885,-0.6690852221,0.2214526919,-9.570297885,-0.6690852221,0.2214526919
429,8.314237673,0.142485655,0.4190419305,-8.314237673,0.142485655,0.4190419305
430,9.972353215,-0.1394877727,4.649450305,-9.972353215,-0.1394877727,4.649450305
431,9.868409732,0.9507236207,0.3045996916,-9.868409732,0.9507236207,0.3045996916
432,8.505864503,-8.223966954,2.083485707,-8.505864503,-8.223966954,2.083485707
433,8.942559769,-3.265159126,3.49713137,-8.942559769,-3.265159126,3.49713137
434,8.473805431,-6.660420617,3.860852953,-8.473805431,-6.660420617,3.860852953
435,8.05331647,-7.523384898,3.727952035,-8.05331647,-7.523384898,3.727952035
436,9.777698311,-6.125127355,4.581667195,-9.777698311,-6.125127355,4.581667195
437,8.903200422,5.35380766,0.724452235,-8.903200422,5.35380766,0.724452235
438,9.209909151,-4.512714856,3.765365474,-9.209909151,-4.512714856,3.765365474
439,8.514518574,3.189674948,1.064162649,-8.514518574,3.189674948,1.064162649
440,9.919063332,9.265060438,1.258152756,-9.919063332,9.265060438,1.258152756
441,9.417602274,-2.173396096,3.267069984,-9.417602274,-2.173396096,3.267069984
442,8.889002236,4.054599825,4.301093765,-8.889002236,4.054599825,4.301093765
443,8.613345295,-8.841206325,3.975828832,-8.613345295,-8.841206325,3.975828832
444,8.11381086,-4.199792655,3.057422763,-8.11381086,-4.199792655,3.057422763
445,8.252294608,7.806743095,0.9228648354,-8.252294608,7.806743095,0.9228648354
446,9.574732723,7.075259296,4.925497385,-9.574732723,7.075259296,4.925497385
447,9.030905951,-7.203113915,0.1065611604,-9.030905951,-7.203113915,0.1065611604
448,9.646830012,-3.476361178,0.2761571832,-9.646830012,-3.476361178,0.2761571832
449,9.54569339,9.996557614,1.974072808,-9.54569339,9.996557614,1.974072808
450,8.48287018,-3.40777307,2.573700218,-8.48287018,-3.40777307,2.573700218
451,8.644840835,9.450809361,0.4172763217,-8.644840835,9.450809361,0.4172763217
452,9.819207461,5.0878555,4.720023451,-9.819207461,5.0878555,4.720023451
453,8.082595867,4.999802426,4.465497638,-8.082595867,4.999802426,4.465497638
454,8.884701161,-9.095399288,4.031555354,-8.884701161,-9.095399288,4.031555354
455,8.453894255,-5.577346815,1.841669791,-8.453894255,-5.577346815,1.841669791
456,8.311554225,0.5325861861,2.476467178,-8.311554225,0.5325861861,2.476467178
457,9.935864828,1.055951107,4.128273843,-9.935864828,1.055951107,4.128273843
458,9.570195712,0.8377683562,3.701399654,-9.570195712,0.8377683562,3.701399654
459,9.291095055,-8.862959343,1.45975232,-9.291095055,-8.862959343,1.45975232
460,8.18403825,-7.453940765,2.326850202,-8.18403825,-7.453940765,2.326850202
461,9.927999739,-2.070697036,1.166130105,-9.927999739,-2.070697036,1.166130105
462,9.310458366,3.94354263,4.930817021,-9.310458366,3.94354263,4.930817021
463,8.630779998,7.298333134,1.088528269,-8.630779998,7.298333134,1.088528269
464,9.969237892,5.337490363,0.8417907071,-9.969237892,5.337490363,0.8417907071
465,9.4609962,5.616681016,2.774422014,-9.4609962,5.616681016,2.774422014
466,8.807806181,-3.516111504,4.173360478,-8.807806181,-3.516111504,4.173360478
467,9.921650727,7.313178019,4.045339797,-9.921650727,7.313178019,4.045339797
468,9.644010727,-5.241911904,2.630317185,-9.644010727,-5.241911904,2.630317185
469,9.921097163,1.85279661,0.5717750651,-9.921097163,1.85279661,0.5717750651
470,9.733144186,-1.098879078,2.255069423,-9.733144186,-1.098879078,2.255069423
471,9.567507313,-7.661658543,3.852095034,-9.567507313,-7.661658543,3.852095034
472,9.659148939,-7.040283308,3.046454255,-9.659148939,-7.040283308,3.046454255
473,9.085743582,-2.463637192,2.089999042,-9.085743582,-2.463637192,2.089999042
474,8.624136971,-1.506710414,0.9317466244,-8.624136971,-1.506710414,0.9317466244
475,9.929254329,-3.816248501,2.817545826,-9.929254329,-3.816248501,2.817545826
476,8.660671811,-0.1483203027,0.896119049,-8.660671811,-0.1483203027,0.896119049
477,8.7432343,1.220648637,3.090002052,-8.7432343,1.220648637,3.090002052
478,8.654002845,7.070096308,0.7393469232,-8.654002845,7.070096308,0.7393469232
479,9.536228977,5.72157026,1.75997332,-9.536228977,5.72157026,1.75997332
480,8.054183582,-6.216111013,0.3327124932,-8.054183582,-6.216111013,0.3327124932
481,9.081308777,0.2665460659,2.749757696,-9.081308777,0.2665460659,2.749757696
482,8.579585141,9.018601771,2.86345932,-8.579585141,9.018601771,2.86345932
483,8.07185344,-4.259782026,0.6140882426,-8.07185344,-4.259782026,0.6140882426
484,8.143803008,-4.759917173,4.181548128,-8.143803008,-4.759917173,4.181548128
485,9.309069315,8.724561927,1.704945927,-9.309069315,8.724561927,1.704945927
486,9.538684476,8.230157464,3.38374768,-9.538684476,8.230157464,3.38374768
487,9.638067663,4.279075611,3.303642826,-9.638067663,4.279075611,3.303642826
488,9.219748666,5.210598938,0.3912692924,-9.219748666,5.210598938,0.3912692924
489,8.447361992,-2.734084353,3.513708022,-8.447361992,-2.734084353,3.513708022
490,8.790461512,0.07276011851,2.785348895,-8.790461512,0.07276011851,2.785348895
491,9.304950295,4.536846918,4.05520388,-9.304950295,4.536846918,4.05520388
492,9.673743266,-1.355229092,4.174663698,-9.673743266,-1.355229092,4.174663698
493,9.255939274,-8.514250459,3.364030177,-9.255939274,-8.514250459,3.364030177
494,8.979051171,-0.5651413992,2.071610023,-8.979051171,-0.5651413992,2.071610023
495,9.016390265,-7.409102219,1.278725472,-9.016390265,-7.409102219,1.278725472
496,9.988977206,-6.648458471,0.671790661,-9.988977206,-6.648458471,0.671790661
497,9.861430414,2.557055685,3.745585187,-9.861430414,2.557055685,3.745585187
498,8.049353778,3.582969373,4.16117643,-8.049353778,3.582969373,4.16117643
499,9.549624169,-3.717661151,4.247006759,-9.549624169,-3.717661151,4.247006759
500,8.281450468,1.370194293,1.645095333,-8.281450468,1.370194293,1.645095333
501,9.808348312,5.551542136,0.3674371986,-9.808348312,5.551542136,0.3674371986
502,8.555300293,-1.337145408,0.5073302885,-8.555300293,-1.337145408,0.5073302885
503,9.415906611,0.5267214013,2.068819614,-9.415906611,0.5267214013,2.068819614
504,9.962089561,-5.106155081,4.799192676,-9.962089561,-5.106155081,4.799192676
505,9.976065023,9.140629036,2.818830383,-9.976065023,9.140629036,2.818830383
506,9.774713428,2.850756855,3.038606983,-9.774713428,2.850756855,3.038606983
507,9.341535616,2.260345911,3.86942895,-9.341535616,2.260345911,3.86942895
508,9.044115029,-0.527862909,0.807259674,-9.044115029,-0.527862909,0.807259674
509,9.087891261,7.112147574,3.342356325,-9.087891261,7.112147574,3.342356325
510,9.781218076,7.661250952,0.5871025691,-9.781218076,7.661250952,0.5871025691
511,8.282906776,-7.992434077,3.667431316,-8.282906776,-7.992434077,3.667431316
512,9.637712279,-6.948638806,1.021483911,-9.637712279,-6.948638806,1.021483911
513,9.384098235,5.125640511,3.617113359,-9.384098235,5.125640511,3.617113359
514,9.422478924,-4.474389917,1.94451698,-9.422478924,-4.474389917,1.94451698
515,9.806224159,0.2607433608,3.168276246,-9.806224159,0.2607433608,3.168276246
516,9.254137537,-4.632159,3.146773878,-9.254137537,-4.632159,3.146773878
517,8.438923452,-5.576493648,3.634040397,-8.438923452,-5.576493648,3.634040397
518,8.015375247,6.996551423,4.565862331,-8.015375247,6.996551423,4.565862331
519,8.101947911,-3.256518543,0.5825355923,-8.101947911,-3.256518543,0.5825355923
520,8.683967867,3.330138958,2.864944265,-8.683967867,3.330138958,2.864944265
521,9.072304787,6.698956197,3.586431539,-9.072304787,6.698956197,3.586431539
522,9.492546979,-1.671935377,3.726894424,-9.492546979,-1.671935377,3.726894424
523,8.906012787,0.7412957042,3.620927517,-8.906012787,0.7412957042,3.620927517
524,8.419283407,1.0257052,1.51084615,-8.419283407,1.0257052,1.51084615
525,8.840290901,-7.509617669,4.195703593,-8.840290901,-7.509617669,4.195703593
526,9.721077697,4.551241863,1.633714762,-9.721077697,4.551241863,1.633714762
527,8.164304131,-6.54244092,0.01829813838,-8.164304131,-6.54244092,0.01829813838
528,8.857147158,-1.3590188,3.42242228,-8.857147158,-1.3590188,3.42242228
529,8.683778651,-2.692899267,3.045813783,-8.683778651,-2.692899267,3.045813783
530,8.762905707,7.018380362,4.581615365,-8.762905707,7.018380362,4.581615365
531,8.403831249,2.978986662,4.295211276,-8.403831249,2.978986662,4.295211276
532,8.85182643,0.7117103362,1.513423461,-8.85182643,0.7117103362,1.513423461
533,8.973431904,4.030125871,4.309290098,-8.973431904,4.030125871,4.309290098
534,9.957884524,2.601772946,3.765129406,-9.957884524,2.601772946,3.765129406
535,9.463491517,-5.069328943,4.9784884,-9.463491517,-5.069328943,4.9784884
536,8.575777553,-8.426694275,0.9505298156,-8.575777553,-8.426694275,0.9505298156
537,8.409338081,-7.473738435,1.71366207,-8.409338081,-7.473738435,1.71366207
538,8.884240739,-9.596816848,1.75237695,-8.884240739,-9.596816848,1.75237695
539,8.489270844,0.872346481,2.170989184,-8.489270844,0.872346481,2.170989184
540,8.104494427,6.139918477,3.555880233,-8.104494427,6.139918477,3.555880233
541,9.017163671,-7.468212081,4.719145845,-9.017163671,-7.468212081,4.719145845
542,9.487505942,-6.726064696,1.954182035,-9.487505942,-6.726064696,1.954182035
543,9.91318068,-0.8135069401,1.18611699,-9.91318068,-0.8135069401,1.18611699
544,8.657898879,4.700616282,4.701518755,-8.657898879,4.700616282,4.701518755
545,8.828271431,-2.619239034,0.6567610739,-8.828271431,-2.619239034,0.6567610739
546,9.967827867,1.563688507,2.642068529,-9.967827867,1.563688507,2.642068529
547,9.512183055,1.347518462,3.943978929,-9.512183055,1.347518462,3.943978929
548,9.01102902,9.656621696,0.01402701675,-9.01102902,9.656621696,0.01402701675
549,8.739465818,9.312741892,1.010624495,-8.739465818,9.312741892,1.010624495
550,9.376893419,-3.950786243,0.1991250083,-9.376893419,-3.950786243,0.1991250083
551,9.582809832,0.8090944537,0.9638264255,-9.582809832,0.8090944537,0.9638264255
552,9.229360291,-8.781311798,1.165617527,-9.229360291,-8.781311798,1.165617527
553,9.518736648,-2.385277531,3.11898827,-9.518736648,-2.385277531,3.11898827
554,9.299524256,-9.128099018,3.323861929,-9.299524256,-9.128099018,3.323861929
555,8.769134758,7.803388428,3.081346262,-8.769134758,7.803388428,3.081346262
556,9.589171988,-7.618734563,3.392221356,-9.589171988,-7.618734563,3.392221356
557,8.95657334,-4.447396127,4.315658539,-8.95657334,-4.447396127,4.315658539
558,9.481335086,-7.812694427,0.8495677576,-9.481335086,-7.812694427,0.8495677576
559,8.146210025,4.987666791,3.469567906,-8.146210025,4.987666791,3.469567906
560,8.310949503,1.523491673,2.149611698,-8.310949503,1.523491673,2.149611698
561,9.758126059,-7.961516432,3.936753836,-9.758126059,-7.961516432,3.936753836
562,9.812670706,2.94518461,0.6903020896,-9.812670706,2.94518461,0.6903020896
563,8.788032307,-3.595776896,2.148599243,-8.788032307,-3.595776896,2.148599243
564,9.563891324,-5.17193116,2.495362043,-9.563891324,-5.17193116,2.495362043
565,9.929692001,-6.675879646,4.677327139,-9.929692001,-6.675879646,4.677327139
566,9.690368157,-5.33403755,1.179548312,-9.690368157,-5.33403755,1.179548312
567,9.238556296,-6.556978027,1.932095249,-9.238556296,-6.556978027,1.932095249
568,9.092168156,-3.021218611,2.367446993,-9.092168156,-3.021218611,2.367446993
569,9.133710011,5.516144848,3.498204069,-9.133710011,5.516144848,3.498204069
570,9.452717395,-2.92354719,3.728679746,-9.452717395,-2.92354719,3.728679746
571,8.056227168,0.5606930064,1.67731423,-8.056227168,0.5606930064,1.67731423
572,8.768658544,6.692845164,4.919547887,-8.768658544,6.692845164,4.919547887
573,8.769647809,-0.5361902097,3.655451503,-8.769647809,-0.5361902097,3.655451503
574,9.319321347,-0.9120210878,2.299777109,-9.319321347,-0.9120210878,2.299777109
575,8.916955839,-9.918746683,4.780806126,-8.916955839,-9.918746683,4.780806126
576,9.399464857,-7.757137798,0.4686391716,-9.399464857,-7.757137798,0.4686391716
577,8.38387088,-3.029678118,3.453217314,-8.38387088,-3.029678118,3.453217314
578,9.06638632,2.446751844,0.6609667924,-9.06638632,2.446751844,0.6609667924
579,9.637415195,7.576651596,3.093226477,-9.637415195,7.576651596,3.093226477
580,9.182590582,-6.895331864,0.4121823158,-9.182590582,-6.895331864,0.4121823158
581,8.419784024,4.403951773,4.005249746,-8.419784024,4.403951773,4.005249746
582,8.529299766,-2.122333655,2.772334248,-8.529299766,-2.122333655,2.772334248
583,9.919986737,1.125504007,3.814463912,-9.919986737,1.125504007,3.814463912
584,9.366738719,-2.9157707,3.680268721,-9.366738719,-2.9157707,3.680268721
585,9.290240675,0.917822204,2.631224824,-9.290240675,0.917822204,2.631224824
586,8.948181718,-7.008884923,4.936596115,-8.948181718,-7.008884923,4.936596115
587,9.622642773,-4.166052923,4.474214378,-9.622642773,-4.166052923,4.474214378
588,8.861268388,7.600792785,0.9023047355,-8.861268388,7.600792785,0.9023047355
589,9.287417432,-9.88480948,0.5110818979,-9.287417432,-9.88480948,0.5110818979
590,8.158424417,-2.436740135,0.541102225,-8.158424417,-2.436740135,0.541102225
591,9.921499385,5.876504477,3.80332906,-9.921499385,5.876504477,3.80332906
592,9.81592607,4.860870764,2.488344447,-9.81592607,4.860870764,2.488344447
593,8.941054538,1.443400557,2.873887612,-8.941054538,1.443400557,2.873887612
594,8.67706185,2.264176353,4.316366729,-8.67706185,2.264176353,4.316366729
595,9.860731617,-4.135623754,4.157711841,-9.860731617,-4.135623754,4.157711841
596,8.519044612,-5.172563157,4.251930763,-8.519044612,-5.172563157,4.251930763
597,9.094166862,-2.495886861,2.30731641,-9.094166862,-2.495886861,2.30731641
598,8.8471397,-5.854732074,3.041213919,-8.8471397,-5.854732074,3.041213919
599,8.473992883,-0.05269861307,4.169233214,-8.473992883,-0.05269861307,4.169233214
600,8.355482541,8.776842286,3.034315084,-8.355482541,8.776842286,3.034315084
601,8.186032005,-1.917342043,0.7396608341,-8.186032005,-1.917342043,0.7396608341
602,9.376084758,6.490683875,3.535755582,-9.376084758,6.490683875,3.535755582
603,9.913435105,-4.25592303,3.467076587,-9.913435105,-4.25592303,3.467076587
604,8.020653311,3.614361082,0.02918161251,-8.020653311,3.614361082,0.02918161251
605,9.015466038,8.636305911,3.268349502,-9.015466038,8.636305911,3.268349502
606,8.840399884,-8.449244062,1.600798812,-8.840399884,-8.449244062,1.600798812
607,9.836879393,7.790769507,4.638125663,-9.836879393,7.790769507,4.638125663
608,8.704573268,6.474220736,1.152512,-8.704573268,6.474220736,1.152512
609,8.603099989,-6.688732373,2.287276135,-8.603099989,-6.688732373,2.287276135
610,8.027839541,2.468038825,2.285918025,-8.027839541,2.468038825,2.285918025
611,9.680638597,2.979907265,1.076447934,-9.680638597,2.979907265,1.076447934
612,8.539933792,-8.332800748,1.853984053,-8.539933792,-8.332800748,1.853984053
613,8.679573939,-3.846769531,3.299808893,-8.679573939,-3.846769531,3.299808893
614,8.349548787,-1.826431995,2.498306787,-8.349548787,-1.826431995,2.498306787
615,9.38494858,-2.096230607,3.009624951,-9.38494858,-2.096230607,3.009624951
616,9.250783422,-7.359216844,3.224302521,-9.250783422,-7.359216844,3.224302521
617,8.797268237,-2.923928237,4.395173851,-8.797268237,-2.923928237,4.395173851
618,9.97847681,-3.769255775,1.50065641,-9.97847681,-3.769255775,1.50065641
619,8.640915983,-4.200561262,2.783624583,-8.640915983,-4.200561262,2.783624583
620,8.643481045,5.563965997,2.117123404,-8.643481045,5.563965997,2.117123404
621,9.096394208,-7.35820714,4.612972416,-9.096394208,-7.35820714,4.612972416
622,8.856703916,3.499511953,3.288693362,-8.856703916,3.499511953,3.288693362
623,9.792344615,-2.995585436,4.438105805,-9.792344615,-2.995585436,4.438105805
624,9.349162012,-7.567322298,0.2747361078,-9.349162012,-7.567322298,0.2747361078
625,9.351971044,5.174733305,2.323916413,-9.351971044,5.174733305,2.323916413
626,8.263149879,-0.4666041722,2.187640041,-8.263149879,-0.4666041722,2.187640041
627,8.152755535,-1.047589011,1.710493379,-8.152755535,-1.047589011,1.710493379
628,9.057035654,2.464047935,1.123428276,-9.057035654,2.464047935,1.123428276
629,9.086416942,-7.929481606,3.314433455,-9.086416942,-7.929481606,3.314433455
630,8.244458043,9.176664983,4.261744083,-8.244458043,9.176664983,4.261744083
631,9.687368617,8.227552146,2.869852582,-9.687368617,8.227552146,2.869852582
632,8.370410888,2.260978004,2.98746494,-8.370410888,2.260978004,2.98746494
633,8.25318734,3.735636927,4.478613689,-8.25318734,3.735636927,4.478613689
634,8.885679894,9.251541894,2.292156656,-8.885679894,9.251541894,2.292156656
635,9.761766973,-4.723168716,0.2005411863,-9.761766973,-4.723168716,0.2005411863
636,9.372425511,2.864045291,3.959871572,-9.372425511,2.864045291,3.959871572
637,9.280095126,-5.974159211,2.893044337,-9.280095126,-5.974159211,2.893044337
638,9.133710704,-1.963000718,1.14582273,-9.133710704,-1.963000718,1.14582273
639,9.973418601,1.473348363,1.530811762,-9.973418601,1.473348363,1.530811762
640,9.006032069,6.091305302,1.563719181,-9.006032069,6.091305302,1.563719181
641,9.106651286,1.790115594,1.578391737,-9.106651286,1.790115594,1.578391737
642,9.685256865,-2.968712589,3.331676599,-9.685256865,-2.968712589,3.331676599
643,8.959182484,-3.376769337,0.9329797638,-8.959182484,-3.376769337,0.9329797638
644,8.452871647,3.688525528,4.639365818,-8.452871647,3.688525528,4.639365818
645,8.257967772,-6.976342413,2.436168545,-8.257967772,-6.976342413,2.436168545
646,8.312442183,3.47658585,1.420322807,-8.312442183,3.47658585,1.420322807
647,9.511379779,-3.126039377,0.609472769,-9.511379779,-3.126039377,0.609472769
648,8.838245326,6.823899448,0.6011185875,-8.838245326,6.823899448,0.6011185875
649,8.968466477,-6.345996803,3.689936622,-8.968466477,-6.345996803,3.689936622
650,8.922989503,4.564004046,4.789511705,-8.922989503,4.564004046,4.789511705
651,8.336964163,-6.019030519,1.023016106,-8.336964163,-6.019030519,1.023016106
652,8.79447063,7.038450501,3.321036406,-8.79447063,7.038450501,3.321036406
653,9.901843047,-1.195564899,3.657273295,-9.901843047,-1.195564899,3.657273295
654,9.638242083,1.878534722,2.850103572,-9.638242083,1.878534722,2.850103572
655,8.35877735,8.598949156,1.529410519,-8.35877735,8.598949156,1.529410519
656,8.682488829,-7.128685302,0.4181025512,-8.682488829,-7.128685302,0.4181025512
657,9.109435715,-7.959884795,4.832143626,-9.109435715,-7.959884795,4.832143626
658,8.221116063,0.4466703449,0.505849044,-8.221116063,0.4466703449,0.505849044
659,8.58483059,-6.474703597,4.127799152,-8.58483059,-6.474703597,4.127799152
660,9.601666781,-2.93806271,3.657753176,-9.601666781,-2.93806271,3.657753176
661,9.527353202,4.660749138,2.066894111,-9.527353202,4.660749138,2.066894111
662,9.297405685,-1.817162237,4.105192363,-9.297405685,-1.817162237,4.105192363
663,9.261004683,-9.173132918,3.456018784,-9.261004683,-9.173132918,3.456018784
664,8.710315563,9.533836332,2.499757833,-8.710315563,9.533836332,2.499757833
665,8.533419414,-4.250649872,1.108904423,-8.533419414,-4.250649872,1.108904423
666,8.98768883,-8.26551533,2.554442395,-8.98768883,-8.26551533,2.554442395
667,8.274514649,2.374656723,1.827573575,-8.274514649,2.374656723,1.827573575
668,9.834525643,-7.745836401,3.571700965,-9.834525643,-7.745836401,3.571700965
669,8.86819419,-6.45322608,3.869001363,-8.86819419,-6.45322608,3.869001363
670,8.803409862,-1.286198439,3.579034359,-8.803409862,-1.286198439,3.579034359
671,8.589939054,0.3839131261,3.931967514,-8.589939054,0.3839131261,3.931967514
672,9.860497189,9.543754478,2.990827814,-9.860497189,9.543754478,2.990827814
673,8.570034536,-2.20197975,4.577061996,-8.570034536,-2.20197975,4.577061996
674,9.959544854,4.099139874,4.343240604,-9.959544854,4.099139874,4.343240604
675,9.876565309,-4.186941666,1.80157308,-9.876565309,-4.186941666,1.80157308
676,8.985621689,3.229488372,4.008771009,-8.985621689,3.229488372,4.008771009
677,8.482362154,7.278818245,1.414801983,-8.482362154,7.278818245,1.414801983
678,9.617581496,0.3970667568,3.768570965,-9.617581496,0.3970667568,3.768570965
679,8.425257729,-2.946478078,1.78591435,-8.425257729,-2.946478078,1.78591435
680,8.546149027,-1.921115264,4.411682269,-8.546149027,-1.921115264,4.411682269
681,9.362007022,4.253992404,1.306565696,-9.362007022,4.253992404,1.306565696
682,9.996375234,-4.060250607,0.9272357225,-9.996375234,-4.060250607,0.9272357225
683,9.955005998,-9.286922651,1.568182616,-9.955005998,-9.286922651,1.568182616
684,9.844353356,1.305053026,1.4725555,-9.844353356,1.305053026,1.4725555
685,8.65069994,4.328983913,1.296005541,-8.65069994,4.328983913,1.296005541
686,9.77477076,7.065224512,4.829427783,-9.77477076,7.065224512,4.829427783
687,9.9737666,1.220541538,1.709001508,-9.9737666,1.220541538,1.709001508
688,9.165687686,5.132972145,2.023029958,-9.165687686,5.132972145,2.023029958
689,9.567489916,3.183913626,3.339856897,-9.567489916,3.183913626,3.339856897
690,8.758705516,-5.314031391,0.7718117668,-8.758705516,-5.314031391,0.7718117668
691,9.985161769,-6.066468812,2.808902944,-9.985161769,-6.066468812,2.808902944
692,8.006496723,9.440020259,1.388723941,-8.006496723,9.440020259,1.388723941
693,8.338065114,-7.431025454,0.4095874378,-8.338065114,-7.431025454,0.4095874378
694,9.39684181,-4.610566197,2.169494075,-9.39684181,-4.610566197,2.169494075
695,9.02205407,4.214066755,1.143669795,-9.02205407,4.214066755,1.143669795
696,9.425434272,8.960925497,2.515155465,-9.425434272,8.960925497,2.515155465
697,9.097659929,-0.7758147353,0.5075173354,-9.097659929,-0.7758147353,0.5075173354
698,8.402599669,1.510577461,4.454875091,-8.402599669,1.510577461,4.454875091
699,8.739967997,3.082209123,2.545647366,-8.739967997,3.082209123,2.545647366
700,9.386811129,1.720534466,0.6005648395,-9.386811129,1.720534466,0.6005648395
701,8.287432939,1.487358906,1.57607997,-8.287432939,1.487358906,1.57607997
702,8.476793383,6.271886928,4.194174543,-8.476793383,6.271886928,4.194174543
703,8.617782609,4.126051513,1.379320886,-8.617782609,4.126051513,1.379320886
704,9.981675603,0.275354413,3.947460972,-9.981675603,0.275354413,3.947460972
705,9.209904752,-5.279414704,4.307210544,-9.209904752,-5.279414704,4.307210544
706,9.923900481,-7.631392156,2.04604717,-9.923900481,-7.631392156,2.04604717
707,9.690072962,8.242847368,3.6909015,-9.690072962,8.242847368,3.6909015
708,9.49250925,-0.5826571284,3.546473194,-9.49250925,-0.5826571284,3.546473194
709,8.817246378,-0.2038464976,1.543422133,-8.817246378,-0.2038464976,1.543422133
710,8.816321753,1.635412848,2.566594043,-8.816321753,1.635412848,2.566594043
711,8.674930574,7.428376387,0.9993584091,-8.674930574,7.428376387,0.9993584091
712,8.40999608,1.97370913,2.114094444,-8.40999608,1.97370913,2.114094444
713,8.776913748,-2.657943185,2.302948058,-8.776913748,-2.657943185,2.302948058
714,8.284818107,-9.249946015,2.151202992,-8.284818107,-9.249946015,2.151202992
715,9.363046987,-3.035543919,3.740279579,-9.363046987,-3.035543919,3.740279579
716,8.715403777,-4.207690967,2.920164832,-8.715403777,-4.207690967,2.920164832
717,9.392325388,-6.107191765,0.4583999268,-9.392325388,-6.107191765,0.4583999268
718,8.499638364,9.97738931,3.596038711,-8.499638364,9.97738931,3.596038711
719,8.698296729,3.486716413,1.074140782,-8.698296729,3.486716413,1.074140782
720,8.009692242,0.08286700134,4.761445612,-8.009692242,0.08286700134,4.761445612
721,8.051984389,6.6250669,2.751711588,-8.051984389,6.6250669,2.751711588
722,8.955680277,1.20629817,1.860633291,-8.955680277,1.20629817,1.860633291
723,9.107010353,6.791355899,1.627005451,-9.107010353,6.791355899,1.627005451
724,8.400543159,4.581568118,1.864399196,-8.400543159,4.581568118,1.864399196
725,9.538648723,1.851397614,3.137708368,-9.538648723,1.851397614,3.137708368
726,9.786355324,-5.520735123,0.617911018,-9.786355324,-5.520735123,0.617911018
727,8.322579752,5.720512376,2.744374604,-8.322579752,5.720512376,2.744374604
728,8.451083136,-4.025551783,1.33329067,-8.451083136,-4.025551783,1.33329067
729,9.750856977,-2.470879032,0.4144625722,-9.750856977,-2.470879032,0.4144625722
730,9.004655778,-0.6957804058,3.089114728,-9.004655778,-0.6957804058,3.089114728
731,9.203992758,5.989741932,4.007851939,-9.203992758,5.989741932,4.007851939
732,8.949149558,-1.218298989,0.9989915332,-8.949149558,-1.218298989,0.9989915332
733,9.172319845,7.813285028,3.720666032,-9.172319845,7.813285028,3.720666032
734,9.806250362,-9.605757411,3.478484264,-9.806250362,-9.605757411,3.478484264
735,8.861345738,0.302007762,4.08948232,-8.861345738,0.302007762,4.08948232
736,9.773528593,5.050813632,2.169367646,-9.773528593,5.050813632,2.169367646
737,9.770390439,9.67694973,0.7585699719,-9.770390439,9.67694973,0.7585699719
738,8.368264052,9.771744256,2.046167802,-8.368264052,9.771744256,2.046167802
739,8.778336809,3.602130042,3.500069307,-8.778336809,3.602130042,3.500069307
740,9.713670582,5.547484682,4.833896273,-9.713670582,5.547484682,4.833896273
741,8.913030385,0.9770768243,1.535614194,-8.913030385,0.9770768243,1.535614194
742,9.938724153,-4.774928656,2.48773447,-9.938724153,-4.774928656,2.48773447
743,9.561195645,-7.394346664,4.425473309,-9.561195645,-7.394346664,4.425473309
744,9.741967978,7.828573466,2.333162343,-9.741967978,7.828573466,2.333162343
745,8.364391051,-8.320440663,1.008687608,-8.364391051,-8.320440663,1.008687608
746,9.435483852,-2.262369123,4.824783284,-9.435483852,-2.262369123,4.824783284
747,9.445457748,-3.47454566,2.638832662,-9.445457748,-3.47454566,2.638832662
748,8.942758175,0.9658917421,3.368141532,-8.942758175,0.9658917421,3.368141532
749,9.452332688,-0.1080421952,2.262030678,-9.452332688,-0.1080421952,2.262030678
750,8.259762968,-5.771728379,0.453532366,-8.259762968,-5.771728379,0.453532366
751,8.75644574,9.928734365,0.4268518428,-8.75644574,9.928734365,0.4268518428
752,9.069791958,-0.2082280303,1.494687813,-9.069791958,-0.2082280303,1.494687813
753,9.096907397,-4.267280396,2.753113213,-9.096907397,-4.267280396,2.753113213
754,9.578272376,0.1015350842,3.346900241,-9.578272376,0.1015350842,3.346900241
755,9.146272304,4.749304583,3.574741295,-9.146272304,4.749304583,3.574741295
756,8.53398649,-3.553089581,0.9253981399,-8.53398649,-3.553089581,0.9253981399
757,9.547034876,-2.215203761,4.72039045,-9.547034876,-2.215203761,4.72039045
758,9.939218184,2.453545065,2.660477038,-9.939218184,2.453545065,2.660477038
759,8.619632792,-4.920660378,4.717090431,-8.619632792,-4.920660378,4.717090431
760,9.515859799,-6.141319032,2.544037466,-9.515859799,-6.141319032,2.544037466
761,9.393303272,8.154403363,2.062658729,-9.393303272,8.154403363,2.062658729
762,9.761308643,-4.073755819,2.15391503,-9.761308643,-4.073755819,2.15391503
763,9.112608933,1.325766329,4.780900969,-9.112608933,1.325766329,4.780900969
764,8.852121659,8.451150066,0.5269624928,-8.852121659,8.451150066,0.5269624928
765,8.708030073,-5.303108696,4.871804899,-8.708030073,-5.303108696,4.871804899
766,8.971216001,-9.618642434,0.90665079,-8.971216001,-9.618642434,0.90665079
767,8.703157448,2.325184001,3.822202717,-8.703157448,2.325184001,3.822202717
768,8.36347463,-6.768264025,2.861493004,-8.36347463,-6.768264025,2.861493004
769,9.009421623,-3.161052191,4.329064383,-9.009421623,-3.161052191,4.329064383
770,8.863772618,3.973175629,2.780503449,-8.863772618,3.973175629,2.780503449
771,9.408911857,1.360152442,2.289119045,-9.408911857,1.360152442,2.289119045
772,9.37075579,6.908409346,3.352934951,-9.37075579,6.908409346,3.352934951
773,9.154872956,2.41266057,4.859468499,-9.154872956,2.41266057,4.859468499
774,9.120509478,8.747185358,3.961578816,-9.120509478,8.747185358,3.961578816
775,9.967377312,6.431282783,3.631944772,-9.967377312,6.431282783,3.631944772
776,9.289129334,-4.669148822,3.419969193,-9.289129334,-4.669148822,3.419969193
777,9.239151896,6.569140198,2.279988257,-9.239151896,6.569140198,2.279988257
778,9.845973186,3.176628968,3.700037469,-9.845973186,3.176628968,3.700037469
779,8.995552052,1.804424012,4.224744978,-8.995552052,1.804424012,4.224744978
780,9.395117553,8.987293038,4.092376249,-9.395117553,8.987293038,4.092376249
781,8.106416023,-1.951014075,1.173947539,-8.106416023,-1.951014075,1.173947539
782,8.467585344,6.656332651,3.058673348,-8.467585344,6.656332651,3.058673348
783,9.490463264,-4.795263361,1.763177419,-9.490463264,-4.795263361,1.763177419
784,8.128835265,-6.278585689,2.145576334,-8.128835265,-6.278585689,2.145576334
785,8.18071286,0.1126776968,1.877600482,-8.18071286,0.1126776968,1.877600482
786,8.393637021,2.63076152,0.07987678364,-8.393637021,2.63076152,0.07987678364
787,8.7590563,2.984225624,3.659687708,-8.7590563,2.984225624,3.659687708
788,9.623872495,6.936203344,4.233221145,-9.623872495,6.936203344,4.233221145
789,9.977817414,-9.310532852,2.27433921,-9.977817414,-9.310532852,2.27433921
790,8.435338206,-6.069388022,2.285443316,-8.435338206,-6.069388022,2.285443316
791,8.555330531,-9.713233553,2.46992086,-8.555330531,-9.713233553,2.46992086
792,8.549846635,7.46462934,4.21208127,-8.549846635,7.46462934,4.21208127
793,9.881964093,-4.116262331,2.05781555,-9.881964093,-4.116262331,2.05781555
794,9.172671373,-9.253214246,3.834817805,-9.172671373,-9.253214246,3.834817805
795,8.454568571,-8.215888379,1.053139344,-8.454568571,-8.215888379,1.053139344
796,9.807724536,-4.225468483,1.592732335,-9.807724536,-4.225468483,1.592732335
797,8.554233721,-4.77681005,2.247334332,-8.554233721,-4.77681005,2.247334332
798,8.680125002,3.099016263,4.984752125,-8.680125002,3.099016263,4.984752125
799,9.308957526,7.232639074,0.9946312982,-9.308957526,7.232639074,0.9946312982
800,9.135592764,-7.271759602,3.195048966,-9.135592764,-7.271759602,3.195048966
801,9.685058172,-0.4226277135,0.5171927164,-9.685058172,-0.4226277135,0.5171927164
802,9.327212851,3.74787002,0.7169802422,-9.327212851,3.74787002,0.7169802422
803,9.005854986,3.462496959,3.799539042,-9.005854986,3.462496959,3.799539042
804,8.262632091,-5.247354966,0.639275009,-8.262632091,-5.247354966,0.639275009
805,9.711509918,2.725749752,3.336213474,-9.711509918,2.725749752,3.336213474
806,9.730011133,-6.644521021,3.530404088,-9.730011133,-6.644521021,3.530404088
807,9.689405254,8.702861649,0.5052335389,-9.689405254,8.702861649,0.5052335389
808,9.891631021,4.827923676,3.261445383,-9.891631021,4.827923676,3.261445383
809,8.590746014,9.109259973,4.004536674,-8.590746014,9.109259973,4.004536674
810,9.35377476,2.834163074,2.430412667,-9.35377476,2.834163074,2.430412667
811,8.108164964,2.029019487,1.653305389,-8.108164964,2.029019487,1.653305389
812,9.495450795,0.6801432074,4.406193108,-9.495450795,0.6801432074,4.406193108
813,9.754178549,7.109713074,1.421809207,-9.754178549,7.109713074,1.421809207
814,9.753022178,-4.703184823,1.090339723,-9.753022178,-4.703184823,1.090339723
815,8.815848771,9.864878466,1.012437522,-8.815848771,9.864878466,1.012437522
816,8.680432562,-4.415643276,3.820482818,-8.680432562,-4.415643276,3.820482818
817,9.962648425,-3.994072001,2.824228003,-9.962648425,-3.994072001,2.824228003
818,9.984305648,0.8904503027,3.008699683,-9.984305648,0.8904503027,3.008699683
819,9.579261773,9.29649905,3.049871511,-9.579261773,9.29649905,3.049871511
820,8.699815638,-3.51626301,0.04856940123,-8.699815638,-3.51626301,0.04856940123
821,8.941081062,-8.232724974,4.787464033,-8.941081062,-8.232724974,4.787464033
822,8.338212595,2.595672187,0.2407235255,-8.338212595,2.595672187,0.2407235255
823,9.536934497,2.479987065,0.9118733926,-9.536934497,2.479987065,0.9118733926
824,8.592813786,3.707182407,4.311489581,-8.592813786,3.707182407,4.311489581
825,8.391805627,-1.930143374,0.5083170968,-8.391805627,-1.930143374,0.5083170968
826,8.210971541,-6.011445219,4.943849176,-8.210971541,-6.011445219,4.943849176
827,9.403934282,2.495308309,3.592551585,-9.403934282,2.495308309,3.592551585
828,8.380074657,0.7544946234,1.34364982,-8.380074657,0.7544946234,1.34364982
829,8.268924069,5.8147444,2.750016857,-8.268924069,5.8147444,2.750016857
830,8.672364382,-8.10549498,4.544203121,-8.672364382,-8.10549498,4.544203121
831,9.332774739,3.497589613,3.045573251,-9.332774739,3.497589613,3.045573251
832,9.763825587,0.163777788,3.054584502,-9.763825587,0.163777788,3.054584502
833,9.041817565,-0.8895206598,0.8644110358,-9.041817565,-0.8895206598,0.8644110358
834,8.085474293,5.47971451,1.804744082,-8.085474293,5.47971451,1.804744082
835,9.917302769,0.5174662308,4.224771793,-9.917302769,0.5174662308,4.224771793
836,8.861087007,-5.75623071,2.685713523,-8.861087007,-5.75623071,2.685713523
837,8.084082119,3.344997236,1.988848169,-8.084082119,3.344997236,1.988848169
838,9.995128177,-8.532539957,0.4556222686,-9.995128177,-8.532539957,0.4556222686
839,9.265892624,-6.762041576,3.427333487,-9.265892624,-6.762041576,3.427333487
840,9.640913252,0.5989339381,0.3399379963,-9.640913252,0.5989339381,0.3399379963
841,8.294887938,1.836082207,0.8563847527,-8.294887938,1.836082207,0.8563847527
842,8.425718411,-5.651237706,0.3334375453,-8.425718411,-5.651237706,0.3334375453
843,8.072230958,-8.768017446,2.857195925,-8.072230958,-8.768017446,2.857195925
844,8.941697824,-6.265800617,0.3761702123,-8.941697824,-6.265800617,0.3761702123
845,9.592960481,-8.724370638,4.655015805,-9.592960481,-8.724370638,4.655015805
846,8.715419212,4.660659161,3.168468955,-8.715419212,4.660659161,3.168468955
847,9.176429726,-2.258562174,2.026487066,-9.176429726,-2.258562174,2.026487066
848,8.212159424,8.905777327,2.181400897,-8.212159424,8.905777327,2.181400897
849,9.019083703,-9.387464061,4.024948914,-9.019083703,-9.387464061,4.024948914
850,8.062639178,-1.255028245,1.25757344,-8.062639178,-1.255028245,1.25757344
851,8.236157172,4.055474483,4.469277609,-8.236157172,4.055474483,4.469277609
852,9.449702187,3.094857933,3.259665926,-9.449702187,3.094857933,3.259665926
853,8.841229844,6.19687107,3.592511936,-8.841229844,6.19687107,3.592511936
854,9.071880672,6.63932324,1.265339597,-9.071880672,6.63932324,1.265339597
855,9.816928943,7.89820832,1.254617614,-9.816928943,7.89820832,1.254617614
856,9.20242238,6.948475635,2.41028194,-9.20242238,6.948475635,2.41028194
857,8.277122864,6.266047978,0.4051042579,-8.277122864,6.266047978,0.4051042579
858,9.760004492,-9.106817353,4.30721434,-9.760004492,-9.106817353,4.30721434
859,8.462657043,-4.521321581,0.9547693937,-8.462657043,-4.521321581,0.9547693937
860,8.956111128,4.470830201,1.006977505,-8.956111128,4.470830201,1.006977505
861,9.232245473,-4.570144037,1.253673337,-9.232245473,-4.570144037,1.253673337
862,8.720226783,-6.779336281,1.285700117,-8.720226783,-6.779336281,1.285700117
863,9.122004738,8.841908863,4.049747552,-9.122004738,8.841908863,4.049747552
864,8.74518237,3.617719217,2.035055648,-8.74518237,3.617719217,2.035055648
865,9.797003441,6.539013701,0.1475154425,-9.797003441,6.539013701,0.1475154425
866,8.440002484,-1.236800963,4.17435716,-8.440002484,-1.236800963,4.17435716
867,9.683050021,-9.608582277,3.230721443,-9.683050021,-9.608582277,3.230721443
868,9.406531368,1.049430879,4.595479167,-9.406531368,1.049430879,4.595479167
869,9.154963584,6.725057201,0.1407753237,-9.154963584,6.725057201,0.1407753237
870,9.130278589,-4.26261327,4.574226129,-9.130278589,-4.26261327,4.574226129
871,8.308214067,-9.363563659,4.702529327,-8.308214067,-9.363563659,4.702529327
872,9.537908736,-7.050263641,1.042781633,-9.537908736,-7.050263641,1.042781633
873,8.024785275,-2.647452586,4.300832991,-8.024785275,-2.647452586,4.300832991
874,9.84742819,-2.431449007,0.4034175763,-9.84742819,-2.431449007,0.4034175763
875,9.763362094,-5.06944812,4.379499981,-9.763362094,-5.06944812,4.379499981
876,9.927472628,-6.591234348,4.787960012,-9.927472628,-6.591234348,4.787960012
877,9.791667451,-5.414344013,3.855841603,-9.791667451,-5.414344013,3.855841603
878,9.1755043,6.766021596,0.02300288707,-9.1755043,6.766021596,0.02300288707
879,9.999439602,-2.252204273,1.818973436,-9.999439602,-2.252204273,1.818973436
880,8.988759648,5.012536222,4.068016782,-8.988759648,5.012536222,4.068016782
881,9.079838212,-1.224543249,2.461998066,-9.079838212,-1.224543249,2.461998066
882,8.285281086,-7.18937669,0.4509658309,-8.285281086,-7.18937669,0.4509658309
883,8.871958045,-8.011971308,3.843356311,-8.871958045,-8.011971308,3.843356311
884,9.565393329,9.302312866,0.6605753948,-9.565393329,9.302312866,0.6605753948
885,8.675814957,-0.3503131163,4.090699488,-8.675814957,-0.3503131163,4.090699488
886,8.797877274,3.999282953,2.570866395,-8.797877274,3.999282953,2.570866395
887,9.073098464,-0.7532168417,4.064242711,-9.073098464,-0.7532168417,4.064242711
888,8.362427464,-8.448304528,2.605000422,-8.362427464,-8.448304528,2.605000422
889,8.432867927,-2.702790808,3.251557654,-8.432867927,-2.702790808,3.251557654
890,8.554586262,1.091278597,1.402993008,-8.554586262,1.091278597,1.402993008
891,9.103154488,-6.985818164,3.941079441,-9.103154488,-6.985818164,3.941079441
892,8.216298644,-8.838936424,1.480712604,-8.216298644,-8.838936424,1.480712604
893,9.070321602,-1.581616764,0.1393148404,-9.070321602,-1.581616764,0.1393148404
894,8.130863606,8.156938832,3.573166565,-8.130863606,8.156938832,3.573166565
895,9.422488272,8.048627606,0.5820448035,-9.422488272,8.048627606,0.5820448035
896,8.432942301,-3.190406344,2.688896066,-8.432942301,-3.190406344,2.688896066
897,9.627033325,-9.710328288,4.821025001,-9.627033325,-9.710328288,4.821025001
898,9.731251986,1.583925078,2.087991837,-9.731251986,1.583925078,2.087991837
899,9.802127511,-2.107086817,1.226261686,-9.802127511,-2.107086817,1.226261686
900,9.503702516,3.976335146,1.485552842,-9.503702516,3.976335146,1.485552842
901,9.736589835,-4.159084123,3.764434087,-9.736589835,-4.159084123,3.764434087
902,9.963352346,-6.284378498,0.4052341702,-9.963352346,-6.284378498,0.4052341702
903,8.330583836,-9.276451193,4.234154238,-8.330583836,-9.276451193,4.234154238
904,9.651245892,-4.836544743,3.221868511,-9.651245892,-4.836544743,3.221868511
905,8.862466662,9.256279834,3.84931292,-8.862466662,9.256279834,3.84931292
906,8.912775538,-3.178221753,3.574130825,-8.912775538,-3.178221753,3.574130825
907,8.536426153,0.2221863328,1.456709699,-8.536426153,0.2221863328,1.456709699
908,9.862766588,-5.941523395,3.362109315,-9.862766588,-5.941523395,3.362109315
909,8.164598259,9.090616567,3.500567984,-8.164598259,9.090616567,3.500567984
910,9.927340595,9.557929371,3.912832972,-9.927340595,9.557929371,3.912832972
911,8.650596055,1.089101577,2.054595196,-8.650596055,1.089101577,2.054595196
912,9.335348508,-1.789142669,1.36977919,-9.335348508,-1.789142669,1.36977919
913,8.764509592,3.70518773,2.735274549,-8.764509592,3.70518773,2.735274549
914,9.567610376,2.061331013,2.288803236,-9.567610376,2.061331013,2.288803236
915,8.159405076,0.1107786982,3.194531555,-8.159405076,0.1107786982,3.194531555
916,8.588428334,2.410187465,2.47952459,-8.588428334,2.410187465,2.47952459
917,8.834363051,-5.585143989,3.725346618,-8.834363051,-5.585143989,3.725346618
918,9.292185767,4.479009586,3.572877524,-9.292185767,4.479009586,3.572877524
919,9.488606558,-3.750864445,3.563015606,-9.488606558,-3.750864445,3.563015606
920,8.89088145,-1.459262336,2.705279931,-8.89088145,-1.459262336,2.705279931
921,9.155978072,5.540500178,0.9433804873,-9.155978072,5.540500178,0.9433804873
922,9.620006924,5.122856032,1.248834732,-9.620006924,5.122856032,1.248834732
923,8.910888995,-2.727782707,1.306431475,-8.910888995,-2.727782707,1.306431475
924,8.105330893,7.167635434,0.1744069021,-8.105330893,7.167635434,0.1744069021
925,8.579083644,9.58564622,0.08127640036,-8.579083644,9.58564622,0.08127640036
926,9.748237916,0.9823437055,1.47769845,-9.748237916,0.9823437055,1.47769845
927,8.583589529,0.7744338796,3.831785389,-8.583589529,0.7744338796,3.831785389
928,8.569857466,-4.634585329,0.02308739069,-8.569857466,-4.634585329,0.02308739069
929,9.153767158,0.9171239312,2.709564686,-9.153767158,0.9171239312,2.709564686
930,8.903139681,-8.395086634,1.139627127,-8.903139681,-8.395086634,1.139627127
931,9.000380467,1.484441595,2.883743289,-9.000380467,1.484441595,2.883743289
932,8.217367303,0.4338088063,0.6399874964,-8.217367303,0.4338088063,0.6399874964
933,9.620285646,-3.591234585,4.079932748,-9.620285646,-3.591234585,4.079932748
934,8.062664434,-2.458240021,2.506136332,-8.062664434,-2.458240021,2.506136332
935,8.080134072,1.096509405,4.451347973,-8.080134072,1.096509405,4.451347973
936,9.77545169,3.011456776,1.003218799,-9.77545169,3.011456776,1.003218799
937,9.41010991,-7.003036487,4.564270073,-9.41010991,-7.003036487,4.564270073
938,8.113332351,-9.907309905,4.231522195,-8.113332351,-9.907309905,4.231522195
939,9.61812459,-7.568451828,4.351734052,-9.61812459,-7.568451828,4.351734052
940,8.5946513,-4.852357509,2.219879996,-8.5946513,-4.852357509,2.219879996
941,9.345273364,2.768297515,0.9706165685,-9.345273364,2.768297515,0.9706165685
942,8.990279529,-2.688931592,4.294745883,-8.990279529,-2.688931592,4.294745883
943,9.889179098,8.792457947,1.78835857,-9.889179098,8.792457947,1.78835857
944,9.420615751,4.890991268,1.147970046,-9.420615751,4.890991268,1.147970046
945,9.818801956,-8.109963737,2.379724684,-9.818801956,-8.109963737,2.379724684
946,9.898194899,-1.954180718,0.3716658392,-9.898194899,-1.954180718,0.3716658392
947,8.819342366,5.303155637,4.787708273,-8.819342366,5.303155637,4.787708273
948,8.255727503,2.143777577,0.1572229431,-8.255727503,2.143777577,0.1572229431
949,8.397204301,2.350707791,1.205508277,-8.397204301,2.350707791,1.205508277
950,9.322191182,-4.698978433,1.872390333,-9.322191182,-4.698978433,1.872390333
951,9.332073494,-5.330035109,3.181138134,-9.332073494,-5.330035109,3.181138134
952,9.348336941,-4.039240307,4.668418436,-9.348336941,-4.039240307,4.668418436
953,8.50670385,5.613117926,3.898481109,-8.50670385,5.613117926,3.898481109
954,9.211483619,7.778155368,0.5396544528,-9.211483619,7.778155368,0.5396544528
955,9.226945753,2.545794715,1.717445845,-9.226945753,2.545794715,1.717445845
956,9.302833404,-5.422609507,4.099987208,-9.302833404,-5.422609507,4.099987208
957,9.148098255,1.329092351,2.083349143,-9.148098255,1.329092351,2.083349143
958,8.455077955,-6.519733138,3.071509285,-8.455077955,-6.519733138,3.071509285
959,8.26327388,9.362172857,2.966976527,-8.26327388,9.362172857,2.966976527
960,8.321356069,-6.711424793,2.246229309,-8.321356069,-6.711424793,2.246229309
961,8.43083495,-6.659998968,3.950247825,-8.43083495,-6.659998968,3.950247825
962,8.567497682,-7.665989588,4.705243282,-8.567497682,-7.665989588,4.705243282
963,8.998046366,1.124827505,1.90950254,-8.998046366,1.124827505,1.90950254
964,8.668025419,2.178702278,4.913228717,-8.668025419,2.178702278,4.913228717
965,9.125093552,-7.429165215,2.403681791,-9.125093552,-7.429165215,2.403681791
966,9.363908236,-8.867868701,2.079338892,-9.363908236,-8.867868701,2.079338892
967,9.366992781,9.058826369,1.485814458,-9.366992781,9.058826369,1.485814458
968,8.58915518,-1.840227691,0.8465508278,-8.58915518,-1.840227691,0.8465508278
969,8.40137039,-6.668258466,0.814046452,-8.40137039,-6.668258466,0.814046452
970,8.327824242,9.459296698,1.976399929,-8.327824242,9.459296698,1.976399929
971,9.999570891,-2.31630869,0.9369067097,-9.999570891,-2.31630869,0.9369067097
972,8.127981981,-2.922536852,1.599068897,-8.127981981,-2.922536852,1.599068897
973,8.460262767,-8.37912224,4.213681475,-8.460262767,-8.37912224,4.213681475
974,8.360914192,9.737969025,4.742368409,-8.360914192,9.737969025,4.742368409
975,9.823109171,-1.97788491,1.454836637,-9.823109171,-1.97788491,1.454836637
976,9.540028751,9.388149351,2.007774674,-9.540028751,9.388149351,2.007774674
977,9.850853548,-0.612626494,3.432724736,-9.850853548,-0.612626494,3.432724736
978,8.653244466,8.479168796,2.275982998,-8.653244466,8.479168796,2.275982998
979,9.638295418,-2.359330793,1.525780575,-9.638295418,-2.359330793,1.525780575
980,9.345295557,0.4946131041,0.3751823466,-9.345295557,0.4946131041,0.3751823466
981,8.934300486,-4.466099278,1.979608506,-8.934300486,-4.466099278,1.979608506
982,8.523633343,0.9091810257,0.4873116139,-8.523633343,0.9091810257,0.4873116139
983,9.037654497,-7.47514515,2.358505661,-9.037654497,-7.47514515,2.358505661
984,9.446049983,1.863927336,1.283947373,-9.446049983,1.863927336,1.283947373
985,9.169937184,8.100898838,0.4368563522,-9.169937184,8.100898838,0.4368563522
986,8.253613586,1.864862093,0.03532726509,-8.253613586,1.864862093,0.03532726509
987,9.290610953,-3.010528272,1.960421275,-9.290610953,-3.010528272,1.960421275
988,9.194066755,5.038901004,4.212575675,-9.194066755,5.038901004,4.212575675
989,8.684395817,-7.381690684,0.7649132634,-8.684395817,-7.381690684,0.7649132634
990,8.174829873,-1.365931075,1.971875788,-8.174829873,-1.365931075,1.971875788
991,9.63318633,-6.653347015,4.748570912,-9.63318633,-6.653347015,4.748570912
992,8.808745488,4.003016365,2.76561017,-8.808745488,4.003016365,2.76561017
993,9.929965415,-7.238989841,3.185059156,-9.929965415,-7.238989841,3.185059156
994,9.568526711,2.326542175,1.643017424,-9.568526711,2.326542175,1.643017424
995,8.77733318,2.137645809,2.064368448,-8.77733318,2.137645809,2.064368448
996,9.127612347,-9.640351498,2.383435259,-9.127612347,-9.640351498,2.383435259
997,9.146601742,-0.3565336036,1.24702629,-9.146601742,-0.3565336036,1.24702629
998,8.297108323,2.632701986,4.828610138,-8.297108323,2.632701986,4.828610138
999,9.394361973,-4.850271238,2.598579709,-9.394361973,-4.850271238,2.598579709