"""Atmos Mix Number""",EGTRightPosX:,EGTRightPosY:,EGTRightPosZ:,EGTLeftPosX:,EGTLeftPosY:,EGTLeftPosZ:
1,9.629005464,6.300684713,0.6371797199,9.629005464,-6.300684713,0.6371797199
2,9.544119695,5.816593575,4.572718402,9.544119695,-5.816593575,4.572718402
3,8.951811679,6.56185312,0.571534291,8.951811679,-6.56185312,0.571534291
4,8.936836525,4.16017051,3.153782817,8.936836525,-4.16017051,3.153782817
5,9.571310952,7.953667888,2.643950385,9.571310952,-7.953667888,2.643950385
6,8.199314473,4.620471214,3.086337847,8.199314473,-4.620471214,3.086337847
7,9.959336529,6.982953993,4.251940081,9.959336529,-6.982953993,4.251940081
8,9.836787038,4.956451935,1.746714259,9.836787038,-4.956451935,1.746714259
9,9.279000392,5.569793771,1.595330408,9.279000392,-5.569793771,1.595330408
10,8.512393225,7.640202324,4.597907354,8.512393225,-7.640202324,4.597907354
11,9.401424191,7.028758042,3.993281252,9.401424191,-7.028758042,3.993281252
12,9.600343266,6.079887703,0.1081354024,9.600343266,-6.079887703,0.1081354024
13,9.401991733,5.639614723,4.019353283,9.401991733,-5.639614723,4.019353283
14,8.100543478,4.676127031,3.371910007,8.100543478,-4.676127031,3.371910007
15,9.280871826,7.199534189,2.175233946,9.280871826,-7.199534189,2.175233946
16,9.672219281,4.440624723,1.343761519,9.672219281,-4.440624723,1.343761519
17,9.752514294,7.856599921,4.134578784,9.752514294,-7.856599921,4.134578784
18,9.918016993,6.169256151,1.025644172,9.918016993,-6.169256151,1.025644172
19,9.497626413,4.437351852,1.887627736,9.497626413,-4.437351852,1.887627736
20,8.616019531,5.088518933,4.312118411,8.616019531,-5.088518933,4.312118411
21,9.544185655,4.168667877,2.702645351,9.544185655,-4.168667877,2.702645351
22,9.271101072,5.285084556,3.267079006,9.271101072,-5.285084556,3.267079006
23,9.622976833,5.238550693,0.5052994999,9.622976833,-5.238550693,0.5052994999
24,8.211330193,7.696402946,0.2971223904,8.211330193,-7.696402946,0.2971223904
25,9.015848421,4.435878065,1.640923354,9.015848421,-4.435878065,1.640923354
26,9.218231907,5.411699314,2.305266232,9.218231907,-5.411699314,2.305266232
27,9.075504141,7.862909889,0.6219419041,9.075504141,-7.862909889,0.6219419041
28,8.236397816,7.745551064,1.400959724,8.236397816,-7.745551064,1.400959724
29,8.144573713,7.445868357,3.233925454,8.144573713,-7.445868357,3.233925454
30,8.599206004,6.051309604,4.945055477,8.599206004,-6.051309604,4.945055477
31,9.84557975,7.010243508,4.654743348,9.84557975,-7.010243508,4.654743348
32,9.130547405,5.402234941,1.599190927,9.130547405,-5.402234941,1.599190927
33,8.865128669,4.683157425,4.173727068,8.865128669,-4.683157425,4.173727068
34,8.790964357,5.760104826,4.996028227,8.790964357,-5.760104826,4.996028227
35,9.534341484,4.292180772,1.838847037,9.534341484,-4.292180772,1.838847037
36,8.740258833,6.562540665,1.658793716,8.740258833,-6.562540665,1.658793716
37,8.238595927,4.517960028,4.332505034,8.238595927,-4.517960028,4.332505034
38,9.953436768,7.09212945,1.774974821,9.953436768,-7.09212945,1.774974821
39,9.404718127,7.408921824,4.519126475,9.404718127,-7.408921824,4.519126475
40,8.175085512,6.65590333,1.409898762,8.175085512,-6.65590333,1.409898762
41,9.350723479,4.374697514,3.124402041,9.350723479,-4.374697514,3.124402041
42,9.007452163,7.428644666,4.161910108,9.007452163,-7.428644666,4.161910108
43,8.386214483,6.147789491,4.616508763,8.386214483,-6.147789491,4.616508763
44,8.434365136,4.536092708,2.183258484,8.434365136,-4.536092708,2.183258484
45,8.370974869,5.959913873,2.549276348,8.370974869,-5.959913873,2.549276348
46,9.877733204,7.125227425,1.881529184,9.877733204,-7.125227425,1.881529184
47,9.531808491,4.152430275,0.8970474801,9.531808491,-4.152430275,0.8970474801
48,9.912937807,5.151668151,3.578032908,9.912937807,-5.151668151,3.578032908
49,8.16613847,7.773841709,0.5274990856,8.16613847,-7.773841709,0.5274990856
50,9.637512543,6.58463954,2.42517601,9.637512543,-6.58463954,2.42517601
51,8.294452932,5.86854795,3.204177797,8.294452932,-5.86854795,3.204177797
52,9.153852221,7.676199553,2.108260078,9.153852221,-7.676199553,2.108260078
53,9.137747754,7.899391737,0.9328119003,9.137747754,-7.899391737,0.9328119003
54,8.107320827,4.664279548,3.302805836,8.107320827,-4.664279548,3.302805836
55,8.172315771,4.154085227,1.12806001,8.172315771,-4.154085227,1.12806001
56,9.288307058,4.391833547,4.691422864,9.288307058,-4.391833547,4.691422864
57,8.540451852,4.45687221,2.809358226,8.540451852,-4.45687221,2.809358226
58,9.189013771,4.252813555,0.120092037,9.189013771,-4.252813555,0.120092037
59,8.766032344,5.748799167,1.680646334,8.766032344,-5.748799167,1.680646334
60,8.487839223,6.858066608,2.388809069,8.487839223,-6.858066608,2.388809069
61,8.438870138,7.132274383,0.619355458,8.438870138,-7.132274383,0.619355458
62,9.757120831,4.901358878,1.312736298,9.757120831,-4.901358878,1.312736298
63,8.09788424,5.130208072,3.421081252,8.09788424,-5.130208072,3.421081252
64,8.451037026,5.760863803,4.284903393,8.451037026,-5.760863803,4.284903393
65,9.6733517,6.831492549,0.009476356926,9.6733517,-6.831492549,0.009476356926
66,8.28311356,5.070379674,0.2382097426,8.28311356,-5.070379674,0.2382097426
67,9.161959955,4.239919358,3.133272449,9.161959955,-4.239919358,3.133272449
68,8.456821859,7.325549808,2.901836823,8.456821859,-7.325549808,2.901836823
69,8.730453173,7.782378893,4.506856099,8.730453173,-7.782378893,4.506856099
70,8.534207467,7.854232174,4.724564528,8.534207467,-7.854232174,4.724564528
71,8.105993222,4.146377452,0.5959465434,8.105993222,-4.146377452,0.5959465434
72,9.838607312,4.290172748,1.084960081,9.838607312,-4.290172748,1.084960081
73,8.251838949,7.301061636,2.759749097,8.251838949,-7.301061636,2.759749097
74,9.666826684,7.97107912,3.106619496,9.666826684,-7.97107912,3.106619496
75,8.189715502,4.91710344,2.205229572,8.189715502,-4.91710344,2.205229572
76,8.868410241,5.174328642,0.8668957494,8.868410241,-5.174328642,0.8668957494
77,8.065697203,4.958491033,3.423205272,8.065697203,-4.958491033,3.423205272
78,8.825876417,6.356674824,4.241738678,8.825876417,-6.356674824,4.241738678
79,9.721199291,5.805529042,0.2107685775,9.721199291,-5.805529042,0.2107685775
80,8.98725454,5.941712121,2.419962146,8.98725454,-5.941712121,2.419962146
81,8.087657366,7.027704669,0.5567414472,8.087657366,-7.027704669,0.5567414472
82,9.964484102,7.876302251,1.990582909,9.964484102,-7.876302251,1.990582909
83,9.541810663,7.314558729,1.108638481,9.541810663,-7.314558729,1.108638481
84,8.077973513,7.142940853,0.8406525558,8.077973513,-7.142940853,0.8406525558
85,9.213584135,7.861836502,1.448831562,9.213584135,-7.861836502,1.448831562
86,9.014885302,7.469927477,2.172633818,9.014885302,-7.469927477,2.172633818
87,8.312028397,7.781024699,4.297754564,8.312028397,-7.781024699,4.297754564
88,9.048781747,5.238483939,0.1748913433,9.048781747,-5.238483939,0.1748913433
89,9.414513921,5.247426618,1.112145174,9.414513921,-5.247426618,1.112145174
90,8.769646131,4.471413274,2.06194715,8.769646131,-4.471413274,2.06194715
91,9.84452932,7.832231621,0.4512352711,9.84452932,-7.832231621,0.4512352711
92,8.380754773,7.039803537,2.789078076,8.380754773,-7.039803537,2.789078076
93,9.644391228,5.797116738,3.303809445,9.644391228,-5.797116738,3.303809445
94,8.873430077,7.893421079,4.075511647,8.873430077,-7.893421079,4.075511647
95,8.03757941,6.397817817,3.18014062,8.03757941,-6.397817817,3.18014062
96,9.489618717,7.070101675,2.919470077,9.489618717,-7.070101675,2.919470077
97,9.88415139,7.090351817,1.816578316,9.88415139,-7.090351817,1.816578316
98,9.179032203,7.145405729,1.424751163,9.179032203,-7.145405729,1.424751163
99,9.580910311,7.917192741,2.47423427,9.580910311,-7.917192741,2.47423427
100,9.76201789,5.13434559,0.9912417775,9.76201789,-5.13434559,0.9912417775
101,9.671088427,5.540234459,2.959638118,9.671088427,-5.540234459,2.959638118
102,8.387419113,6.952893657,4.150122631,8.387419113,-6.952893657,4.150122631
103,8.537902555,5.964839562,4.092896711,8.537902555,-5.964839562,4.092896711
104,9.948696036,5.501524785,0.08859870225,9.948696036,-5.501524785,0.08859870225
105,9.800336239,4.859216177,0.6018832634,9.800336239,-4.859216177,0.6018832634
106,8.370029939,6.172012779,4.139426215,8.370029939,-6.172012779,4.139426215
107,8.152036611,7.722805232,0.5490407252,8.152036611,-7.722805232,0.5490407252
108,8.231788885,5.840376147,2.778616027,8.231788885,-5.840376147,2.778616027
109,8.53568229,5.51583358,3.88584805,8.53568229,-5.51583358,3.88584805
110,9.862607487,5.744025573,2.442358115,9.862607487,-5.744025573,2.442358115
111,9.782214258,4.561730248,1.579860707,9.782214258,-4.561730248,1.579860707
112,8.730695012,5.413092771,0.3440038341,8.730695012,-5.413092771,0.3440038341
113,8.629824016,4.719236227,4.737079309,8.629824016,-4.719236227,4.737079309
114,9.323345666,5.210397819,1.437000305,9.323345666,-5.210397819,1.437000305
115,8.740692153,4.448801058,0.03046960316,8.740692153,-4.448801058,0.03046960316
116,9.470755005,6.01981494,2.363797754,9.470755005,-6.01981494,2.363797754
117,8.729568343,5.237778183,2.591589299,8.729568343,-5.237778183,2.591589299
118,9.664154438,6.009716346,3.178357262,9.664154438,-6.009716346,3.178357262
119,9.989011857,5.983041988,2.889957075,9.989011857,-5.983041988,2.889957075
120,9.911235921,5.799982537,2.496008205,9.911235921,-5.799982537,2.496008205
121,8.329364798,7.752479625,2.343126822,8.329364798,-7.752479625,2.343126822
122,9.292358927,7.203550009,3.564710162,9.292358927,-7.203550009,3.564710162
123,9.141449508,7.565390736,1.814127669,9.141449508,-7.565390736,1.814127669
124,9.013883139,7.234908299,1.262551424,9.013883139,-7.234908299,1.262551424
125,9.336955178,5.465696451,3.372359356,9.336955178,-5.465696451,3.372359356
126,8.441165666,7.329130374,4.794477045,8.441165666,-7.329130374,4.794477045
127,8.032149911,4.543036959,2.845155148,8.032149911,-4.543036959,2.845155148
128,9.530567367,4.559214874,3.614325556,9.530567367,-4.559214874,3.614325556
129,9.527810878,7.329863404,2.661657787,9.527810878,-7.329863404,2.661657787
130,9.120743697,6.752509682,0.9544292787,9.120743697,-6.752509682,0.9544292787
131,9.221250711,4.124531213,1.195613503,9.221250711,-4.124531213,1.195613503
132,8.698320538,6.277056996,3.063082565,8.698320538,-6.277056996,3.063082565
133,9.690421827,7.530713858,3.4220272,9.690421827,-7.530713858,3.4220272
134,9.187784243,6.196633602,3.479528802,9.187784243,-6.196633602,3.479528802
135,8.246941201,6.444205796,3.902825679,8.246941201,-6.444205796,3.902825679
136,9.852319238,5.592334602,0.2067878016,9.852319238,-5.592334602,0.2067878016
137,9.102389941,5.753903438,2.362831312,9.102389941,-5.753903438,2.362831312
138,8.009918956,7.044549272,4.655316128,8.009918956,-7.044549272,4.655316128
139,8.174543848,4.361476934,0.8791932627,8.174543848,-4.361476934,0.8791932627
140,9.6021406,7.300380267,1.546445357,9.6021406,-7.300380267,1.546445357
141,9.12767188,5.283501026,3.720307193,9.12767188,-5.283501026,3.720307193
142,8.992390997,5.568749295,3.295690383,8.992390997,-5.568749295,3.295690383
143,8.050344201,4.412632602,3.385150047,8.050344201,-4.412632602,3.385150047
144,9.163881331,6.051889679,4.594910285,9.163881331,-6.051889679,4.594910285
145,8.188205536,6.125341227,1.427467401,8.188205536,-6.125341227,1.427467401
146,8.837890315,4.413433968,2.222090521,8.837890315,-4.413433968,2.222090521
147,9.23703761,6.789738947,3.233607705,9.23703761,-6.789738947,3.233607705
148,8.20049513,7.88814101,2.411992436,8.20049513,-7.88814101,2.411992436
149,9.138546065,4.117760092,2.355843181,9.138546065,-4.117760092,2.355843181
150,8.826478536,4.457255339,2.194497725,8.826478536,-4.457255339,2.194497725
151,9.289300621,7.303329834,1.098238467,9.289300621,-7.303329834,1.098238467
152,9.094970752,6.559833894,4.865202261,9.094970752,-6.559833894,4.865202261
153,8.160027489,4.386772781,3.388617552,8.160027489,-4.386772781,3.388617552
154,9.631046301,4.609887588,1.50034333,9.631046301,-4.609887588,1.50034333
155,8.022136603,6.992577487,3.142666516,8.022136603,-6.992577487,3.142666516
156,8.965737241,4.380157457,0.1117720305,8.965737241,-4.380157457,0.1117720305
157,8.69135635,6.522277156,3.195054544,8.69135635,-6.522277156,3.195054544
158,8.224759981,6.146549706,4.494324256,8.224759981,-6.146549706,4.494324256
159,8.731284202,7.378669393,1.813615213,8.731284202,-7.378669393,1.813615213
160,9.930950092,4.225978801,3.025128015,9.930950092,-4.225978801,3.025128015
161,8.625435183,7.496404126,0.9677276733,8.625435183,-7.496404126,0.9677276733
162,9.290470863,7.860388455,1.000286085,9.290470863,-7.860388455,1.000286085
163,9.14411986,7.314152678,4.048286856,9.14411986,-7.314152678,4.048286856
164,9.13807573,6.789326244,2.547779431,9.13807573,-6.789326244,2.547779431
165,8.027603612,4.614662508,4.056904732,8.027603612,-4.614662508,4.056904732
166,8.208076061,4.61340832,1.635753194,8.208076061,-4.61340832,1.635753194
167,9.611124352,4.963034272,3.334723941,9.611124352,-4.963034272,3.334723941
168,8.897459268,5.294619045,2.242624523,8.897459268,-5.294619045,2.242624523
169,9.968375517,4.68505906,4.390549091,9.968375517,-4.68505906,4.390549091
170,8.174335084,4.792420545,1.800347044,8.174335084,-4.792420545,1.800347044
171,8.292125079,5.653458523,1.033631599,8.292125079,-5.653458523,1.033631599
172,9.893324627,6.635381724,2.635968611,9.893324627,-6.635381724,2.635968611
173,8.714141844,5.109906687,4.803744296,8.714141844,-5.109906687,4.803744296
174,8.300662269,5.727260161,4.281247967,8.300662269,-5.727260161,4.281247967
175,8.648166515,7.176815759,2.121113472,8.648166515,-7.176815759,2.121113472
176,8.892923017,7.247456886,0.2980834748,8.892923017,-7.247456886,0.2980834748
177,9.482198612,7.749563252,0.9179553296,9.482198612,-7.749563252,0.9179553296
178,8.637930633,6.304304432,2.172019624,8.637930633,-6.304304432,2.172019624
179,9.419000758,6.564164436,1.044004579,9.419000758,-6.564164436,1.044004579
180,8.63430982,6.024016539,1.990929994,8.63430982,-6.024016539,1.990929994
181,8.241850941,5.176874995,2.008388996,8.241850941,-5.176874995,2.008388996
182,9.993338844,4.809105705,0.0755302653,9.993338844,-4.809105705,0.0755302653
183,9.447832062,6.452881831,4.692955979,9.447832062,-6.452881831,4.692955979
184,9.645497377,5.190950001,2.627702277,9.645497377,-5.190950001,2.627702277
185,8.631233582,5.335631344,0.3768181037,8.631233582,-5.335631344,0.3768181037
186,9.13290717,7.457733566,2.367369214,9.13290717,-7.457733566,2.367369214
187,9.209089225,6.863491125,1.593157411,9.209089225,-6.863491125,1.593157411
188,9.632495325,5.299488494,3.23514187,9.632495325,-5.299488494,3.23514187
189,9.959880837,6.635866957,3.107585091,9.959880837,-6.635866957,3.107585091
190,9.504186366,7.127202188,2.633068073,9.504186366,-7.127202188,2.633068073
191,9.701639938,5.538640454,4.288556992,9.701639938,-5.538640454,4.288556992
192,9.771016551,6.356209035,4.587111067,9.771016551,-6.356209035,4.587111067
193,9.479966687,5.163380051,2.726102759,9.479966687,-5.163380051,2.726102759
194,9.967276334,6.471140376,3.260605493,9.967276334,-6.471140376,3.260605493
195,9.489002908,4.953243853,0.5526661814,9.489002908,-4.953243853,0.5526661814
196,8.746391989,7.598839155,3.686699475,8.746391989,-7.598839155,3.686699475
197,9.634529613,4.950365263,4.202021855,9.634529613,-4.950365263,4.202021855
198,9.188268971,6.907641975,3.56908264,9.188268971,-6.907641975,3.56908264
199,8.099752906,4.686824336,3.497512563,8.099752906,-4.686824336,3.497512563
200,8.708503736,5.539568063,3.81418195,8.708503736,-5.539568063,3.81418195
201,8.828884615,7.14859359,4.943335605,8.828884615,-7.14859359,4.943335605
202,9.32774487,4.892017713,3.785125364,9.32774487,-4.892017713,3.785125364
203,8.745455941,4.056129092,0.8720325524,8.745455941,-4.056129092,0.8720325524
204,8.443310707,7.635848038,4.429430611,8.443310707,-7.635848038,4.429430611
205,8.421817445,6.466098833,1.913044113,8.421817445,-6.466098833,1.913044113
206,9.447967901,5.437947932,0.6404795966,9.447967901,-5.437947932,0.6404795966
207,9.37011063,7.738121014,4.842168796,9.37011063,-7.738121014,4.842168796
208,8.009807619,7.311954183,4.819926575,8.009807619,-7.311954183,4.819926575
209,9.096045314,7.372866131,0.7666019254,9.096045314,-7.372866131,0.7666019254
210,8.665939525,4.026320078,3.357433482,8.665939525,-4.026320078,3.357433482
211,8.414214314,4.570479222,0.3271668655,8.414214314,-4.570479222,0.3271668655
212,9.85102297,5.042848914,0.01930224134,9.85102297,-5.042848914,0.01930224134
213,8.542819893,4.3505455,0.9562240591,8.542819893,-4.3505455,0.9562240591
214,9.495488093,5.841812366,1.313110847,9.495488093,-5.841812366,1.313110847
215,8.358211983,4.798773719,2.530041501,8.358211983,-4.798773719,2.530041501
216,9.959927635,5.825181423,4.186388283,9.959927635,-5.825181423,4.186388283
217,9.483438869,5.855746265,3.077229368,9.483438869,-5.855746265,3.077229368
218,9.050085778,5.703070494,1.729347182,9.050085778,-5.703070494,1.729347182
219,8.104226352,5.746511039,2.644907969,8.104226352,-5.746511039,2.644907969
220,9.06589125,7.598531897,0.3310244365,9.06589125,-7.598531897,0.3310244365
221,8.450822161,4.685999585,0.3419462525,8.450822161,-4.685999585,0.3419462525
222,9.819100021,7.103102156,2.321772757,9.819100021,-7.103102156,2.321772757
223,8.561609725,6.216277862,4.849851588,8.561609725,-6.216277862,4.849851588
224,8.00458974,6.043292503,1.000435143,8.00458974,-6.043292503,1.000435143
225,9.467200926,4.082007722,4.958314513,9.467200926,-4.082007722,4.958314513
226,8.583703278,6.452296602,4.959889921,8.583703278,-6.452296602,4.959889921
227,8.420996651,5.887241662,2.6012374,8.420996651,-5.887241662,2.6012374
228,9.444031322,6.669857146,2.298759118,9.444031322,-6.669857146,2.298759118
229,8.779356967,7.169327996,2.363163206,8.779356967,-7.169327996,2.363163206
230,9.704679232,4.917257846,2.039348064,9.704679232,-4.917257846,2.039348064
231,9.033179113,7.556298406,2.933831913,9.033179113,-7.556298406,2.933831913
232,9.961636275,7.227075504,3.402360356,9.961636275,-7.227075504,3.402360356
233,9.150740976,7.23717341,1.714247049,9.150740976,-7.23717341,1.714247049
234,9.492880409,7.174422334,2.448282371,9.492880409,-7.174422334,2.448282371
235,8.553265298,7.277188245,3.940844171,8.553265298,-7.277188245,3.940844171
236,8.10206952,4.196204894,0.554838604,8.10206952,-4.196204894,0.554838604
237,8.860189276,5.871541621,4.780478484,8.860189276,-5.871541621,4.780478484
238,9.664106662,7.948209491,3.721496543,9.664106662,-7.948209491,3.721496543
239,8.067223678,6.283932798,2.858962648,8.067223678,-6.283932798,2.858962648
240,9.492791271,6.499878521,3.378195351,9.492791271,-6.499878521,3.378195351
241,9.519848508,7.104414876,2.386389238,9.519848508,-7.104414876,2.386389238
242,9.983690596,5.379240154,1.219435026,9.983690596,-5.379240154,1.219435026
243,8.287055797,5.041975762,0.2156946925,8.287055797,-5.041975762,0.2156946925
244,9.354057301,7.543886298,2.220400478,9.354057301,-7.543886298,2.220400478
245,8.100309249,4.510305814,2.864711569,8.100309249,-4.510305814,2.864711569
246,9.122091247,7.068934956,3.943301594,9.122091247,-7.068934956,3.943301594
247,8.582480424,7.852444638,4.309791513,8.582480424,-7.852444638,4.309791513
248,9.812364537,5.322848388,3.174643647,9.812364537,-5.322848388,3.174643647
249,8.138838922,6.575954767,0.5500664255,8.138838922,-6.575954767,0.5500664255
250,8.471312311,6.07258709,4.903349792,8.471312311,-6.07258709,4.903349792
251,8.611153206,4.141977385,4.890266509,8.611153206,-4.141977385,4.890266509
252,8.311105264,5.559141515,2.351845591,8.311105264,-5.559141515,2.351845591
253,9.006996763,5.688515216,4.207102258,9.006996763,-5.688515216,4.207102258
254,8.212978279,4.163786645,1.794278409,8.212978279,-4.163786645,1.794278409
255,8.616086762,7.902592979,0.2754941152,8.616086762,-7.902592979,0.2754941152
256,8.109456585,6.707718847,2.965539421,8.109456585,-6.707718847,2.965539421
257,8.326802095,7.732095925,0.428024424,8.326802095,-7.732095925,0.428024424
258,8.282416026,4.36885214,1.099836674,8.282416026,-4.36885214,1.099836674
259,9.578075533,5.703114223,3.311099828,9.578075533,-5.703114223,3.311099828
260,8.370299689,4.147748277,2.797025255,8.370299689,-4.147748277,2.797025255
261,9.150019778,6.552058474,0.4573110555,9.150019778,-6.552058474,0.4573110555
262,9.0391056,4.070709901,0.6481504136,9.0391056,-4.070709901,0.6481504136
263,8.84257215,6.275682693,3.503831378,8.84257215,-6.275682693,3.503831378
264,9.66022711,7.99527104,0.6487388355,9.66022711,-7.99527104,0.6487388355
265,8.353015973,6.441002269,0.6055110692,8.353015973,-6.441002269,0.6055110692
266,9.432380287,5.907438122,2.069951291,9.432380287,-5.907438122,2.069951291
267,8.584600934,4.88793739,0.3883250197,8.584600934,-4.88793739,0.3883250197
268,8.819463491,4.709367347,3.465062749,8.819463491,-4.709367347,3.465062749
269,9.850028666,6.31989687,1.399370297,9.850028666,-6.31989687,1.399370297
270,8.242269892,6.241479678,0.5737997515,8.242269892,-6.241479678,0.5737997515
271,9.531936264,5.543459813,1.684660603,9.531936264,-5.543459813,1.684660603
272,9.106789355,7.02759497,0.9023498789,9.106789355,-7.02759497,0.9023498789
273,9.690587685,5.432356975,3.882136924,9.690587685,-5.432356975,3.882136924
274,8.578899072,4.151303378,4.945560127,8.578899072,-4.151303378,4.945560127
275,8.735912963,7.510118385,4.086821157,8.735912963,-7.510118385,4.086821157
276,9.284324682,5.754749164,1.263717394,9.284324682,-5.754749164,1.263717394
277,9.882209756,4.139582695,3.025743928,9.882209756,-4.139582695,3.025743928
278,9.239865996,5.698079098,0.7037988242,9.239865996,-5.698079098,0.7037988242
279,9.860877117,7.757978339,4.585655539,9.860877117,-7.757978339,4.585655539
280,8.879293134,4.542272615,1.879206346,8.879293134,-4.542272615,1.879206346
281,9.867384791,6.798022249,3.045672749,9.867384791,-6.798022249,3.045672749
282,8.753543648,6.645709416,3.89843963,8.753543648,-6.645709416,3.89843963
283,9.457426551,5.595472807,1.074661726,9.457426551,-5.595472807,1.074661726
284,8.244654539,5.033926191,3.208195697,8.244654539,-5.033926191,3.208195697
285,8.984259863,6.721342372,2.519650871,8.984259863,-6.721342372,2.519650871
286,8.977261636,5.863346235,2.126928045,8.977261636,-5.863346235,2.126928045
287,8.991230344,4.124562382,2.612892346,8.991230344,-4.124562382,2.612892346
288,9.237758601,6.616611441,4.168492732,9.237758601,-6.616611441,4.168492732
289,9.953318795,5.87282629,3.602938245,9.953318795,-5.87282629,3.602938245
290,8.972840756,7.31529754,2.96031449,8.972840756,-7.31529754,2.96031449
291,8.018357107,5.092642571,2.126504846,8.018357107,-5.092642571,2.126504846
292,9.345937673,4.503518085,1.455316873,9.345937673,-4.503518085,1.455316873
293,8.457744629,6.20384797,4.305809467,8.457744629,-6.20384797,4.305809467
294,8.547969964,6.844013319,3.121087142,8.547969964,-6.844013319,3.121087142
295,8.829683699,5.300988897,2.518957906,8.829683699,-5.300988897,2.518957906
296,8.910223597,7.990050931,2.90342711,8.910223597,-7.990050931,2.90342711
297,9.223044173,5.448602307,0.7529403896,9.223044173,-5.448602307,0.7529403896
298,8.330429799,6.877621423,4.435243101,8.330429799,-6.877621423,4.435243101
299,9.131095177,7.936560688,1.129583341,9.131095177,-7.936560688,1.129583341
300,9.733137245,5.461271222,4.266938553,9.733137245,-5.461271222,4.266938553
301,8.651903455,5.704804839,2.579757832,8.651903455,-5.704804839,2.579757832
302,9.533182179,5.744262914,4.793005576,9.533182179,-5.744262914,4.793005576
303,8.882827967,5.0260165,2.231235392,8.882827967,-5.0260165,2.231235392
304,9.8037671,6.092868282,0.1439061275,9.8037671,-6.092868282,0.1439061275
305,8.033134416,6.274603839,4.137415605,8.033134416,-6.274603839,4.137415605
306,9.671862165,4.451259583,4.095754742,9.671862165,-4.451259583,4.095754742
307,8.290449508,7.66782479,2.789950781,8.290449508,-7.66782479,2.789950781
308,9.133117133,6.175961256,3.156548622,9.133117133,-6.175961256,3.156548622
309,9.618962724,7.00947719,1.97590766,9.618962724,-7.00947719,1.97590766
310,8.41222349,6.587927706,1.441158194,8.41222349,-6.587927706,1.441158194
311,8.121607272,6.780384646,3.02302522,8.121607272,-6.780384646,3.02302522
312,9.764970855,4.609307774,0.9130204109,9.764970855,-4.609307774,0.9130204109
313,8.452798452,6.797423008,0.1539342036,8.452798452,-6.797423008,0.1539342036
314,8.453603987,4.436632258,0.6041457265,8.453603987,-4.436632258,0.6041457265
315,9.016820691,6.811103448,0.3866408888,9.016820691,-6.811103448,0.3866408888
316,8.9122839,7.340781407,2.722930501,8.9122839,-7.340781407,2.722930501
317,9.730020791,7.850278472,4.284486925,9.730020791,-7.850278472,4.284486925
318,9.895494068,6.427457039,1.208293489,9.895494068,-6.427457039,1.208293489
319,9.269231668,4.183408546,3.500156569,9.269231668,-4.183408546,3.500156569
320,9.866382384,6.403259144,2.516345899,9.866382384,-6.403259144,2.516345899
321,8.687199516,6.093535204,2.866720336,8.687199516,-6.093535204,2.866720336
322,8.887805946,7.747649472,2.850340488,8.887805946,-7.747649472,2.850340488
323,8.667367687,5.215701323,1.171395109,8.667367687,-5.215701323,1.171395109
324,8.836011202,7.67834144,0.92480653,8.836011202,-7.67834144,0.92480653
325,9.540566349,5.230552233,0.3775282429,9.540566349,-5.230552233,0.3775282429
326,8.531457856,5.217776445,3.839979368,8.531457856,-5.217776445,3.839979368
327,9.426613854,6.828295021,1.125745535,9.426613854,-6.828295021,1.125745535
328,9.19554102,4.634609384,3.022916756,9.19554102,-4.634609384,3.022916756
329,9.832439048,4.947595314,0.8003473375,9.832439048,-4.947595314,0.8003473375
330,9.974402032,5.472313251,0.1477239927,9.974402032,-5.472313251,0.1477239927
331,9.97923051,5.561406436,3.261615561,9.97923051,-5.561406436,3.261615561
332,9.756408395,5.025403873,3.800367919,9.756408395,-5.025403873,3.800367919
333,8.694693533,6.245665859,2.754058606,8.694693533,-6.245665859,2.754058606
334,8.439242038,4.033164481,3.615573104,8.439242038,-4.033164481,3.615573104
335,9.449392851,4.259304028,3.255756549,9.449392851,-4.259304028,3.255756549
336,8.623130224,5.894393932,1.036787194,8.623130224,-5.894393932,1.036787194
337,8.001268084,5.02961177,3.151461669,8.001268084,-5.02961177,3.151461669
338,8.52209986,6.040400413,1.47835105,8.52209986,-6.040400413,1.47835105
339,8.008870727,7.232747068,4.124199178,8.008870727,-7.232747068,4.124199178
340,8.954997011,7.225481389,4.885594379,8.954997011,-7.225481389,4.885594379
341,8.157075378,4.854545071,0.3646469891,8.157075378,-4.854545071,0.3646469891
342,9.518408968,5.205272361,1.768022321,9.518408968,-5.205272361,1.768022321
343,8.990607022,5.793880274,0.9080238541,8.990607022,-5.793880274,0.9080238541
344,9.526818421,4.18687146,0.1380878304,9.526818421,-4.18687146,0.1380878304
345,9.35858878,7.124121937,0.2036929929,9.35858878,-7.124121937,0.2036929929
346,8.759825254,7.976350336,1.228939988,8.759825254,-7.976350336,1.228939988
347,8.631592685,4.764780286,1.997909846,8.631592685,-4.764780286,1.997909846
348,9.366856414,6.157419812,0.8352733791,9.366856414,-6.157419812,0.8352733791
349,8.561758827,4.054771887,3.625466622,8.561758827,-4.054771887,3.625466622
350,8.987463663,4.960411214,3.958902551,8.987463663,-4.960411214,3.958902551
351,8.623079257,6.892881514,4.737387756,8.623079257,-6.892881514,4.737387756
352,9.947350463,5.586646993,2.622482533,9.947350463,-5.586646993,2.622482533
353,8.105808435,6.364494503,3.980907423,8.105808435,-6.364494503,3.980907423
354,8.640183203,7.315482502,0.1090562248,8.640183203,-7.315482502,0.1090562248
355,9.265307859,4.063540305,2.851943999,9.265307859,-4.063540305,2.851943999
356,8.41280199,5.228093463,1.000622238,8.41280199,-5.228093463,1.000622238
357,9.966843456,7.914372829,3.782027121,9.966843456,-7.914372829,3.782027121
358,9.60265928,6.134231703,4.625097726,9.60265928,-6.134231703,4.625097726
359,8.955576332,5.782027089,3.93960382,8.955576332,-5.782027089,3.93960382
360,9.15345302,4.398969825,3.417932821,9.15345302,-4.398969825,3.417932821
361,9.953108575,7.425484321,1.423957872,9.953108575,-7.425484321,1.423957872
362,9.436498059,5.761669854,1.192890999,9.436498059,-5.761669854,1.192890999
363,8.982605217,6.604268582,1.728346232,8.982605217,-6.604268582,1.728346232
364,8.666158135,7.657336267,4.967420797,8.666158135,-7.657336267,4.967420797
365,8.804106451,4.913421319,2.032733533,8.804106451,-4.913421319,2.032733533
366,8.408662488,7.541921282,1.263530373,8.408662488,-7.541921282,1.263530373
367,9.156805289,7.027691607,0.05667925588,9.156805289,-7.027691607,0.05667925588
368,8.092115591,4.651329479,1.307675444,8.092115591,-4.651329479,1.307675444
369,8.118691437,7.627163606,3.626090664,8.118691437,-7.627163606,3.626090664
370,9.734995439,6.664591175,2.276044121,9.734995439,-6.664591175,2.276044121
371,9.675189054,4.810553103,3.565931845,9.675189054,-4.810553103,3.565931845
372,9.080688116,5.883233841,3.308560607,9.080688116,-5.883233841,3.308560607
373,8.31263654,5.048578962,0.07242812467,8.31263654,-5.048578962,0.07242812467
374,8.372642235,7.58204416,2.970346935,8.372642235,-7.58204416,2.970346935
375,9.801309195,5.77017056,3.90629506,9.801309195,-5.77017056,3.90629506
376,9.700810106,5.744475745,0.838319881,9.700810106,-5.744475745,0.838319881
377,9.394066744,4.903355155,0.9121621398,9.394066744,-4.903355155,0.9121621398
378,9.423687954,6.894689532,1.988714247,9.423687954,-6.894689532,1.988714247
379,8.434748332,4.817500294,4.853371265,8.434748332,-4.817500294,4.853371265
380,8.006243914,5.415902835,3.054916631,8.006243914,-5.415902835,3.054916631
381,9.245538814,6.153702333,4.966071558,9.245538814,-6.153702333,4.966071558
382,9.753343519,4.652148504,3.800965112,9.753343519,-4.652148504,3.800965112
383,9.451324726,7.317540323,0.107967459,9.451324726,-7.317540323,0.107967459
384,9.558211657,4.090987687,4.541971183,9.558211657,-4.090987687,4.541971183
385,8.314440793,4.587692941,4.796822679,8.314440793,-4.587692941,4.796822679
386,9.779527666,5.69396042,3.356704527,9.779527666,-5.69396042,3.356704527
387,9.814318411,5.822065844,3.709093829,9.814318411,-5.822065844,3.709093829
388,9.718698308,5.467880936,0.6384486076,9.718698308,-5.467880936,0.6384486076
389,8.138773964,5.889638439,2.512719612,8.138773964,-5.889638439,2.512719612
390,8.556709086,5.954266986,2.767389491,8.556709086,-5.954266986,2.767389491
391,8.8886644,5.803239996,4.928607557,8.8886644,-5.803239996,4.928607557
392,9.849982437,7.569516231,1.351285535,9.849982437,-7.569516231,1.351285535
393,9.973270751,7.970434418,4.10682526,9.973270751,-7.970434418,4.10682526
394,8.255387923,4.580694541,4.75164942,8.255387923,-4.580694541,4.75164942
395,9.134198943,6.223667599,2.235666279,9.134198943,-6.223667599,2.235666279
396,8.690721684,7.689253294,1.311437163,8.690721684,-7.689253294,1.311437163
397,8.931193185,4.856334788,4.509950804,8.931193185,-4.856334788,4.509950804
398,9.929611623,5.268433867,3.539201057,9.929611623,-5.268433867,3.539201057
399,9.410685602,6.610498049,4.420133355,9.410685602,-6.610498049,4.420133355
400,8.126181798,4.622825635,3.336363485,8.126181798,-4.622825635,3.336363485
401,8.520046274,6.579149435,3.802612061,8.520046274,-6.579149435,3.802612061
402,9.06843623,5.38630157,4.421868752,9.06843623,-5.38630157,4.421868752
403,8.496489851,7.758207811,1.246303195,8.496489851,-7.758207811,1.246303195
404,8.329965807,5.335640368,0.2957609548,8.329965807,-5.335640368,0.2957609548
405,8.224832235,7.280388929,1.578902956,8.224832235,-7.280388929,1.578902956
406,8.843258455,7.272345362,3.164627419,8.843258455,-7.272345362,3.164627419
407,8.104408919,6.266730318,1.07179183,8.104408919,-6.266730318,1.07179183
408,8.826864875,6.827759185,4.142388624,8.826864875,-6.827759185,4.142388624
409,8.880361406,7.136411916,1.284338799,8.880361406,-7.136411916,1.284338799
410,9.191461682,6.502338189,1.045256056,9.191461682,-6.502338189,1.045256056
411,9.672307647,5.828627923,3.711164156,9.672307647,-5.828627923,3.711164156
412,9.411217729,6.19717202,2.166122867,9.411217729,-6.19717202,2.166122867
413,8.974526662,6.731162902,4.460072755,8.974526662,-6.731162902,4.460072755
414,8.917832029,4.985287559,0.3781001886,8.917832029,-4.985287559,0.3781001886
415,9.51284837,4.511033507,3.449846086,9.51284837,-4.511033507,3.449846086
416,8.052432004,4.765252962,3.756916765,8.052432004,-4.765252962,3.756916765
417,9.737338855,5.147617562,1.217490118,9.737338855,-5.147617562,1.217490118
418,9.848718939,6.415866733,3.995606042,9.848718939,-6.415866733,3.995606042
419,8.525745535,7.235121772,4.521095708,8.525745535,-7.235121772,4.521095708
420,9.92908553,7.61657325,1.221128765,9.92908553,-7.61657325,1.221128765
421,9.8959109,5.31858611,2.940037304,9.8959109,-5.31858611,2.940037304
422,8.739927938,5.914456709,0.3107049822,8.739927938,-5.914456709,0.3107049822
423,9.607616448,4.237898778,4.54728539,9.607616448,-4.237898778,4.54728539
424,8.555291761,6.018524127,0.4857218927,8.555291761,-6.018524127,0.4857218927
425,8.313469483,6.072054067,1.163244435,8.313469483,-6.072054067,1.163244435
426,8.117850965,4.61126846,3.263788633,8.117850965,-4.61126846,3.263788633
427,8.13863842,5.508131975,0.4164725312,8.13863842,-5.508131975,0.4164725312
428,8.597779127,6.924485762,1.846127819,8.597779127,-6.924485762,1.846127819
429,8.380863491,7.825773746,2.819250384,8.380863491,-7.825773746,2.819250384
430,9.524353441,7.481796744,3.669930805,9.524353441,-7.481796744,3.669930805
431,8.48186554,4.020272395,0.8162124539,8.48186554,-4.020272395,0.8162124539
432,8.429399816,5.127557772,2.26610605,8.429399816,-5.127557772,2.26610605
433,9.991929048,6.030348381,1.548742688,9.991929048,-6.030348381,1.548742688
434,9.739454023,6.916637212,0.2251756542,9.739454023,-6.916637212,0.2251756542
435,8.300196728,5.047254331,0.1787956102,8.300196728,-5.047254331,0.1787956102
436,8.724548146,7.620151095,4.121718322,8.724548146,-7.620151095,4.121718322
437,9.209461389,5.229584212,2.581073589,9.209461389,-5.229584212,2.581073589
438,8.47184874,7.309480504,4.705125447,8.47184874,-7.309480504,4.705125447
439,8.67762914,4.915085594,0.1055657516,8.67762914,-4.915085594,0.1055657516
440,9.474236484,4.328017459,0.6965786435,9.474236484,-4.328017459,0.6965786435
441,8.316435264,5.001415567,4.76241915,8.316435264,-5.001415567,4.76241915
442,8.735845812,7.372878369,1.694726076,8.735845812,-7.372878369,1.694726076
443,9.525570463,6.269175938,1.432702961,9.525570463,-6.269175938,1.432702961
444,9.683339373,6.625580073,1.181826713,9.683339373,-6.625580073,1.181826713
445,9.847505061,7.062240546,2.672194875,9.847505061,-7.062240546,2.672194875
446,8.674293743,6.942157205,3.52506198,8.674293743,-6.942157205,3.52506198
447,8.561624762,6.254381159,2.976832689,8.561624762,-6.254381159,2.976832689
448,9.709785069,4.902704631,2.411811783,9.709785069,-4.902704631,2.411811783
449,9.408707186,6.462034607,4.409548193,9.408707186,-6.462034607,4.409548193
450,9.940601272,7.703636974,0.961135802,9.940601272,-7.703636974,0.961135802
451,8.267406832,4.967770806,1.656048301,8.267406832,-4.967770806,1.656048301
452,9.715236801,4.941334027,1.075265463,9.715236801,-4.941334027,1.075265463
453,9.61867795,7.067142225,1.554593814,9.61867795,-7.067142225,1.554593814
454,8.918962488,4.584093183,4.58402376,8.918962488,-4.584093183,4.58402376
455,8.66358143,6.125160444,3.120409199,8.66358143,-6.125160444,3.120409199
456,9.01907377,5.973692308,3.681777027,9.01907377,-5.973692308,3.681777027
457,9.342589937,6.422176613,2.013166009,9.342589937,-6.422176613,2.013166009
458,9.040416731,4.464182214,0.7414592627,9.040416731,-4.464182214,0.7414592627
459,8.484462979,4.089479293,2.245706601,8.484462979,-4.089479293,2.245706601
460,8.282246002,5.03204122,2.134676625,8.282246002,-5.03204122,2.134676625
461,8.540401925,7.601990502,3.939207706,8.540401925,-7.601990502,3.939207706
462,9.243388165,5.429330613,4.402814104,9.243388165,-5.429330613,4.402814104
463,9.391153851,7.241075799,3.845262976,9.391153851,-7.241075799,3.845262976
464,9.394843542,4.563257084,0.3639715985,9.394843542,-4.563257084,0.3639715985
465,9.513906502,7.809209524,4.695521226,9.513906502,-7.809209524,4.695521226
466,9.230865923,6.94737099,4.247608255,9.230865923,-6.94737099,4.247608255
467,9.231337498,5.127095289,0.7367588094,9.231337498,-5.127095289,0.7367588094
468,8.700986065,7.269775793,2.106766136,8.700986065,-7.269775793,2.106766136
469,8.112451389,5.24235403,2.861456313,8.112451389,-5.24235403,2.861456313
470,8.59240068,7.1629876,2.841095411,8.59240068,-7.1629876,2.841095411
471,9.035486395,5.909094132,3.864556177,9.035486395,-5.909094132,3.864556177
472,9.76690439,7.751734804,1.587638656,9.76690439,-7.751734804,1.587638656
473,9.545100067,5.154104711,3.625211745,9.545100067,-5.154104711,3.625211745
474,8.08761008,5.924816769,1.806133837,8.08761008,-5.924816769,1.806133837
475,8.433382105,7.335087104,2.522716224,8.433382105,-7.335087104,2.522716224
476,8.282851014,6.763422401,2.547736529,8.282851014,-6.763422401,2.547736529
477,8.847389029,5.038798191,3.508779996,8.847389029,-5.038798191,3.508779996
478,9.428899898,7.211827261,3.487466523,9.428899898,-7.211827261,3.487466523
479,9.481488452,6.79425569,1.849883497,9.481488452,-6.79425569,1.849883497
480,9.886742743,4.76042587,1.798888241,9.886742743,-4.76042587,1.798888241
481,9.763728533,5.532771331,4.265163926,9.763728533,-5.532771331,4.265163926
482,8.754624719,6.301388989,1.722699664,8.754624719,-6.301388989,1.722699664
483,9.510856734,7.96957582,4.674436912,9.510856734,-7.96957582,4.674436912
484,9.70720365,4.902152152,1.237823329,9.70720365,-4.902152152,1.237823329
485,9.831885079,7.880704322,2.960348682,9.831885079,-7.880704322,2.960348682
486,8.649926455,7.322218046,4.983681811,8.649926455,-7.322218046,4.983681811
487,9.536884751,7.185654323,0.476782823,9.536884751,-7.185654323,0.476782823
488,8.245942299,7.78767357,2.045625828,8.245942299,-7.78767357,2.045625828
489,9.79387429,4.715641445,0.7066103012,9.79387429,-4.715641445,0.7066103012
490,8.051005348,5.761166903,0.3326494703,8.051005348,-5.761166903,0.3326494703
491,8.016390381,5.756097629,0.705393932,8.016390381,-5.756097629,0.705393932
492,9.854163795,6.941135497,1.618841786,9.854163795,-6.941135497,1.618841786
493,8.107982973,4.419903477,1.249097532,8.107982973,-4.419903477,1.249097532
494,8.659593176,4.04361277,1.349420437,8.659593176,-4.04361277,1.349420437
495,8.294102189,7.466762367,1.934173377,8.294102189,-7.466762367,1.934173377
496,9.504980567,7.426241647,2.631193717,9.504980567,-7.426241647,2.631193717
497,8.299531233,6.478633066,2.624221913,8.299531233,-6.478633066,2.624221913
498,8.597914904,6.482973897,2.429078917,8.597914904,-6.482973897,2.429078917
499,9.949809719,6.788274084,1.380948492,9.949809719,-6.788274084,1.380948492
500,8.823554283,5.957615334,4.508650161,8.823554283,-5.957615334,4.508650161
501,8.163373738,6.007249222,0.4062452713,8.163373738,-6.007249222,0.4062452713
502,8.950439098,6.695669587,0.6240112479,8.950439098,-6.695669587,0.6240112479
503,9.439056285,5.493227341,3.120378809,9.439056285,-5.493227341,3.120378809
504,9.408964373,5.490115527,0.5156328402,9.408964373,-5.490115527,0.5156328402
505,9.419032383,6.02861467,4.637552291,9.419032383,-6.02861467,4.637552291
506,8.567235234,4.003616719,4.509815157,8.567235234,-4.003616719,4.509815157
507,9.914398918,5.060515057,2.919286094,9.914398918,-5.060515057,2.919286094
508,8.366566187,6.505467778,3.596435711,8.366566187,-6.505467778,3.596435711
509,8.319741732,4.095255077,4.398451928,8.319741732,-4.095255077,4.398451928
510,9.044769056,5.397140493,2.391518748,9.044769056,-5.397140493,2.391518748
511,9.920899452,5.581263333,4.998391223,9.920899452,-5.581263333,4.998391223
512,9.666865979,5.078852703,1.093469351,9.666865979,-5.078852703,1.093469351
513,9.929579327,7.496496643,4.113947659,9.929579327,-7.496496643,4.113947659
514,9.1534853,6.306954975,4.53471099,9.1534853,-6.306954975,4.53471099
515,9.778652167,6.837880953,0.1816724295,9.778652167,-6.837880953,0.1816724295
516,9.45670656,6.29637307,2.47272972,9.45670656,-6.29637307,2.47272972
517,9.30824425,6.559921853,4.117771958,9.30824425,-6.559921853,4.117771958
518,8.147540897,4.734653072,1.005597561,8.147540897,-4.734653072,1.005597561
519,8.896793751,5.809764043,1.833031333,8.896793751,-5.809764043,1.833031333
520,9.770822718,6.707606164,0.2269347281,9.770822718,-6.707606164,0.2269347281
521,9.680937307,6.45107506,4.69808153,9.680937307,-6.45107506,4.69808153
522,8.370568263,5.216925481,3.134661344,8.370568263,-5.216925481,3.134661344
523,9.007582046,5.066226787,3.699683239,9.007582046,-5.066226787,3.699683239
524,9.226590686,7.235723559,2.198057382,9.226590686,-7.235723559,2.198057382
525,8.821187177,4.394878445,2.834558582,8.821187177,-4.394878445,2.834558582
526,9.36236341,7.649508835,2.580521554,9.36236341,-7.649508835,2.580521554
527,9.36577046,4.339260714,2.282662862,9.36577046,-4.339260714,2.282662862
528,9.232062711,4.330947904,3.663522761,9.232062711,-4.330947904,3.663522761
529,8.337357429,5.386752173,4.103269071,8.337357429,-5.386752173,4.103269071
530,8.274910284,7.172646719,2.463746231,8.274910284,-7.172646719,2.463746231
531,8.32764612,7.02575606,0.6370654432,8.32764612,-7.02575606,0.6370654432
532,9.997141814,4.141392693,4.664130028,9.997141814,-4.141392693,4.664130028
533,8.328959628,7.230963197,3.773476915,8.328959628,-7.230963197,3.773476915
534,8.822166573,7.120625074,0.0647928268,8.822166573,-7.120625074,0.0647928268
535,9.40573926,6.450851269,0.5681153512,9.40573926,-6.450851269,0.5681153512
536,8.210019139,4.088614932,2.216792331,8.210019139,-4.088614932,2.216792331
537,9.966789182,7.138258502,0.9497169615,9.966789182,-7.138258502,0.9497169615
538,9.216553625,7.463728649,0.1359078662,9.216553625,-7.463728649,0.1359078662
539,8.889354107,7.431106079,1.033887248,8.889354107,-7.431106079,1.033887248
540,9.625760421,4.473490448,3.251484593,9.625760421,-4.473490448,3.251484593
541,8.951289834,7.134368841,2.722780329,8.951289834,-7.134368841,2.722780329
542,8.586107716,4.221743396,1.963738423,8.586107716,-4.221743396,1.963738423
543,8.427709015,7.008225169,2.19147408,8.427709015,-7.008225169,2.19147408
544,9.011195103,5.601304785,2.339320583,9.011195103,-5.601304785,2.339320583
545,9.516445341,4.175502654,1.684865887,9.516445341,-4.175502654,1.684865887
546,9.219765877,5.00391204,1.937567267,9.219765877,-5.00391204,1.937567267
547,9.591618169,4.181093039,1.930630599,9.591618169,-4.181093039,1.930630599
548,8.900025775,5.403230149,3.537476708,8.900025775,-5.403230149,3.537476708
549,9.671884882,7.136477559,4.837007608,9.671884882,-7.136477559,4.837007608
550,8.654275072,4.131031875,1.527498798,8.654275072,-4.131031875,1.527498798
551,8.36128334,4.045908389,4.927390243,8.36128334,-4.045908389,4.927390243
552,9.434342592,6.644645271,2.966712985,9.434342592,-6.644645271,2.966712985
553,9.713782076,6.731672433,4.870981657,9.713782076,-6.731672433,4.870981657
554,9.094728877,7.72116376,3.257587896,9.094728877,-7.72116376,3.257587896
555,9.731909137,6.961239483,3.219884695,9.731909137,-6.961239483,3.219884695
556,8.203492213,7.549031259,3.058534981,8.203492213,-7.549031259,3.058534981
557,9.685516397,7.948509849,1.043257358,9.685516397,-7.948509849,1.043257358
558,9.951752091,6.671204014,4.470816993,9.951752091,-6.671204014,4.470816993
559,8.18549266,4.186854771,2.059570784,8.18549266,-4.186854771,2.059570784
560,9.438516634,5.02946188,0.7615774396,9.438516634,-5.02946188,0.7615774396
561,9.431956326,5.717713337,1.375150621,9.431956326,-5.717713337,1.375150621
562,8.381868624,7.642351082,0.4259908178,8.381868624,-7.642351082,0.4259908178
563,8.646280437,5.90220976,0.323294963,8.646280437,-5.90220976,0.323294963
564,8.180142636,5.707984265,0.3805807141,8.180142636,-5.707984265,0.3805807141
565,9.166615669,7.314113432,0.7111940131,9.166615669,-7.314113432,0.7111940131
566,8.63360408,4.958280238,4.541032439,8.63360408,-4.958280238,4.541032439
567,8.719026137,5.59250794,1.085102284,8.719026137,-5.59250794,1.085102284
568,9.110568742,4.516470437,2.136367556,9.110568742,-4.516470437,2.136367556
569,9.058823456,7.376308434,0.2468371381,9.058823456,-7.376308434,0.2468371381
570,9.730389845,5.750621707,4.402828894,9.730389845,-5.750621707,4.402828894
571,8.503323038,4.497279637,0.04142576682,8.503323038,-4.497279637,0.04142576682
572,9.624061791,5.910800579,4.981521407,9.624061791,-5.910800579,4.981521407
573,9.248439366,7.453016126,3.496944245,9.248439366,-7.453016126,3.496944245
574,8.562350964,6.73711741,2.500687019,8.562350964,-6.73711741,2.500687019
575,9.083925227,5.148458599,2.359264827,9.083925227,-5.148458599,2.359264827
576,8.408640715,4.593517149,1.684001561,8.408640715,-4.593517149,1.684001561
577,8.908537326,5.628485941,1.318156714,8.908537326,-5.628485941,1.318156714
578,9.812576754,7.693614089,0.5086264557,9.812576754,-7.693614089,0.5086264557
579,8.916113571,5.981962975,2.174190928,8.916113571,-5.981962975,2.174190928
580,8.320891644,7.12837564,0.6997226405,8.320891644,-7.12837564,0.6997226405
581,8.501869555,7.048868852,4.521038139,8.501869555,-7.048868852,4.521038139
582,9.309486899,5.981830977,0.3411490914,9.309486899,-5.981830977,0.3411490914
583,8.756801611,5.588822654,3.403494069,8.756801611,-5.588822654,3.403494069
584,9.65822229,6.943493707,2.895164207,9.65822229,-6.943493707,2.895164207
585,9.214815542,7.065978289,1.812024618,9.214815542,-7.065978289,1.812024618
586,9.375423178,4.420622217,4.137789118,9.375423178,-4.420622217,4.137789118
587,8.536217925,7.37892255,0.7595100825,8.536217925,-7.37892255,0.7595100825
588,9.067631676,6.958086218,1.75236521,9.067631676,-6.958086218,1.75236521
589,9.702909593,7.234402014,3.290551911,9.702909593,-7.234402014,3.290551911
590,9.532611299,5.339234084,3.793661697,9.532611299,-5.339234084,3.793661697
591,9.621642234,7.262465493,0.8491457741,9.621642234,-7.262465493,0.8491457741
592,8.277334471,4.431050398,3.29119627,8.277334471,-4.431050398,3.29119627
593,8.744932056,4.542458304,0.4933326567,8.744932056,-4.542458304,0.4933326567
594,9.531154073,4.826840623,3.646391991,9.531154073,-4.826840623,3.646391991
595,9.293812942,4.41128849,0.02784570922,9.293812942,-4.41128849,0.02784570922
596,9.597346241,7.617951012,1.577594033,9.597346241,-7.617951012,1.577594033
597,9.177939388,6.027022447,3.025609616,9.177939388,-6.027022447,3.025609616
598,8.079731741,6.993419661,2.45422145,8.079731741,-6.993419661,2.45422145
599,8.938263722,6.244196299,3.23971966,8.938263722,-6.244196299,3.23971966
600,9.707401559,7.436233492,2.351478432,9.707401559,-7.436233492,2.351478432
601,9.573499934,4.316776964,4.148312687,9.573499934,-4.316776964,4.148312687
602,9.888201365,4.482815146,2.855750774,9.888201365,-4.482815146,2.855750774
603,9.447989239,7.48751025,1.420278466,9.447989239,-7.48751025,1.420278466
604,9.635341587,7.576775923,1.004364533,9.635341587,-7.576775923,1.004364533
605,9.51579115,4.667974273,3.300396997,9.51579115,-4.667974273,3.300396997
606,9.672303096,6.529610566,3.088694299,9.672303096,-6.529610566,3.088694299
607,8.640478465,5.494058283,4.164199823,8.640478465,-5.494058283,4.164199823
608,9.026374246,7.363171262,1.864217601,9.026374246,-7.363171262,1.864217601
609,8.055106563,4.701328771,2.427242646,8.055106563,-4.701328771,2.427242646
610,8.624196172,7.527222471,1.863183797,8.624196172,-7.527222471,1.863183797
611,8.111296589,5.960866408,4.267775775,8.111296589,-5.960866408,4.267775775
612,8.813375502,5.148412139,3.503893419,8.813375502,-5.148412139,3.503893419
613,8.93570966,6.318188862,0.158848044,8.93570966,-6.318188862,0.158848044
614,8.518563746,5.375400897,2.934574458,8.518563746,-5.375400897,2.934574458
615,8.878035526,6.767840062,1.444166028,8.878035526,-6.767840062,1.444166028
616,8.220665756,6.151933849,4.579538341,8.220665756,-6.151933849,4.579538341
617,8.534864045,5.168668506,3.335650352,8.534864045,-5.168668506,3.335650352
618,9.102540296,7.801106436,1.101369164,9.102540296,-7.801106436,1.101369164
619,8.41259538,6.866758278,3.979311017,8.41259538,-6.866758278,3.979311017
620,9.668461112,5.378249135,1.526619484,9.668461112,-5.378249135,1.526619484
621,9.100258493,4.56395043,4.115156526,9.100258493,-4.56395043,4.115156526
622,9.708732684,6.397516692,1.065791933,9.708732684,-6.397516692,1.065791933
623,8.216398043,7.981931993,4.347334136,8.216398043,-7.981931993,4.347334136
624,8.592464486,5.62169214,3.293789126,8.592464486,-5.62169214,3.293789126
625,8.835937054,5.869505304,2.909173063,8.835937054,-5.869505304,2.909173063
626,8.134119216,4.301692486,4.837704943,8.134119216,-4.301692486,4.837704943
627,8.962276163,7.340911005,2.836488491,8.962276163,-7.340911005,2.836488491
628,8.452828348,6.550070101,4.178580451,8.452828348,-6.550070101,4.178580451
629,9.662234977,4.185499456,2.69927103,9.662234977,-4.185499456,2.69927103
630,8.743629274,6.232217898,2.136976975,8.743629274,-6.232217898,2.136976975
631,9.408420496,7.735653881,2.050180882,9.408420496,-7.735653881,2.050180882
632,8.278984704,7.473300012,3.743967475,8.278984704,-7.473300012,3.743967475
633,9.063110627,6.515198449,3.857227038,9.063110627,-6.515198449,3.857227038
634,9.485719213,7.033909134,1.555078099,9.485719213,-7.033909134,1.555078099
635,9.783909695,4.921608359,4.742331659,9.783909695,-4.921608359,4.742331659
636,8.981605091,7.641393073,2.74111356,8.981605091,-7.641393073,2.74111356
637,8.334656592,5.641702084,0.4575296163,8.334656592,-5.641702084,0.4575296163
638,8.048278225,6.927468129,3.073584764,8.048278225,-6.927468129,3.073584764
639,8.151987309,7.694177938,2.822308109,8.151987309,-7.694177938,2.822308109
640,9.360218494,7.779426088,0.9411713434,9.360218494,-7.779426088,0.9411713434
641,9.761460607,6.577880275,4.210645414,9.761460607,-6.577880275,4.210645414
642,8.736711136,6.337737837,4.905448197,8.736711136,-6.337737837,4.905448197
643,9.376390321,6.939085615,1.521889512,9.376390321,-6.939085615,1.521889512
644,9.244780151,7.05542399,1.787784324,9.244780151,-7.05542399,1.787784324
645,9.772881117,5.723907972,0.5685886135,9.772881117,-5.723907972,0.5685886135
646,9.822062821,6.4749976,4.524289522,9.822062821,-6.4749976,4.524289522
647,8.747676454,4.535172729,4.655206563,8.747676454,-4.535172729,4.655206563
648,9.531750952,6.790358432,4.821982717,9.531750952,-6.790358432,4.821982717
649,9.969189199,5.761330815,3.258438771,9.969189199,-5.761330815,3.258438771
650,8.085563216,7.769519116,0.1776521412,8.085563216,-7.769519116,0.1776521412
651,8.070634995,5.19520564,4.622318464,8.070634995,-5.19520564,4.622318464
652,9.010011532,7.957745108,4.902451159,9.010011532,-7.957745108,4.902451159
653,9.057923034,7.832122877,3.484804931,9.057923034,-7.832122877,3.484804931
654,9.076987989,4.810383018,0.1420520571,9.076987989,-4.810383018,0.1420520571
655,9.070509715,4.162292565,4.308069976,9.070509715,-4.162292565,4.308069976
656,9.819201758,7.883609255,2.346689102,9.819201758,-7.883609255,2.346689102
657,8.203687891,4.695729755,3.308835832,8.203687891,-4.695729755,3.308835832
658,8.207745523,7.615338412,2.47083654,8.207745523,-7.615338412,2.47083654
659,9.344900384,7.136543101,2.310095972,9.344900384,-7.136543101,2.310095972
660,9.142841586,6.545865674,0.2523704635,9.142841586,-6.545865674,0.2523704635
661,8.070028773,4.32662113,4.25922427,8.070028773,-4.32662113,4.25922427
662,9.215616604,6.859270164,3.010268269,9.215616604,-6.859270164,3.010268269
663,9.769852154,7.88863784,2.993320788,9.769852154,-7.88863784,2.993320788
664,8.310854623,4.485442316,4.423249887,8.310854623,-4.485442316,4.423249887
665,9.91989053,6.809409818,2.059760346,9.91989053,-6.809409818,2.059760346
666,8.766588422,5.114616474,4.014923986,8.766588422,-5.114616474,4.014923986
667,9.262780709,7.724001802,3.713020751,9.262780709,-7.724001802,3.713020751
668,9.870881876,4.579758619,2.520251205,9.870881876,-4.579758619,2.520251205
669,9.541573121,6.408121779,1.468334875,9.541573121,-6.408121779,1.468334875
670,9.000240923,5.207864579,4.780404206,9.000240923,-5.207864579,4.780404206
671,9.111523862,5.293310948,3.174500575,9.111523862,-5.293310948,3.174500575
672,8.385038284,6.792449526,2.285914029,8.385038284,-6.792449526,2.285914029
673,9.479978881,7.330737817,1.613899926,9.479978881,-7.330737817,1.613899926
674,9.678657837,4.472030704,4.329518772,9.678657837,-4.472030704,4.329518772
675,8.697948681,7.202090448,2.304657429,8.697948681,-7.202090448,2.304657429
676,9.718530487,4.501508239,3.949161551,9.718530487,-4.501508239,3.949161551
677,8.078339656,5.979654653,1.890741566,8.078339656,-5.979654653,1.890741566
678,8.264852115,5.975813793,4.337524883,8.264852115,-5.975813793,4.337524883
679,9.376185898,5.454193064,2.1991827,9.376185898,-5.454193064,2.1991827
680,8.408820522,5.121301844,4.207393921,8.408820522,-5.121301844,4.207393921
681,9.173503238,4.373246833,1.423523902,9.173503238,-4.373246833,1.423523902
682,9.735209349,4.735891021,3.162659263,9.735209349,-4.735891021,3.162659263
683,9.509702276,4.970981667,2.678881669,9.509702276,-4.970981667,2.678881669
684,9.338783856,6.472194917,3.504197456,9.338783856,-6.472194917,3.504197456
685,9.938247126,6.943240977,1.351915312,9.938247126,-6.943240977,1.351915312
686,8.221469812,6.469608268,4.060121067,8.221469812,-6.469608268,4.060121067
687,9.228063327,7.260066143,4.739563118,9.228063327,-7.260066143,4.739563118
688,8.384578637,7.714798449,4.673503728,8.384578637,-7.714798449,4.673503728
689,8.32698067,4.057146061,3.700205166,8.32698067,-4.057146061,3.700205166
690,9.681284132,4.62109584,2.400822404,9.681284132,-4.62109584,2.400822404
691,8.33337937,4.764478989,0.7121810518,8.33337937,-4.764478989,0.7121810518
692,8.968705838,7.65414051,4.404816375,8.968705838,-7.65414051,4.404816375
693,9.856585046,4.384513278,3.395177616,9.856585046,-4.384513278,3.395177616
694,8.712394752,6.19462423,2.990643362,8.712394752,-6.19462423,2.990643362
695,8.968067372,6.505206173,2.263385847,8.968067372,-6.505206173,2.263385847
696,9.521007856,7.832339776,4.399166413,9.521007856,-7.832339776,4.399166413
697,8.042033088,4.620332245,1.07460401,8.042033088,-4.620332245,1.07460401
698,9.354008931,6.354793563,4.391586866,9.354008931,-6.354793563,4.391586866
699,8.149703359,7.33701689,3.461368439,8.149703359,-7.33701689,3.461368439
700,8.735116771,5.066640192,1.531744637,8.735116771,-5.066640192,1.531744637
701,9.706820115,7.098399491,3.689072021,9.706820115,-7.098399491,3.689072021
702,9.259946836,5.803934103,2.483146419,9.259946836,-5.803934103,2.483146419
703,8.085379649,6.469572135,4.007858856,8.085379649,-6.469572135,4.007858856
704,9.205131195,7.952949803,0.8146972458,9.205131195,-7.952949803,0.8146972458
705,9.601128135,5.472028024,2.541468231,9.601128135,-5.472028024,2.541468231
706,8.981662433,7.622873391,0.3703617921,8.981662433,-7.622873391,0.3703617921
707,8.297121727,7.862819597,1.394364934,8.297121727,-7.862819597,1.394364934
708,9.537064261,4.343305952,1.462363623,9.537064261,-4.343305952,1.462363623
709,8.286036907,7.908997088,4.331282703,8.286036907,-7.908997088,4.331282703
710,9.265250697,5.562009873,1.144452648,9.265250697,-5.562009873,1.144452648
711,9.021561077,7.687715054,0.1792171371,9.021561077,-7.687715054,0.1792171371
712,8.351872463,5.918971492,4.901269251,8.351872463,-5.918971492,4.901269251
713,9.079984788,4.142172615,4.975008117,9.079984788,-4.142172615,4.975008117
714,9.245071136,7.695411952,3.932585494,9.245071136,-7.695411952,3.932585494
715,8.091200316,4.250342467,1.801707118,8.091200316,-4.250342467,1.801707118
716,8.731639345,5.719146319,4.138481019,8.731639345,-5.719146319,4.138481019
717,8.014074352,7.236760988,3.459253641,8.014074352,-7.236760988,3.459253641
718,9.207631964,7.90144367,2.135239032,9.207631964,-7.90144367,2.135239032
719,9.561247186,5.609533537,4.350589122,9.561247186,-5.609533537,4.350589122
720,8.607755472,4.848562027,1.504466718,8.607755472,-4.848562027,1.504466718
721,9.205706812,5.079688703,3.74979953,9.205706812,-5.079688703,3.74979953
722,9.20289636,6.809199622,0.7428032636,9.20289636,-6.809199622,0.7428032636
723,9.715135884,7.575122259,3.486436237,9.715135884,-7.575122259,3.486436237
724,9.349699205,7.575506943,1.420393343,9.349699205,-7.575506943,1.420393343
725,8.835421476,4.366131764,1.827665959,8.835421476,-4.366131764,1.827665959
726,9.196186215,5.650811264,2.147455641,9.196186215,-5.650811264,2.147455641
727,8.76349324,5.85599914,3.280822203,8.76349324,-5.85599914,3.280822203
728,9.385291495,5.645110605,1.504834049,9.385291495,-5.645110605,1.504834049
729,9.999706037,5.252752194,2.252374547,9.999706037,-5.252752194,2.252374547
730,9.682375896,6.885471779,1.922026992,9.682375896,-6.885471779,1.922026992
731,8.545449201,6.834159861,4.080024797,8.545449201,-6.834159861,4.080024797
732,8.068060182,4.870998186,4.031147128,8.068060182,-4.870998186,4.031147128
733,8.11293418,7.866727136,4.262930028,8.11293418,-7.866727136,4.262930028
734,9.725083318,6.5118026,2.624479636,9.725083318,-6.5118026,2.624479636
735,9.847831071,7.772978579,3.626924237,9.847831071,-7.772978579,3.626924237
736,9.204618086,5.931706349,0.4743247614,9.204618086,-5.931706349,0.4743247614
737,8.244478358,6.50418848,1.318653504,8.244478358,-6.50418848,1.318653504
738,8.237081575,6.660970919,4.804786372,8.237081575,-6.660970919,4.804786372
739,9.576921315,5.224961801,2.581996569,9.576921315,-5.224961801,2.581996569
740,9.664722544,4.786533609,4.644902971,9.664722544,-4.786533609,4.644902971
741,9.802435634,5.621224335,0.1548470688,9.802435634,-5.621224335,0.1548470688
742,9.984169609,5.363745726,0.04041398435,9.984169609,-5.363745726,0.04041398435
743,9.949100436,7.986275451,1.272776966,9.949100436,-7.986275451,1.272776966
744,8.318950738,6.238779125,4.697558332,8.318950738,-6.238779125,4.697558332
745,8.313294525,5.615120295,0.8823757155,8.313294525,-5.615120295,0.8823757155
746,8.273256664,5.310462556,1.007275467,8.273256664,-5.310462556,1.007275467
747,9.1108355,6.152364501,0.9708976573,9.1108355,-6.152364501,0.9708976573
748,8.183690396,6.912604878,1.123310977,8.183690396,-6.912604878,1.123310977
749,8.697263362,7.913055571,3.395598054,8.697263362,-7.913055571,3.395598054
750,9.576430453,4.973647474,3.30493398,9.576430453,-4.973647474,3.30493398
751,9.155117227,4.661018561,0.2467777523,9.155117227,-4.661018561,0.2467777523
752,8.100411237,5.273039428,1.686789375,8.100411237,-5.273039428,1.686789375
753,9.401868644,6.02999335,2.369685351,9.401868644,-6.02999335,2.369685351
754,9.44629439,5.638832562,2.998001405,9.44629439,-5.638832562,2.998001405
755,9.37058746,4.166267285,4.9842728,9.37058746,-4.166267285,4.9842728
756,9.535948484,4.306918261,0.1538014868,9.535948484,-4.306918261,0.1538014868
757,8.031825006,6.027043913,3.426214993,8.031825006,-6.027043913,3.426214993
758,9.993875604,6.689877213,2.610090298,9.993875604,-6.689877213,2.610090298
759,9.741241103,4.168520274,4.451065382,9.741241103,-4.168520274,4.451065382
760,9.162794079,7.095842773,3.569497827,9.162794079,-7.095842773,3.569497827
761,8.701066911,4.196102885,1.625027924,8.701066911,-4.196102885,1.625027924
762,8.928920522,4.920888594,1.612342814,8.928920522,-4.920888594,1.612342814
763,8.208725975,5.033397981,0.4153053569,8.208725975,-5.033397981,0.4153053569
764,8.763159007,6.7505166,2.793699497,8.763159007,-6.7505166,2.793699497
765,9.233224967,5.816103172,0.3006922213,9.233224967,-5.816103172,0.3006922213
766,8.703410028,5.697618272,0.2854729814,8.703410028,-5.697618272,0.2854729814
767,9.015905109,4.863731176,1.674987329,9.015905109,-4.863731176,1.674987329
768,8.69783372,4.039101396,2.977503563,8.69783372,-4.039101396,2.977503563
769,8.54971819,4.470748427,3.40351413,8.54971819,-4.470748427,3.40351413
770,9.652643085,6.46699208,3.20242227,9.652643085,-6.46699208,3.20242227
771,8.56948701,4.146237316,2.523775101,8.56948701,-4.146237316,2.523775101
772,9.690640386,4.53051416,4.674067752,9.690640386,-4.53051416,4.674067752
773,9.110025545,4.687127388,2.927892047,9.110025545,-4.687127388,2.927892047
774,9.194252294,6.41421123,0.4781449857,9.194252294,-6.41421123,0.4781449857
775,9.691169477,5.676415036,0.615463317,9.691169477,-5.676415036,0.615463317
776,8.001535909,4.186871635,2.316514679,8.001535909,-4.186871635,2.316514679
777,8.106590665,5.549139386,4.714907492,8.106590665,-5.549139386,4.714907492
778,8.124030498,5.992645025,1.363700622,8.124030498,-5.992645025,1.363700622
779,8.870883278,5.472226063,2.408991632,8.870883278,-5.472226063,2.408991632
780,9.196190872,4.077565948,4.867185372,9.196190872,-4.077565948,4.867185372
781,8.267203702,5.459194428,0.9014028828,8.267203702,-5.459194428,0.9014028828
782,8.838463826,6.602515722,0.7237480675,8.838463826,-6.602515722,0.7237480675
783,8.192362815,4.219169538,2.876902295,8.192362815,-4.219169538,2.876902295
784,9.66713424,5.250738476,3.545012451,9.66713424,-5.250738476,3.545012451
785,8.580595084,6.366178219,0.5543916236,8.580595084,-6.366178219,0.5543916236
786,8.917381767,7.87015746,4.429697505,8.917381767,-7.87015746,4.429697505
787,9.970411869,4.246380338,0.4423598192,9.970411869,-4.246380338,0.4423598192
788,8.82131964,7.786199887,3.671567273,8.82131964,-7.786199887,3.671567273
789,9.036367038,5.547209818,1.577504847,9.036367038,-5.547209818,1.577504847
790,8.916150429,7.780414153,4.725190945,8.916150429,-7.780414153,4.725190945
791,9.820872039,6.115417889,3.17332905,9.820872039,-6.115417889,3.17332905
792,8.421235803,5.667125233,1.841382453,8.421235803,-5.667125233,1.841382453
793,9.558278513,4.425245184,1.805273241,9.558278513,-4.425245184,1.805273241
794,9.44535071,7.340518929,1.176247747,9.44535071,-7.340518929,1.176247747
795,8.878443026,5.610440788,3.107231086,8.878443026,-5.610440788,3.107231086
796,8.951446999,7.346134606,0.8184319433,8.951446999,-7.346134606,0.8184319433
797,9.710290799,4.924114265,0.3113997866,9.710290799,-4.924114265,0.3113997866
798,9.656899547,6.504583237,1.905323466,9.656899547,-6.504583237,1.905323466
799,8.184144825,4.250495848,2.205376423,8.184144825,-4.250495848,2.205376423
800,8.079717487,4.744651118,2.788195728,8.079717487,-4.744651118,2.788195728
801,8.467670608,4.507110372,1.348778019,8.467670608,-4.507110372,1.348778019
802,9.109086554,7.763601081,3.426695466,9.109086554,-7.763601081,3.426695466
803,9.883351334,4.401679041,0.8437003421,9.883351334,-4.401679041,0.8437003421
804,9.291637473,4.912708449,1.853523164,9.291637473,-4.912708449,1.853523164
805,8.370838986,5.314780605,3.011861587,8.370838986,-5.314780605,3.011861587
806,9.649015357,6.106658201,0.5500034438,9.649015357,-6.106658201,0.5500034438
807,8.806966282,7.648959772,2.934799679,8.806966282,-7.648959772,2.934799679
808,9.599935704,4.689663007,3.952547127,9.599935704,-4.689663007,3.952547127
809,9.717544791,4.712097737,0.6660946496,9.717544791,-4.712097737,0.6660946496
810,9.42945395,6.984814826,0.4994353793,9.42945395,-6.984814826,0.4994353793
811,8.25245338,4.294488277,0.7460021218,8.25245338,-4.294488277,0.7460021218
812,9.864427183,5.444545176,1.698192025,9.864427183,-5.444545176,1.698192025
813,8.099331375,6.074726279,1.424462706,8.099331375,-6.074726279,1.424462706
814,9.468113902,5.459914292,2.607964354,9.468113902,-5.459914292,2.607964354
815,9.338072241,4.681240222,2.229168435,9.338072241,-4.681240222,2.229168435
816,9.705812496,4.338066412,2.991357285,9.705812496,-4.338066412,2.991357285
817,8.551157094,7.788625456,0.4678236473,8.551157094,-7.788625456,0.4678236473
818,8.260894301,7.896347793,1.689207044,8.260894301,-7.896347793,1.689207044
819,8.172812914,7.497881079,4.210162778,8.172812914,-7.497881079,4.210162778
820,9.256308748,4.536580929,0.6436450645,9.256308748,-4.536580929,0.6436450645
821,9.858419543,7.206763598,2.803534616,9.858419543,-7.206763598,2.803534616
822,9.87664151,6.354591229,4.463886552,9.87664151,-6.354591229,4.463886552
823,9.266162415,6.30276607,1.099394159,9.266162415,-6.30276607,1.099394159
824,8.062359572,7.421579573,0.6605439778,8.062359572,-7.421579573,0.6605439778
825,9.153524945,6.701249164,0.1359871038,9.153524945,-6.701249164,0.1359871038
826,9.689491552,5.271106416,4.22354681,9.689491552,-5.271106416,4.22354681
827,9.095977086,7.212021343,0.8795665806,9.095977086,-7.212021343,0.8795665806
828,9.339435617,5.076577419,4.282265378,9.339435617,-5.076577419,4.282265378
829,9.834534229,6.968716134,1.883016802,9.834534229,-6.968716134,1.883016802
830,9.445878172,6.059984743,4.251081881,9.445878172,-6.059984743,4.251081881
831,8.559375256,4.02868459,3.002747122,8.559375256,-4.02868459,3.002747122
832,9.476203798,5.196536612,3.356969947,9.476203798,-5.196536612,3.356969947
833,9.051308534,6.391331236,2.013756427,9.051308534,-6.391331236,2.013756427
834,9.716804008,5.947488647,0.3858048046,9.716804008,-5.947488647,0.3858048046
835,9.150705664,4.046913597,1.486088737,9.150705664,-4.046913597,1.486088737
836,8.195108828,5.053246295,0.1299130134,8.195108828,-5.053246295,0.1299130134
837,8.529966407,6.525323037,4.306350681,8.529966407,-6.525323037,4.306350681
838,8.951989129,6.651431223,2.520195719,8.951989129,-6.651431223,2.520195719
839,9.142287063,6.347302335,0.9340217225,9.142287063,-6.347302335,0.9340217225
840,8.098675746,6.263365088,1.072071581,8.098675746,-6.263365088,1.072071581
841,8.344357202,4.683462799,2.828052664,8.344357202,-4.683462799,2.828052664
842,8.331026015,4.443111662,3.746134315,8.331026015,-4.443111662,3.746134315
843,8.787755927,4.606376548,3.434455299,8.787755927,-4.606376548,3.434455299
844,9.465608479,7.844110217,4.943110255,9.465608479,-7.844110217,4.943110255
845,9.393644411,7.097459416,1.925576338,9.393644411,-7.097459416,1.925576338
846,8.397686428,5.680309699,4.330333455,8.397686428,-5.680309699,4.330333455
847,9.624498481,6.275371268,0.2775038275,9.624498481,-6.275371268,0.2775038275
848,9.108024635,7.40486129,2.886077635,9.108024635,-7.40486129,2.886077635
849,8.807983468,4.290762164,0.7801770015,8.807983468,-4.290762164,0.7801770015
850,9.067040438,5.075619257,0.6918570322,9.067040438,-5.075619257,0.6918570322
851,8.320785874,5.440423588,4.227483533,8.320785874,-5.440423588,4.227483533
852,8.860932389,7.311224916,2.985018538,8.860932389,-7.311224916,2.985018538
853,9.279670445,6.061794378,1.629786179,9.279670445,-6.061794378,1.629786179
854,9.011063778,5.765186207,2.079017199,9.011063778,-5.765186207,2.079017199
855,8.194869773,5.758346082,0.6423980408,8.194869773,-5.758346082,0.6423980408
856,9.847321438,4.271390626,3.381721176,9.847321438,-4.271390626,3.381721176
857,8.40502685,4.872175321,3.089627493,8.40502685,-4.872175321,3.089627493
858,9.656925961,6.668694605,4.698612759,9.656925961,-6.668694605,4.698612759
859,9.527437884,6.569177505,4.079859779,9.527437884,-6.569177505,4.079859779
860,9.047004485,5.032887899,1.744112998,9.047004485,-5.032887899,1.744112998
861,9.522677744,7.454015189,0.6130930465,9.522677744,-7.454015189,0.6130930465
862,9.073166248,5.682226279,4.637380127,9.073166248,-5.682226279,4.637380127
863,9.095468633,7.618737017,1.154370956,9.095468633,-7.618737017,1.154370956
864,8.894613035,5.741135715,4.606352987,8.894613035,-5.741135715,4.606352987
865,9.246770508,5.094903632,0.02625809138,9.246770508,-5.094903632,0.02625809138
866,9.872480487,6.921403212,2.033699254,9.872480487,-6.921403212,2.033699254
867,9.974665585,7.781442781,0.3181119181,9.974665585,-7.781442781,0.3181119181
868,8.641915277,5.999458008,2.85946136,8.641915277,-5.999458008,2.85946136
869,8.919071955,7.328739532,2.24226918,8.919071955,-7.328739532,2.24226918
870,8.925858235,4.532999091,4.607002805,8.925858235,-4.532999091,4.607002805
871,8.589291941,6.755683061,4.925865883,8.589291941,-6.755683061,4.925865883
872,8.041890059,4.783518733,4.461362631,8.041890059,-4.783518733,4.461362631
873,9.541772814,5.655083271,2.715935607,9.541772814,-5.655083271,2.715935607
874,9.16132381,4.518990694,3.833007927,9.16132381,-4.518990694,3.833007927
875,9.232366664,5.911061659,2.414430519,9.232366664,-5.911061659,2.414430519
876,9.546757478,4.101411921,2.256512535,9.546757478,-4.101411921,2.256512535
877,8.403218542,7.429243526,2.934211141,8.403218542,-7.429243526,2.934211141
878,9.011551676,7.567800335,1.764799836,9.011551676,-7.567800335,1.764799836
879,8.835824681,5.298871486,4.67784635,8.835824681,-5.298871486,4.67784635
880,8.659430339,7.653923157,3.64781152,8.659430339,-7.653923157,3.64781152
881,8.571676358,5.209841639,3.254852063,8.571676358,-5.209841639,3.254852063
882,9.178141904,6.063260719,0.7429619312,9.178141904,-6.063260719,0.7429619312
883,8.63938323,4.294177759,2.751998433,8.63938323,-4.294177759,2.751998433
884,9.337618337,5.737761493,4.747302499,9.337618337,-5.737761493,4.747302499
885,9.707639184,7.620127873,1.703388022,9.707639184,-7.620127873,1.703388022
886,9.296356851,7.242616803,2.012361503,9.296356851,-7.242616803,2.012361503
887,8.588498186,5.41992787,2.73562344,8.588498186,-5.41992787,2.73562344
888,8.422081072,4.247838388,4.547186956,8.422081072,-4.247838388,4.547186956
889,8.233057163,6.173855567,1.917648027,8.233057163,-6.173855567,1.917648027
890,8.812635475,5.900658135,2.568863063,8.812635475,-5.900658135,2.568863063
891,8.785933711,6.61053333,4.46948094,8.785933711,-6.61053333,4.46948094
892,9.945292048,4.872957569,4.598982028,9.945292048,-4.872957569,4.598982028
893,8.796279222,4.536049464,0.2894289884,8.796279222,-4.536049464,0.2894289884
894,8.928218978,6.087858937,2.396157149,8.928218978,-6.087858937,2.396157149
895,8.128110415,6.504401376,4.871424531,8.128110415,-6.504401376,4.871424531
896,8.87404196,7.442553601,1.66618162,8.87404196,-7.442553601,1.66618162
897,9.184376277,4.33353704,2.494503233,9.184376277,-4.33353704,2.494503233
898,9.815734642,7.926182058,1.621053689,9.815734642,-7.926182058,1.621053689
899,9.37653695,4.311924791,3.982335878,9.37653695,-4.311924791,3.982335878
900,8.349274168,7.870405261,4.824574042,8.349274168,-7.870405261,4.824574042
901,9.359909339,4.899641849,3.02500571,9.359909339,-4.899641849,3.02500571
902,9.481602378,4.966985848,4.015007089,9.481602378,-4.966985848,4.015007089
903,8.346270418,6.387471206,3.716358331,8.346270418,-6.387471206,3.716358331
904,8.808711834,6.254525619,4.524404673,8.808711834,-6.254525619,4.524404673
905,8.137096589,5.231969919,3.042349893,8.137096589,-5.231969919,3.042349893
906,9.625643278,7.441253894,4.700299771,9.625643278,-7.441253894,4.700299771
907,8.637492818,7.840941059,2.028598491,8.637492818,-7.840941059,2.028598491
908,9.512601062,7.43071542,4.199866093,9.512601062,-7.43071542,4.199866093
909,8.162722871,6.961750453,1.854166756,8.162722871,-6.961750453,1.854166756
910,9.640284906,5.303147777,0.8812286481,9.640284906,-5.303147777,0.8812286481
911,8.392929865,7.356498864,3.714433784,8.392929865,-7.356498864,3.714433784
912,8.940161036,6.640545546,0.1139319674,8.940161036,-6.640545546,0.1139319674
913,9.330027021,7.277724845,0.5853674961,9.330027021,-7.277724845,0.5853674961
914,8.495274511,4.143665903,4.913801315,8.495274511,-4.143665903,4.913801315
915,9.932980392,4.843110304,3.336798025,9.932980392,-4.843110304,3.336798025
916,8.284096153,5.962817368,2.260344337,8.284096153,-5.962817368,2.260344337
917,8.529192471,4.517107456,3.161280136,8.529192471,-4.517107456,3.161280136
918,9.669825553,6.851971433,4.051862408,9.669825553,-6.851971433,4.051862408
919,8.802064072,4.623550546,0.8412877184,8.802064072,-4.623550546,0.8412877184
920,9.842792658,6.770828829,3.309600372,9.842792658,-6.770828829,3.309600372
921,9.725956844,4.530674894,4.549911788,9.725956844,-4.530674894,4.549911788
922,8.522640643,6.327734333,0.7632364454,8.522640643,-6.327734333,0.7632364454
923,9.753837132,5.575580079,1.2636612,9.753837132,-5.575580079,1.2636612
924,9.494586261,5.716058065,3.782075029,9.494586261,-5.716058065,3.782075029
925,8.760247853,4.948570167,4.320739751,8.760247853,-4.948570167,4.320739751
926,8.531267099,7.598612789,1.596385628,8.531267099,-7.598612789,1.596385628
927,9.509564724,7.971015759,1.560279077,9.509564724,-7.971015759,1.560279077
928,9.635754322,6.602154634,4.858953603,9.635754322,-6.602154634,4.858953603
929,9.969642427,7.11793906,4.969037581,9.969642427,-7.11793906,4.969037581
930,8.685759477,7.372782946,1.196245889,8.685759477,-7.372782946,1.196245889
931,9.743081041,4.715455417,4.999260236,9.743081041,-4.715455417,4.999260236
932,9.973650025,4.001412697,0.50044037,9.973650025,-4.001412697,0.50044037
933,8.767837262,5.753050156,4.127591901,8.767837262,-5.753050156,4.127591901
934,8.987636805,5.357202434,1.217319124,8.987636805,-5.357202434,1.217319124
935,8.677407169,4.273446581,1.738604628,8.677407169,-4.273446581,1.738604628
936,8.388663857,4.57917894,2.830744079,8.388663857,-4.57917894,2.830744079
937,9.64620927,6.233077009,2.741768869,9.64620927,-6.233077009,2.741768869
938,8.483639798,4.598081412,1.562762636,8.483639798,-4.598081412,1.562762636
939,9.92223867,5.770920115,3.187260813,9.92223867,-5.770920115,3.187260813
940,8.713460972,4.829931529,4.070634385,8.713460972,-4.829931529,4.070634385
941,8.716935378,7.002255934,2.519239226,8.716935378,-7.002255934,2.519239226
942,8.554807393,5.650808171,3.590132136,8.554807393,-5.650808171,3.590132136
943,8.738154618,5.598742086,2.496092619,8.738154618,-5.598742086,2.496092619
944,8.725210589,7.292046201,4.65089942,8.725210589,-7.292046201,4.65089942
945,9.879031301,7.671661558,0.4822747358,9.879031301,-7.671661558,0.4822747358
946,9.284908516,7.562364194,1.667595385,9.284908516,-7.562364194,1.667595385
947,8.782541019,7.298266418,4.057925732,8.782541019,-7.298266418,4.057925732
948,9.906287912,7.296547681,0.5238255015,9.906287912,-7.296547681,0.5238255015
949,9.964059896,6.191375418,1.248376985,9.964059896,-6.191375418,1.248376985
950,8.648280769,5.450041047,0.7388543436,8.648280769,-5.450041047,0.7388543436
951,8.573861685,4.59180445,1.209331408,8.573861685,-4.59180445,1.209331408
952,8.601195414,6.918425136,3.104857922,8.601195414,-6.918425136,3.104857922
953,8.806150288,6.85635234,3.744105404,8.806150288,-6.85635234,3.744105404
954,8.985641804,7.886053812,3.360669373,8.985641804,-7.886053812,3.360669373
955,8.405050471,7.127957645,3.421532263,8.405050471,-7.127957645,3.421532263
956,8.082215258,4.037372129,2.722891611,8.082215258,-4.037372129,2.722891611
957,9.081359407,6.928822583,3.417318501,9.081359407,-6.928822583,3.417318501
958,8.777457345,7.348427861,0.01379914425,8.777457345,-7.348427861,0.01379914425
959,9.243439859,7.843789869,2.14378889,9.243439859,-7.843789869,2.14378889
960,8.73357161,6.278093163,0.9351795728,8.73357161,-6.278093163,0.9351795728
961,9.974297984,7.304596916,3.654646713,9.974297984,-7.304596916,3.654646713
962,8.077962835,7.674314814,1.356333031,8.077962835,-7.674314814,1.356333031
963,9.273780432,5.802849354,3.119857379,9.273780432,-5.802849354,3.119857379
964,9.073645073,4.088598949,3.571634381,9.073645073,-4.088598949,3.571634381
965,8.255335063,5.920174288,1.03386649,8.255335063,-5.920174288,1.03386649
966,9.138953016,7.752677458,0.4878037509,9.138953016,-7.752677458,0.4878037509
967,9.172547476,6.950080305,2.436578143,9.172547476,-6.950080305,2.436578143
968,9.657049327,4.328194836,4.913340204,9.657049327,-4.328194836,4.913340204
969,8.189583003,5.492083639,3.244946299,8.189583003,-5.492083639,3.244946299
970,9.73096887,4.619062606,2.223135646,9.73096887,-4.619062606,2.223135646
971,9.945871075,7.431693552,3.78338892,9.945871075,-7.431693552,3.78338892
972,9.033144177,7.475147859,3.981378581,9.033144177,-7.475147859,3.981378581
973,9.849258705,7.699420391,0.9988854355,9.849258705,-7.699420391,0.9988854355
974,9.460526548,7.665963338,4.837396063,9.460526548,-7.665963338,4.837396063
975,9.220066539,7.960101767,0.4025273311,9.220066539,-7.960101767,0.4025273311
976,9.884825728,7.927298899,1.514612817,9.884825728,-7.927298899,1.514612817
977,9.863905328,6.065071575,1.010071812,9.863905328,-6.065071575,1.010071812
978,8.985549561,4.858052294,2.73548229,8.985549561,-4.858052294,2.73548229
979,9.242883,5.16105063,1.991917148,9.242883,-5.16105063,1.991917148
980,8.231198725,7.857167511,0.8488631457,8.231198725,-7.857167511,0.8488631457
981,9.418349517,5.56065424,1.185732288,9.418349517,-5.56065424,1.185732288
982,8.447179742,7.642349848,1.025289733,8.447179742,-7.642349848,1.025289733
983,8.535228792,4.922112089,4.386208122,8.535228792,-4.922112089,4.386208122
984,9.150004148,4.696379264,2.574944852,9.150004148,-4.696379264,2.574944852
985,9.396161245,4.354722145,1.485153582,9.396161245,-4.354722145,1.485153582
986,8.664659673,7.669172519,0.02857219346,8.664659673,-7.669172519,0.02857219346
987,9.127271607,7.468735591,3.186164986,9.127271607,-7.468735591,3.186164986
988,8.860437784,4.562525205,1.549330072,8.860437784,-4.562525205,1.549330072
989,9.966772138,4.143327772,4.521701341,9.966772138,-4.143327772,4.521701341
990,8.680993169,5.490485545,4.350617572,8.680993169,-5.490485545,4.350617572
991,8.619454165,4.22608531,1.632580539,8.619454165,-4.22608531,1.632580539
992,9.204263611,4.804844992,0.5587347325,9.204263611,-4.804844992,0.5587347325
993,9.627300121,6.146558315,3.87226974,9.627300121,-6.146558315,3.87226974
994,8.100608131,7.078069795,2.24802805,8.100608131,-7.078069795,2.24802805
995,8.928104589,6.481921479,2.928110863,8.928104589,-6.481921479,2.928110863
996,8.572889913,6.333407979,2.698716797,8.572889913,-6.333407979,2.698716797
997,8.735518395,4.124194802,0.2316392839,8.735518395,-4.124194802,0.2316392839
998,8.326259396,4.304688758,1.683307287,8.326259396,-4.304688758,1.683307287
999,9.50696306,7.447816351,2.898909376,9.50696306,-7.447816351,2.898909376