"""Atmos Mix Number""",KeyRightPosX:,KeyRightPosY:,KeyRightPosZ:,KeyLeftPosX:,KeyLeftPosY:,KeyLeftPosZ:
1,9.415546169,5.718915364,0.4552130785,9.415546169,-5.718915364,0.4552130785
2,8.841956385,5.628509472,4.791033764,8.841956385,-5.628509472,4.791033764
3,8.694880157,6.051434699,0.3952211215,8.694880157,-6.051434699,0.3952211215
4,8.940222099,7.376796386,0.3481683184,8.940222099,-7.376796386,0.3481683184
5,8.374028593,6.63009836,4.873391989,8.374028593,-6.63009836,4.873391989
6,8.262596869,7.889685515,0.2884324004,8.262596869,-7.889685515,0.2884324004
7,8.32269615,5.956674579,3.398428562,8.32269615,-5.956674579,3.398428562
8,8.214213664,7.881650929,3.44893871,8.214213664,-7.881650929,3.44893871
9,8.348984754,7.379097956,0.3234996478,8.348984754,-7.379097956,0.3234996478
10,9.555662958,7.83024969,3.699124785,9.555662958,-7.83024969,3.699124785
11,8.275874441,4.258923291,0.3017047728,8.275874441,-4.258923291,0.3017047728
12,9.721173906,4.046177039,1.401176999,9.721173906,-4.046177039,1.401176999
13,9.983518383,7.161906513,3.197627086,9.983518383,-7.161906513,3.197627086
14,9.968034421,7.250241022,0.1879879241,9.968034421,-7.250241022,0.1879879241
15,8.141329906,5.860725532,3.817528316,8.141329906,-5.860725532,3.817528316
16,8.760004763,4.37919767,2.76715747,8.760004763,-4.37919767,2.76715747
17,9.970089797,4.130215772,2.141576064,9.970089797,-4.130215772,2.141576064
18,9.091289045,7.318056226,4.485127893,9.091289045,-7.318056226,4.485127893
19,9.028269571,7.4553411,2.905651928,9.028269571,-7.4553411,2.905651928
20,8.284510405,6.948183458,0.8662584621,8.284510405,-6.948183458,0.8662584621
21,9.655721798,5.223736685,4.490306738,9.655721798,-5.223736685,4.490306738
22,8.608979105,7.45286543,3.544102049,8.608979105,-7.45286543,3.544102049
23,9.935342978,4.913821569,1.623476372,9.935342978,-4.913821569,1.623476372
24,8.233488212,5.691929572,2.208572892,8.233488212,-5.691929572,2.208572892
25,9.609036676,7.204473064,1.525432245,9.609036676,-7.204473064,1.525432245
26,8.326311805,5.414138633,4.950936209,8.326311805,-5.414138633,4.950936209
27,8.724307943,5.623859988,3.843528499,8.724307943,-5.623859988,3.843528499
28,9.225651341,5.202368044,0.7620906349,9.225651341,-5.202368044,0.7620906349
29,8.464372515,7.936528346,0.2056672496,8.464372515,-7.936528346,0.2056672496
30,8.614375248,5.736589577,0.7575500695,8.614375248,-5.736589577,0.7575500695
31,9.856279446,5.365004405,4.020692032,9.856279446,-5.365004405,4.020692032
32,8.537657608,4.920461886,4.809589668,8.537657608,-4.920461886,4.809589668
33,8.242989849,6.193305784,1.467430033,8.242989849,-6.193305784,1.467430033
34,8.301440498,5.668373539,0.7735584625,8.301440498,-5.668373539,0.7735584625
35,8.587643828,7.355614123,4.528751846,8.587643828,-7.355614123,4.528751846
36,9.090158168,7.023157883,1.027343715,9.090158168,-7.023157883,1.027343715
37,8.048647379,6.137243203,4.67033499,8.048647379,-6.137243203,4.67033499
38,8.256763236,5.414907208,1.992014097,8.256763236,-5.414907208,1.992014097
39,9.676236068,7.782713637,4.95397886,9.676236068,-7.782713637,4.95397886
40,8.285922395,5.235407405,4.074986532,8.285922395,-5.235407405,4.074986532
41,9.544589516,7.105506156,4.271103354,9.544589516,-7.105506156,4.271103354
42,8.437697654,6.760209793,1.747513458,8.437697654,-6.760209793,1.747513458
43,9.814394839,7.426684526,3.132893338,9.814394839,-7.426684526,3.132893338
44,8.97573352,4.383295493,4.424344105,8.97573352,-4.383295493,4.424344105
45,8.941255213,6.448342355,3.349455806,8.941255213,-6.448342355,3.349455806
46,8.008825711,5.032196864,1.409183849,8.008825711,-5.032196864,1.409183849
47,8.984023571,4.918514049,1.652013441,8.984023571,-4.918514049,1.652013441
48,9.571892667,6.711348742,2.37477605,9.571892667,-6.711348742,2.37477605
49,9.358782941,4.905083706,4.180843783,9.358782941,-4.905083706,4.180843783
50,8.292196656,7.89788788,4.896426388,8.292196656,-7.89788788,4.896426388
51,8.719803597,7.718101132,1.989304363,8.719803597,-7.718101132,1.989304363
52,8.385807296,4.819125247,2.203542973,8.385807296,-4.819125247,2.203542973
53,8.375651482,4.366062137,3.653412388,8.375651482,-4.366062137,3.653412388
54,8.770661418,6.619020832,2.071887097,8.770661418,-6.619020832,2.071887097
55,8.870219438,6.077903449,1.470211592,8.870219438,-6.077903449,1.470211592
56,8.635282331,6.529219836,2.181944186,8.635282331,-6.529219836,2.181944186
57,8.334563368,6.856987219,0.9603772978,8.334563368,-6.856987219,0.9603772978
58,9.141677452,5.168099141,1.113982435,9.141677452,-5.168099141,1.113982435
59,8.862072407,5.056987056,0.7355738485,8.862072407,-5.056987056,0.7355738485
60,9.24877225,4.080850257,3.751443015,9.24877225,-4.080850257,3.751443015
61,9.548941669,5.195614056,1.664037912,9.548941669,-5.195614056,1.664037912
62,9.50684955,7.999425218,1.300406202,9.50684955,-7.999425218,1.300406202
63,8.70267501,4.076325264,1.474377077,8.70267501,-4.076325264,1.474377077
64,8.587992753,4.750220005,1.498729383,8.587992753,-4.750220005,1.498729383
65,8.938178141,4.008813407,0.9239388884,8.938178141,-4.008813407,0.9239388884
66,8.182864477,6.289208848,3.244395429,8.182864477,-6.289208848,3.244395429
67,8.994933095,4.556971099,0.7612215419,8.994933095,-4.556971099,0.7612215419
68,9.516931689,6.330885543,4.694641287,9.516931689,-6.330885543,4.694641287
69,8.817035087,4.661433194,4.40922809,8.817035087,-4.661433194,4.40922809
70,8.332365802,5.10336768,2.517137085,8.332365802,-5.10336768,2.517137085
71,8.094039019,5.858511574,4.456542416,8.094039019,-5.858511574,4.456542416
72,8.864439771,4.864386819,1.069094007,8.864439771,-4.864386819,1.069094007
73,8.574369438,5.136626842,3.17405143,8.574369438,-5.136626842,3.17405143
74,8.638707436,4.221169466,4.762545863,8.638707436,-4.221169466,4.762545863
75,8.200515002,6.035992212,2.777035373,8.200515002,-6.035992212,2.777035373
76,8.259221176,7.593431221,4.182645079,8.259221176,-7.593431221,4.182645079
77,9.798613143,6.02060058,3.564862671,9.798613143,-6.02060058,3.564862671
78,9.586414279,7.237397046,0.8647465883,9.586414279,-7.237397046,0.8647465883
79,8.662860256,4.859280783,1.324403589,8.662860256,-4.859280783,1.324403589
80,8.56018626,7.316951567,2.225046485,8.56018626,-7.316951567,2.225046485
81,9.042209736,4.483016001,0.04981464468,9.042209736,-4.483016001,0.04981464468
82,9.559569238,7.085247588,4.463946742,9.559569238,-7.085247588,4.463946742
83,8.054072983,4.089622034,0.5724572618,8.054072983,-4.089622034,0.5724572618
84,8.66176758,7.158391791,3.322114087,8.66176758,-7.158391791,3.322114087
85,9.864472383,7.507564468,2.712938936,9.864472383,-7.507564468,2.712938936
86,9.933236537,5.266709472,1.132984477,9.933236537,-5.266709472,1.132984477
87,8.689831801,6.183915472,1.055759012,8.689831801,-6.183915472,1.055759012
88,9.322942881,7.215603213,0.4644696579,9.322942881,-7.215603213,0.4644696579
89,9.052094053,7.61551068,2.039609989,9.052094053,-7.61551068,2.039609989
90,9.608421915,6.846690965,3.824691284,9.608421915,-6.846690965,3.824691284
91,8.172138589,7.398029371,0.2774253443,8.172138589,-7.398029371,0.2774253443
92,9.850347267,4.64276638,2.985188675,9.850347267,-4.64276638,2.985188675
93,8.988806961,6.938285342,1.534825284,8.988806961,-6.938285342,1.534825284
94,9.028960488,5.661706932,2.779307023,9.028960488,-5.661706932,2.779307023
95,8.27073947,4.686245776,0.659355754,8.27073947,-4.686245776,0.659355754
96,9.959999463,4.421785882,1.10811207,9.959999463,-4.421785882,1.10811207
97,9.030452612,4.733486129,3.662129422,9.030452612,-4.733486129,3.662129422
98,9.619114414,6.213459681,4.941540564,9.619114414,-6.213459681,4.941540564
99,9.995656274,7.844713064,0.6950769648,9.995656274,-7.844713064,0.6950769648
100,8.948806151,5.412633901,0.4645582682,8.948806151,-5.412633901,0.4645582682
101,9.438991619,7.301929961,1.568540478,9.438991619,-7.301929961,1.568540478
102,8.793552378,4.362182758,3.0784669,8.793552378,-4.362182758,3.0784669
103,9.067676796,5.022562249,3.833552116,9.067676796,-5.022562249,3.833552116
104,9.4261496,7.229153669,4.633397446,9.4261496,-7.229153669,4.633397446
105,9.938745146,5.751678108,3.069632518,9.938745146,-5.751678108,3.069632518
106,9.216774105,4.204146853,3.212306047,9.216774105,-4.204146853,3.212306047
107,8.159667695,7.025126786,1.5217211,8.159667695,-7.025126786,1.5217211
108,9.287504555,6.068859785,0.6979264019,9.287504555,-6.068859785,0.6979264019
109,9.280428394,4.168238951,4.408965261,9.280428394,-4.168238951,4.408965261
110,9.826933353,7.412258521,0.6862280081,9.826933353,-7.412258521,0.6862280081
111,9.260089064,5.759484155,3.26420005,9.260089064,-5.759484155,3.26420005
112,9.356170868,7.832309735,0.5327099387,9.356170868,-7.832309735,0.5327099387
113,8.333300146,4.48843408,4.377338553,8.333300146,-4.48843408,4.377338553
114,9.289404069,5.838213598,0.1666838509,9.289404069,-5.838213598,0.1666838509
115,9.301106236,4.723321707,2.520483484,9.301106236,-4.723321707,2.520483484
116,9.175848542,4.699647522,4.034529659,9.175848542,-4.699647522,4.034529659
117,9.173018907,4.738693168,4.479892544,9.173018907,-4.738693168,4.479892544
118,8.008323685,6.319198517,3.152358439,8.008323685,-6.319198517,3.152358439
119,8.797208984,6.613907681,2.753155892,8.797208984,-6.613907681,2.753155892
120,9.805923305,4.788952808,4.793810148,9.805923305,-4.788952808,4.793810148
121,8.392561469,4.286826552,2.972860555,8.392561469,-4.286826552,2.972860555
122,8.599739984,6.401663959,3.10769754,8.599739984,-6.401663959,3.10769754
123,8.656264572,6.934731722,2.965033813,8.656264572,-6.934731722,2.965033813
124,8.152970825,5.603061991,3.766365414,8.152970825,-5.603061991,3.766365414
125,8.435825653,5.369604301,4.756821355,8.435825653,-5.369604301,4.756821355
126,8.817877129,5.089226114,3.168060889,8.817877129,-5.089226114,3.168060889
127,8.553446579,6.903159334,1.618824567,8.553446579,-6.903159334,1.618824567
128,8.366128391,4.678556891,2.350039294,8.366128391,-4.678556891,2.350039294
129,8.138304436,6.396751854,0.3095872937,8.138304436,-6.396751854,0.3095872937
130,9.326427606,5.741283506,4.47390407,9.326427606,-5.741283506,4.47390407
131,9.29949719,4.013226155,1.919798925,9.29949719,-4.013226155,1.919798925
132,8.130623776,5.182647532,2.896785934,8.130623776,-5.182647532,2.896785934
133,8.856483872,7.39525404,0.06940294343,8.856483872,-7.39525404,0.06940294343
134,9.419667741,4.8934664,4.582994752,9.419667741,-4.8934664,4.582994752
135,9.4882955,4.283479424,0.06014361824,9.4882955,-4.283479424,0.06014361824
136,9.312891305,4.160709994,2.09796681,9.312891305,-4.160709994,2.09796681
137,9.577384183,7.446140674,0.9379186702,9.577384183,-7.446140674,0.9379186702
138,8.823584374,5.0405684,0.08252077706,8.823584374,-5.0405684,0.08252077706
139,9.374721293,6.520555183,1.173068777,9.374721293,-6.520555183,1.173068777
140,9.342346395,6.71926714,0.8691138937,9.342346395,-6.71926714,0.8691138937
141,9.22192694,4.079206945,3.862442556,9.22192694,-4.079206945,3.862442556
142,9.045091713,5.317141874,0.4770465493,9.045091713,-5.317141874,0.4770465493
143,8.412318445,7.854960482,0.4254134432,8.412318445,-7.854960482,0.4254134432
144,9.95902888,6.636235061,3.330138184,9.95902888,-6.636235061,3.330138184
145,8.990579056,5.329405121,0.7782618073,8.990579056,-5.329405121,0.7782618073
146,9.387807254,7.530467764,1.66362933,9.387807254,-7.530467764,1.66362933
147,9.171277624,7.356312459,3.889403078,9.171277624,-7.356312459,3.889403078
148,9.512968735,4.722287347,2.227936648,9.512968735,-4.722287347,2.227936648
149,8.046988113,4.521922548,0.5443662131,8.046988113,-4.521922548,0.5443662131
150,8.715746853,6.14514408,1.822005496,8.715746853,-6.14514408,1.822005496
151,9.460774448,4.711065675,0.5773803586,9.460774448,-4.711065675,0.5773803586
152,9.870265511,4.714219868,3.680579314,9.870265511,-4.714219868,3.680579314
153,8.095090789,5.84124627,1.889693314,8.095090789,-5.84124627,1.889693314
154,8.321689426,5.58806649,0.3456112254,8.321689426,-5.58806649,0.3456112254
155,8.395714209,7.74654121,3.29774166,8.395714209,-7.74654121,3.29774166
156,9.162515409,4.563233667,0.4357342144,9.162515409,-4.563233667,0.4357342144
157,8.477440172,5.352790555,1.802055353,8.477440172,-5.352790555,1.802055353
158,9.844852012,6.63710774,1.518300015,9.844852012,-6.63710774,1.518300015
159,8.8764498,4.010852996,1.795977488,8.8764498,-4.010852996,1.795977488
160,9.110360078,4.688079234,4.930712902,9.110360078,-4.688079234,4.930712902
161,9.307264673,7.383949546,0.2381947767,9.307264673,-7.383949546,0.2381947767
162,9.082907964,5.676331884,4.001974658,9.082907964,-5.676331884,4.001974658
163,8.491055735,5.669106776,1.981628183,8.491055735,-5.669106776,1.981628183
164,8.458571029,4.0950421,1.317498945,8.458571029,-4.0950421,1.317498945
165,9.844036401,6.034716029,1.510958951,9.844036401,-6.034716029,1.510958951
166,9.756268998,4.245111848,4.841951421,9.756268998,-4.245111848,4.841951421
167,9.203256135,7.652028528,4.910131625,9.203256135,-7.652028528,4.910131625
168,8.179225699,6.2237767,4.273344541,8.179225699,-6.2237767,4.273344541
169,8.83209192,6.076289565,4.218366841,8.83209192,-6.076289565,4.218366841
170,8.807945806,7.57805012,2.619724395,8.807945806,-7.57805012,2.619724395
171,9.355120525,6.293962319,3.587951341,9.355120525,-6.293962319,3.587951341
172,9.531170111,4.96003074,1.856001348,9.531170111,-4.96003074,1.856001348
173,8.844115116,4.609377118,0.1193868374,8.844115116,-4.609377118,0.1193868374
174,8.660189609,7.727132357,3.586901463,8.660189609,-7.727132357,3.586901463
175,9.492157072,5.622955302,4.600040589,9.492157072,-5.622955302,4.600040589
176,8.808105292,7.463328378,4.882373151,8.808105292,-7.463328378,4.882373151
177,9.806056623,4.592172819,2.932528515,9.806056623,-4.592172819,2.932528515
178,9.999509563,7.377076764,2.099434986,9.999509563,-7.377076764,2.099434986
179,8.309447822,7.016432404,0.02060970328,8.309447822,-7.016432404,0.02060970328
180,8.664273973,6.289717877,1.310359716,8.664273973,-6.289717877,1.310359716
181,9.827329879,7.711282491,0.6358917547,9.827329879,-7.711282491,0.6358917547
182,9.124550389,4.609372073,2.437869152,9.124550389,-4.609372073,2.437869152
183,8.620986866,7.111742387,3.061328208,8.620986866,-7.111742387,3.061328208
184,9.275865407,6.746715227,0.8858832284,9.275865407,-6.746715227,0.8858832284
185,8.219890229,5.057141044,4.481108303,8.219890229,-5.057141044,4.481108303
186,8.666706336,6.640027434,3.147181488,8.666706336,-6.640027434,3.147181488
187,9.670398049,6.661638439,3.43550878,9.670398049,-6.661638439,3.43550878
188,9.277896939,6.499609934,2.880568787,9.277896939,-6.499609934,2.880568787
189,8.162068356,5.678752334,4.598645346,8.162068356,-5.678752334,4.598645346
190,9.581236981,7.950592597,2.35889397,9.581236981,-7.950592597,2.35889397
191,9.329722977,7.450538867,0.4724830536,9.329722977,-7.450538867,0.4724830536
192,8.410470441,5.155328798,3.090274294,8.410470441,-5.155328798,3.090274294
193,8.84779536,7.330860828,0.7682330796,8.84779536,-7.330860828,0.7682330796
194,9.707041832,7.251531988,3.168483621,9.707041832,-7.251531988,3.168483621
195,9.773988529,5.438192412,3.603293151,9.773988529,-5.438192412,3.603293151
196,9.11494437,7.882085598,0.3906441775,9.11494437,-7.882085598,0.3906441775
197,9.159122157,4.589948053,2.655716474,9.159122157,-4.589948053,2.655716474
198,9.906141407,4.361573258,2.032721388,9.906141407,-4.361573258,2.032721388
199,9.072775226,7.973157603,0.9569872136,9.072775226,-7.973157603,0.9569872136
200,8.939700286,7.080074945,3.053084797,8.939700286,-7.080074945,3.053084797
201,8.909702111,7.003724909,1.576420383,8.909702111,-7.003724909,1.576420383
202,8.81930214,4.356178817,0.3244217366,8.81930214,-4.356178817,0.3244217366
203,8.806026796,7.219282351,2.45622248,8.806026796,-7.219282351,2.45622248
204,9.54682553,7.70050079,0.7130395588,9.54682553,-7.70050079,0.7130395588
205,9.529170177,4.052076008,0.6351553005,9.529170177,-4.052076008,0.6351553005
206,9.6121343,6.23282117,4.636186539,9.6121343,-6.23282117,4.636186539
207,8.289854129,6.86415483,3.981540726,8.289854129,-6.86415483,3.981540726
208,9.355173478,5.01726093,4.352165377,9.355173478,-5.01726093,4.352165377
209,9.693119154,4.435689407,1.914282029,9.693119154,-4.435689407,1.914282029
210,8.736381833,6.860273558,0.1600776432,8.736381833,-6.860273558,0.1600776432
211,9.289104429,4.729276522,3.885597447,9.289104429,-4.729276522,3.885597447
212,9.41190273,4.487639221,3.906990449,9.41190273,-4.487639221,3.906990449
213,8.850637757,6.571889984,3.233791194,8.850637757,-6.571889984,3.233791194
214,9.694014371,4.12365979,3.486753517,9.694014371,-4.12365979,3.486753517
215,9.196980801,4.07748892,2.381789501,9.196980801,-4.07748892,2.381789501
216,9.953738684,7.795390586,1.14885887,9.953738684,-7.795390586,1.14885887
217,8.8611417,5.165472905,2.891142723,8.8611417,-5.165472905,2.891142723
218,8.067121118,7.946537041,1.465460353,8.067121118,-7.946537041,1.465460353
219,9.578013667,5.213968852,3.106139676,9.578013667,-5.213968852,3.106139676
220,8.30084039,5.251632929,4.293444382,8.30084039,-5.251632929,4.293444382
221,9.02449447,5.335617444,3.703650326,9.02449447,-5.335617444,3.703650326
222,9.664498553,4.265817924,1.345364389,9.664498553,-4.265817924,1.345364389
223,8.699200952,4.402884916,4.456960599,8.699200952,-4.402884916,4.456960599
224,9.22029658,4.435992494,0.3928431766,9.22029658,-4.435992494,0.3928431766
225,8.673179631,5.018241062,2.622483266,8.673179631,-5.018241062,2.622483266
226,9.536213688,5.054867652,4.279069008,9.536213688,-5.054867652,4.279069008
227,9.215149426,7.172593348,1.153735002,9.215149426,-7.172593348,1.153735002
228,8.702915812,4.292480028,1.939230327,8.702915812,-4.292480028,1.939230327
229,8.192552957,6.226434714,4.164899481,8.192552957,-6.226434714,4.164899481
230,9.820314002,5.134646406,4.410756842,9.820314002,-5.134646406,4.410756842
231,9.526565469,7.758028863,3.824813547,9.526565469,-7.758028863,3.824813547
232,9.216115188,4.851607013,0.2662923221,9.216115188,-4.851607013,0.2662923221
233,9.844967519,6.239903526,4.92011095,9.844967519,-6.239903526,4.92011095
234,8.911249101,5.782293441,4.194253091,8.911249101,-5.782293441,4.194253091
235,9.497459071,7.72972978,1.332943979,9.497459071,-7.72972978,1.332943979
236,8.927354408,5.332281622,0.2731255874,8.927354408,-5.332281622,0.2731255874
237,8.09583092,4.907615838,2.424221323,8.09583092,-4.907615838,2.424221323
238,9.277455546,4.041086884,3.290404601,9.277455546,-4.041086884,3.290404601
239,8.194940201,4.784717132,1.978312347,8.194940201,-4.784717132,1.978312347
240,9.136700659,7.584055667,3.7150133,9.136700659,-7.584055667,3.7150133
241,9.274419502,7.986146326,4.770966696,9.274419502,-7.986146326,4.770966696
242,8.405950878,5.155238334,3.378522583,8.405950878,-5.155238334,3.378522583
243,9.106502839,5.225227905,0.6806869907,9.106502839,-5.225227905,0.6806869907
244,9.213751877,7.66232535,1.806476365,9.213751877,-7.66232535,1.806476365
245,8.349539483,4.799480371,2.427528186,8.349539483,-4.799480371,2.427528186
246,8.814670531,5.697517157,4.483237551,8.814670531,-5.697517157,4.483237551
247,8.893207206,4.827086165,4.735425032,8.893207206,-4.827086165,4.735425032
248,8.703286275,5.786119394,2.16421353,8.703286275,-5.786119394,2.16421353
249,8.359891496,7.494326124,0.8584726901,8.359891496,-7.494326124,0.8584726901
250,8.848673641,4.727228185,4.96596717,8.848673641,-4.727228185,4.96596717
251,9.153186545,6.600273772,0.7625097771,9.153186545,-6.600273772,0.7625097771
252,9.945645637,6.010139438,0.1810271385,9.945645637,-6.010139438,0.1810271385
253,9.611259685,6.778265208,1.725921248,9.611259685,-6.778265208,1.725921248
254,8.0642338,5.710598593,2.159298651,8.0642338,-5.710598593,2.159298651
255,8.898420135,4.370046927,0.0234567248,8.898420135,-4.370046927,0.0234567248
256,9.552002308,7.64974968,0.7665566372,9.552002308,-7.64974968,0.7665566372
257,9.137412818,5.266350618,1.630328239,9.137412818,-5.266350618,1.630328239
258,9.405221406,4.955160927,3.732939438,9.405221406,-4.955160927,3.732939438
259,8.488730255,6.15772363,3.367835715,8.488730255,-6.15772363,3.367835715
260,9.381298415,6.829642187,3.016615959,9.381298415,-6.829642187,3.016615959
261,8.118870212,6.425044767,0.5837992842,8.118870212,-6.425044767,0.5837992842
262,9.08907507,6.95425047,1.271492149,9.08907507,-6.95425047,1.271492149
263,9.620476326,5.016049553,0.6893230922,9.620476326,-5.016049553,0.6893230922
264,9.284788651,4.483937979,2.780161791,9.284788651,-4.483937979,2.780161791
265,9.963450545,4.590669995,2.666659433,9.963450545,-4.590669995,2.666659433
266,8.145049882,7.307266282,2.21715806,8.145049882,-7.307266282,2.21715806
267,8.633434453,7.274830742,2.920611681,8.633434453,-7.274830742,2.920611681
268,8.815756033,4.717512612,1.281391828,8.815756033,-4.717512612,1.281391828
269,8.574788501,7.652825383,3.60802619,8.574788501,-7.652825383,3.60802619
270,8.885321519,7.775876512,4.284580971,8.885321519,-7.775876512,4.284580971
271,9.877867812,7.078303197,2.277169449,9.877867812,-7.078303197,2.277169449
272,9.346113509,4.645368491,1.924202712,9.346113509,-4.645368491,1.924202712
273,8.969767934,4.731505564,4.352429475,8.969767934,-4.731505564,4.352429475
274,9.23991485,7.555880063,2.690387814,9.23991485,-7.555880063,2.690387814
275,8.174806594,7.646489445,3.671752614,8.174806594,-7.646489445,3.671752614
276,9.588242245,7.658906213,2.157210176,9.588242245,-7.658906213,2.157210176
277,8.853087731,6.539938383,1.027059823,8.853087731,-6.539938383,1.027059823
278,9.849317677,5.988967865,0.05658916359,9.849317677,-5.988967865,0.05658916359
279,8.506074182,5.868575797,1.964742806,8.506074182,-5.868575797,1.964742806
280,8.389560065,4.524978575,2.809763789,8.389560065,-4.524978575,2.809763789
281,8.01694072,4.113438526,0.1080147108,8.01694072,-4.113438526,0.1080147108
282,9.08402936,6.708157801,1.644852703,9.08402936,-6.708157801,1.644852703
283,8.98661054,5.637121881,0.9897918503,8.98661054,-5.637121881,0.9897918503
284,8.848952921,4.805642051,3.622863087,8.848952921,-4.805642051,3.622863087
285,8.506052563,4.197856935,2.99895263,8.506052563,-4.197856935,2.99895263
286,9.748185751,7.60520897,4.657763879,9.748185751,-7.60520897,4.657763879
287,9.900159282,6.757699102,1.099922009,9.900159282,-6.757699102,1.099922009
288,9.298343669,4.793553116,0.7936085393,9.298343669,-4.793553116,0.7936085393
289,8.373092737,6.829485987,1.681854222,8.373092737,-6.829485987,1.681854222
290,8.124792357,7.027852917,4.703538454,8.124792357,-7.027852917,4.703538454
291,9.120401551,6.319332339,2.316143364,9.120401551,-6.319332339,2.316143364
292,9.499312218,7.489985201,0.2277998918,9.499312218,-7.489985201,0.2277998918
293,9.546735407,4.501561974,1.577126583,9.546735407,-4.501561974,1.577126583
294,9.232987875,6.259209003,0.1622570749,9.232987875,-6.259209003,0.1622570749
295,8.593134634,4.086903538,0.02881374534,8.593134634,-4.086903538,0.02881374534
296,8.523822597,5.109476904,3.852516346,8.523822597,-5.109476904,3.852516346
297,9.844413811,6.800788097,4.259078273,9.844413811,-6.800788097,4.259078273
298,9.693150915,5.601284061,1.114539428,9.693150915,-5.601284061,1.114539428
299,9.721108715,6.77745425,4.601382054,9.721108715,-6.77745425,4.601382054
300,8.219752962,7.177149832,0.7789948662,8.219752962,-7.177149832,0.7789948662
301,8.484076684,5.510581582,1.212830849,8.484076684,-5.510581582,1.212830849
302,9.433554099,4.278986541,3.697678305,9.433554099,-4.278986541,3.697678305
303,9.471651975,6.00810826,0.1568183368,9.471651975,-6.00810826,0.1568183368
304,8.906064054,7.491769457,0.3258450463,8.906064054,-7.491769457,0.3258450463
305,9.584022531,4.916031072,0.3900211336,9.584022531,-4.916031072,0.3900211336
306,9.622658986,6.90061741,3.23960821,9.622658986,-6.90061741,3.23960821
307,9.81822812,5.254114397,1.28894832,9.81822812,-5.254114397,1.28894832
308,9.999084317,7.059648377,4.913618308,9.999084317,-7.059648377,4.913618308
309,9.087150692,6.408829593,4.923188019,9.087150692,-6.408829593,4.923188019
310,8.674037484,7.355330584,0.2876788998,8.674037484,-7.355330584,0.2876788998
311,8.730587521,4.331291502,4.434074846,8.730587521,-4.331291502,4.434074846
312,9.640528512,7.561529318,2.623974662,9.640528512,-7.561529318,2.623974662
313,9.305736225,7.478732457,2.992527105,9.305736225,-7.478732457,2.992527105
314,8.946294599,4.797587922,2.697062867,8.946294599,-4.797587922,2.697062867
315,9.344188567,7.717940416,3.162682954,9.344188567,-7.717940416,3.162682954
316,8.079508461,4.996610526,1.780166719,8.079508461,-4.996610526,1.780166719
317,9.855099969,4.791367712,4.503734601,9.855099969,-4.791367712,4.503734601
318,9.848259117,5.763163476,4.272721411,9.848259117,-5.763163476,4.272721411
319,9.168079927,5.457065634,3.706687814,9.168079927,-5.457065634,3.706687814
320,9.554934848,5.854910535,3.250288261,9.554934848,-5.854910535,3.250288261
321,8.129310415,7.290511318,3.931952331,8.129310415,-7.290511318,3.931952331
322,8.460098635,5.480785304,1.06920823,8.460098635,-5.480785304,1.06920823
323,9.231452889,6.430534996,3.624599604,9.231452889,-6.430534996,3.624599604
324,8.731349484,6.501199525,0.3007090622,8.731349484,-6.501199525,0.3007090622
325,8.669321022,4.126216518,4.414362334,8.669321022,-4.126216518,4.414362334
326,8.493906242,4.088031147,0.344191812,8.493906242,-4.088031147,0.344191812
327,9.922585301,7.472582366,2.625145637,9.922585301,-7.472582366,2.625145637
328,8.360368437,4.410757573,0.7343474259,8.360368437,-4.410757573,0.7343474259
329,8.783710835,5.698471611,0.9327722152,8.783710835,-5.698471611,0.9327722152
330,8.442697394,7.729629505,4.33442714,8.442697394,-7.729629505,4.33442714
331,9.93991705,6.090843403,0.2192992292,9.93991705,-6.090843403,0.2192992292
332,8.771556522,7.479247235,1.736904951,8.771556522,-7.479247235,1.736904951
333,9.604462937,4.219340559,0.2175672977,9.604462937,-4.219340559,0.2175672977
334,8.104644832,6.410844812,1.477010016,8.104644832,-6.410844812,1.477010016
335,9.253511015,5.48889338,0.05133428272,9.253511015,-5.48889338,0.05133428272
336,9.040694909,6.836024115,4.32391739,9.040694909,-6.836024115,4.32391739
337,9.394979962,6.934819953,1.825698349,9.394979962,-6.934819953,1.825698349
338,9.319771274,5.998160321,1.434099454,9.319771274,-5.998160321,1.434099454
339,8.266169453,6.135038092,0.4714347289,8.266169453,-6.135038092,0.4714347289
340,8.240043748,7.422236452,1.532450794,8.240043748,-7.422236452,1.532450794
341,9.374802492,4.510931778,3.6979112,9.374802492,-4.510931778,3.6979112
342,9.719209873,4.904000254,2.295894749,9.719209873,-4.904000254,2.295894749
343,9.466991414,4.297890655,0.1555535616,9.466991414,-4.297890655,0.1555535616
344,9.044342254,5.052098832,2.533498318,9.044342254,-5.052098832,2.533498318
345,9.585260879,5.076846249,1.384211816,9.585260879,-5.076846249,1.384211816
346,9.562532275,6.761767027,3.634503003,9.562532275,-6.761767027,3.634503003
347,8.786173143,4.770046263,1.352630812,8.786173143,-4.770046263,1.352630812
348,9.147930172,6.757753163,3.654610763,9.147930172,-6.757753163,3.654610763
349,9.392557428,7.031117492,3.041603937,9.392557428,-7.031117492,3.041603937
350,9.326536039,4.791998297,2.660440382,9.326536039,-4.791998297,2.660440382
351,9.588367213,6.426951987,1.644942215,9.588367213,-6.426951987,1.644942215
352,8.442513553,4.925165507,1.897019603,8.442513553,-4.925165507,1.897019603
353,8.10954078,4.955389617,2.254419794,8.10954078,-4.955389617,2.254419794
354,9.609272898,5.579981517,2.593853963,9.609272898,-5.579981517,2.593853963
355,8.782933751,7.318844569,2.944265823,8.782933751,-7.318844569,2.944265823
356,9.71174076,7.060534377,1.907488275,9.71174076,-7.060534377,1.907488275
357,9.914700736,6.843216359,2.705110198,9.914700736,-6.843216359,2.705110198
358,9.12599033,7.629692992,2.504160465,9.12599033,-7.629692992,2.504160465
359,9.882931905,4.669416652,3.814717739,9.882931905,-4.669416652,3.814717739
360,9.717892496,7.983720619,3.522353115,9.717892496,-7.983720619,3.522353115
361,9.756676654,7.339916322,2.732140727,9.756676654,-7.339916322,2.732140727
362,9.099048915,5.32846229,1.294642955,9.099048915,-5.32846229,1.294642955
363,8.010714616,6.455646841,3.112521083,8.010714616,-6.455646841,3.112521083
364,9.987632499,5.827237615,3.939694372,9.987632499,-5.827237615,3.939694372
365,9.254838638,6.802668666,3.85168985,9.254838638,-6.802668666,3.85168985
366,9.181770177,7.851291284,0.2126544033,9.181770177,-7.851291284,0.2126544033
367,8.82650695,5.169016076,4.363637692,8.82650695,-5.169016076,4.363637692
368,8.347905221,7.426374621,1.29530051,8.347905221,-7.426374621,1.29530051
369,9.741266047,5.728333728,0.3911247148,9.741266047,-5.728333728,0.3911247148
370,9.206557988,5.053291142,3.251422361,9.206557988,-5.053291142,3.251422361
371,9.147362633,6.909109131,1.26210554,9.147362633,-6.909109131,1.26210554
372,9.319707101,6.518054778,4.919069541,9.319707101,-6.518054778,4.919069541
373,9.536714229,6.459765694,2.484775579,9.536714229,-6.459765694,2.484775579
374,8.51052896,6.543229444,3.076055417,8.51052896,-6.543229444,3.076055417
375,9.627408926,4.136384809,0.1650884384,9.627408926,-4.136384809,0.1650884384
376,9.846599833,5.623061113,1.830713631,9.846599833,-5.623061113,1.830713631
377,8.312924519,7.069665579,1.816316016,8.312924519,-7.069665579,1.816316016
378,8.367277583,5.900711345,1.654201879,8.367277583,-5.900711345,1.654201879
379,9.286307235,4.21167753,0.4850602049,9.286307235,-4.21167753,0.4850602049
380,8.516473121,5.568297645,4.097114873,8.516473121,-5.568297645,4.097114873
381,8.9658999,7.934302204,3.657095629,8.9658999,-7.934302204,3.657095629
382,9.141291462,7.394052388,4.600912085,9.141291462,-7.394052388,4.600912085
383,9.901370306,6.275775845,3.435207141,9.901370306,-6.275775845,3.435207141
384,9.42920661,5.312779099,2.518400683,9.42920661,-5.312779099,2.518400683
385,8.809533195,5.747713544,4.946062237,8.809533195,-5.747713544,4.946062237
386,8.181924024,5.575428165,1.357607912,8.181924024,-5.575428165,1.357607912
387,9.319794113,4.073202973,3.671049465,9.319794113,-4.073202973,3.671049465
388,8.169520022,7.073079013,3.735789075,8.169520022,-7.073079013,3.735789075
389,9.096240444,6.590278144,1.384447226,9.096240444,-6.590278144,1.384447226
390,9.186721988,4.774418945,4.716664922,9.186721988,-4.774418945,4.716664922
391,8.600977253,6.000107169,1.989444041,8.600977253,-6.000107169,1.989444041
392,8.963441747,7.700993992,0.2614776353,8.963441747,-7.700993992,0.2614776353
393,8.881018488,5.153830431,1.777178941,8.881018488,-5.153830431,1.777178941
394,8.789295132,5.78060041,2.875963782,8.789295132,-5.78060041,2.875963782
395,8.564917091,5.956949793,0.3955459408,8.564917091,-5.956949793,0.3955459408
396,9.028466867,4.848214066,1.119327192,9.028466867,-4.848214066,1.119327192
397,8.067609921,7.338774368,0.1430274631,8.067609921,-7.338774368,0.1430274631
398,9.464807545,6.900359108,0.1618693065,9.464807545,-6.900359108,0.1618693065
399,8.801186304,5.512462292,3.528970954,8.801186304,-5.512462292,3.528970954
400,8.371616127,7.659821163,4.754818905,8.371616127,-7.659821163,4.754818905
401,9.110226419,6.176929374,0.4367728079,9.110226419,-6.176929374,0.4367728079
402,9.496559301,6.092645937,3.794446406,9.496559301,-6.092645937,3.794446406
403,8.48401062,7.436120526,2.652313938,8.48401062,-7.436120526,2.652313938
404,8.846247468,4.570467687,0.6237378066,8.846247468,-4.570467687,0.6237378066
405,9.291544255,4.397126933,0.07922726076,9.291544255,-4.397126933,0.07922726076
406,8.710018422,6.032909492,3.585324877,8.710018422,-6.032909492,3.585324877
407,9.442482805,4.832171693,0.1483424481,9.442482805,-4.832171693,0.1483424481
408,9.147613052,5.234118486,1.401264936,9.147613052,-5.234118486,1.401264936
409,9.757454317,6.938854362,1.874733133,9.757454317,-6.938854362,1.874733133
410,8.95605358,6.723986118,4.256475628,8.95605358,-6.723986118,4.256475628
411,9.850964581,6.909024323,3.746599608,9.850964581,-6.909024323,3.746599608
412,8.608795405,7.700272752,4.066634698,8.608795405,-7.700272752,4.066634698
413,9.561312387,7.332525229,4.310794996,9.561312387,-7.332525229,4.310794996
414,8.913008934,4.667248917,1.147263888,8.913008934,-4.667248917,1.147263888
415,9.633243145,7.843598724,0.5058146404,9.633243145,-7.843598724,0.5058146404
416,8.152795927,5.656610892,0.2132417639,8.152795927,-5.656610892,0.2132417639
417,8.855202158,7.103237355,2.680794486,8.855202158,-7.103237355,2.680794486
418,9.677652527,7.626855815,4.437493082,9.677652527,-7.626855815,4.437493082
419,8.215024854,7.251012156,0.9154311934,8.215024854,-7.251012156,0.9154311934
420,9.563190779,7.890043835,3.810058789,9.563190779,-7.890043835,3.810058789
421,9.062988718,5.218158893,2.948275974,9.062988718,-5.218158893,2.948275974
422,8.827920631,7.66446252,4.655759495,8.827920631,-7.66446252,4.655759495
423,9.612864084,5.445756084,3.347730493,9.612864084,-5.445756084,3.347730493
424,8.354909433,5.075174517,3.297450111,8.354909433,-5.075174517,3.297450111
425,9.37970617,7.085966477,1.780079294,9.37970617,-7.085966477,1.780079294
426,8.165771319,4.391301567,3.165286229,8.165771319,-4.391301567,3.165286229
427,9.01364156,7.981305331,3.491439222,9.01364156,-7.981305331,3.491439222
428,8.958331189,7.581211268,4.338948029,8.958331189,-7.581211268,4.338948029
429,8.264088281,5.730038779,4.715634442,8.264088281,-5.730038779,4.715634442
430,8.186350558,7.279056671,0.5235054481,8.186350558,-7.279056671,0.5235054481
431,8.977220648,5.880876888,2.328375089,8.977220648,-5.880876888,2.328375089
432,9.674036448,4.195403104,4.770279013,9.674036448,-4.195403104,4.770279013
433,9.725817021,5.495390922,0.01102530589,9.725817021,-5.495390922,0.01102530589
434,8.470065103,6.39049528,3.097014388,8.470065103,-6.39049528,3.097014388
435,8.185927651,6.522840988,4.676599618,8.185927651,-6.522840988,4.676599618
436,8.912189959,7.493101868,4.287909398,8.912189959,-7.493101868,4.287909398
437,9.156328844,7.012616675,3.298963174,9.156328844,-7.012616675,3.298963174
438,9.657047225,5.035351777,4.080126201,9.657047225,-5.035351777,4.080126201
439,9.268015946,7.320066035,3.316708625,9.268015946,-7.320066035,3.316708625
440,9.599672949,5.041582757,3.201601177,9.599672949,-5.041582757,3.201601177
441,8.211785545,7.130386322,2.839605172,8.211785545,-7.130386322,2.839605172
442,9.438886744,7.626486695,4.113092231,9.438886744,-7.626486695,4.113092231
443,8.63829055,6.133260525,1.242308068,8.63829055,-6.133260525,1.242308068
444,9.319723621,6.706789528,2.1389509,9.319723621,-6.706789528,2.1389509
445,8.829080547,5.141328542,1.802188624,8.829080547,-5.141328542,1.802188624
446,8.090396172,7.405876306,4.025173486,8.090396172,-7.405876306,4.025173486
447,8.52758509,4.784157183,1.631383686,8.52758509,-4.784157183,1.631383686
448,9.742983627,7.039200247,2.934605484,9.742983627,-7.039200247,2.934605484
449,8.840517887,6.864407547,2.71374252,8.840517887,-6.864407547,2.71374252
450,8.464566314,5.729520818,2.838087753,8.464566314,-5.729520818,2.838087753
451,9.413798767,5.085165396,1.722191102,9.413798767,-5.085165396,1.722191102
452,8.21549129,4.047041631,0.06282965516,8.21549129,-4.047041631,0.06282965516
453,9.850067303,5.010186992,4.93867604,9.850067303,-5.010186992,4.93867604
454,9.086758674,5.244888211,3.056964904,9.086758674,-5.244888211,3.056964904
455,9.920715674,4.477898618,2.895451736,9.920715674,-4.477898618,2.895451736
456,8.988300665,7.622109405,1.879324094,8.988300665,-7.622109405,1.879324094
457,8.043863058,7.743652247,3.811833396,8.043863058,-7.743652247,3.811833396
458,9.009574169,5.564044213,2.448790348,9.009574169,-5.564044213,2.448790348
459,8.91684676,6.673765689,4.914060025,8.91684676,-6.673765689,4.914060025
460,9.505048337,4.465486676,1.62667109,9.505048337,-4.465486676,1.62667109
461,8.429881194,7.472547459,4.837642652,8.429881194,-7.472547459,4.837642652
462,9.427724979,7.930147985,1.962420683,9.427724979,-7.930147985,1.962420683
463,9.02504713,7.615595513,2.452165966,9.02504713,-7.615595513,2.452165966
464,8.407928246,5.567480083,4.627509007,8.407928246,-5.567480083,4.627509007
465,8.636494987,4.627460405,3.189277017,8.636494987,-4.627460405,3.189277017
466,9.702630339,4.894526259,3.179606068,9.702630339,-4.894526259,3.179606068
467,8.044679984,6.630046156,1.757414555,8.044679984,-6.630046156,1.757414555
468,8.479177453,7.12812691,0.3405171453,8.479177453,-7.12812691,0.3405171453
469,9.846872995,6.563173219,2.594283216,9.846872995,-6.563173219,2.594283216
470,8.409345244,4.166069011,0.7030558478,8.409345244,-4.166069011,0.7030558478
471,8.89161209,6.816330991,4.533286962,8.89161209,-6.816330991,4.533286962
472,9.604315168,6.26165649,0.9865148423,9.604315168,-6.26165649,0.9865148423
473,9.705952226,5.699076092,3.576923696,9.705952226,-5.699076092,3.576923696
474,9.293822686,4.564219938,0.1854351995,9.293822686,-4.564219938,0.1854351995
475,9.577342596,7.517574658,4.902901279,9.577342596,-7.517574658,4.902901279
476,8.025018399,4.910322123,2.265458487,8.025018399,-4.910322123,2.265458487
477,9.108981227,7.629723857,3.94251629,9.108981227,-7.629723857,3.94251629
478,9.616400784,6.401369574,1.282282706,9.616400784,-6.401369574,1.282282706
479,8.477081473,7.146893634,3.621296552,8.477081473,-7.146893634,3.621296552
480,8.643658116,5.100047657,1.27984502,8.643658116,-5.100047657,1.27984502
481,9.665396943,5.174894654,4.335345061,9.665396943,-5.174894654,4.335345061
482,8.257796352,6.639986114,1.672189418,8.257796352,-6.639986114,1.672189418
483,8.677610841,6.691078599,1.540135168,8.677610841,-6.691078599,1.540135168
484,8.948160385,6.00236913,2.156007758,8.948160385,-6.00236913,2.156007758
485,9.329062008,6.201793377,3.679255252,9.329062008,-6.201793377,3.679255252
486,9.176777392,4.814352253,3.429181759,9.176777392,-4.814352253,3.429181759
487,8.549276461,4.890533709,1.696927041,8.549276461,-4.890533709,1.696927041
488,8.244998088,6.224176884,1.012016141,8.244998088,-6.224176884,1.012016141
489,8.195656395,5.540321956,3.318833189,8.195656395,-5.540321956,3.318833189
490,8.334077122,4.976308787,1.45510407,8.334077122,-4.976308787,1.45510407
491,9.852474129,5.394913598,1.300287666,9.852474129,-5.394913598,1.300287666
492,8.319758322,5.328801723,3.859369281,8.319758322,-5.328801723,3.859369281
493,8.790282655,4.425621278,4.719112561,8.790282655,-4.425621278,4.719112561
494,9.035003994,5.818934287,0.3838944937,9.035003994,-5.818934287,0.3838944937
495,9.667509456,6.119675541,1.313411289,9.667509456,-6.119675541,1.313411289
496,9.388872507,6.799013605,3.745397189,9.388872507,-6.799013605,3.745397189
497,9.303108975,4.640369362,3.653035811,9.303108975,-4.640369362,3.653035811
498,9.793590831,5.651623355,1.355002498,9.793590831,-5.651623355,1.355002498
499,8.227726571,7.579549854,2.299850439,8.227726571,-7.579549854,2.299850439
500,8.26273625,6.484536556,1.944262734,8.26273625,-6.484536556,1.944262734
501,8.178140965,6.892603059,3.908441224,8.178140965,-6.892603059,3.908441224
502,8.284018854,7.044556294,3.319797457,8.284018854,-7.044556294,3.319797457
503,9.339316543,4.150709296,0.6888604235,9.339316543,-4.150709296,0.6888604235
504,8.009585684,6.033714247,2.286681447,8.009585684,-6.033714247,2.286681447
505,8.219977607,7.953110516,0.6801315907,8.219977607,-7.953110516,0.6801315907
506,8.720441758,7.730085295,0.09266756924,8.720441758,-7.730085295,0.09266756924
507,9.48723102,6.014201278,4.641978719,9.48723102,-6.014201278,4.641978719
508,8.091140282,7.89098948,2.78195572,8.091140282,-7.89098948,2.78195572
509,9.95567327,6.689724155,2.977622233,9.95567327,-6.689724155,2.977622233
510,8.094225675,5.743091711,4.187611864,8.094225675,-5.743091711,4.187611864
511,9.955144168,7.958988183,3.258175208,9.955144168,-7.958988183,3.258175208
512,8.935159444,7.14889586,4.530643905,8.935159444,-7.14889586,4.530643905
513,9.373592858,7.374123982,0.5754549615,9.373592858,-7.374123982,0.5754549615
514,9.098012294,7.801902789,1.591478533,9.098012294,-7.801902789,1.591478533
515,9.328419018,6.273721382,1.941822171,9.328419018,-6.273721382,1.941822171
516,9.21670318,7.8752878,4.55216227,9.21670318,-7.8752878,4.55216227
517,8.358413133,5.500043093,4.260501614,8.358413133,-5.500043093,4.260501614
518,8.278902191,6.575884051,3.016605181,8.278902191,-6.575884051,3.016605181
519,9.602552614,6.632155649,0.3758973025,9.602552614,-6.632155649,0.3758973025
520,9.739027405,5.493568103,1.55884493,9.739027405,-5.493568103,1.55884493
521,9.151188209,4.840047846,3.389473075,9.151188209,-4.840047846,3.389473075
522,8.988446304,4.755359206,1.848466914,8.988446304,-4.755359206,1.848466914
523,9.785588066,4.177893223,2.692248075,9.785588066,-4.177893223,2.692248075
524,8.73668346,4.375703269,1.896463205,8.73668346,-4.375703269,1.896463205
525,8.985663866,4.581347885,2.059885193,8.985663866,-4.581347885,2.059885193
526,8.035024242,7.73403553,1.958041306,8.035024242,-7.73403553,1.958041306
527,8.361498006,7.939927503,2.111406773,8.361498006,-7.939927503,2.111406773
528,9.667534803,5.014847989,1.840931745,9.667534803,-5.014847989,1.840931745
529,9.686790037,4.119369882,4.519024837,9.686790037,-4.119369882,4.519024837
530,8.594578847,6.233649408,4.783949847,8.594578847,-6.233649408,4.783949847
531,8.27255961,5.261235651,4.536364633,8.27255961,-5.261235651,4.536364633
532,8.117041544,5.976430528,2.191905137,8.117041544,-5.976430528,2.191905137
533,9.464646758,4.451112385,1.787997155,9.464646758,-4.451112385,1.787997155
534,9.898566652,5.345072742,4.606036105,9.898566652,-5.345072742,4.606036105
535,9.182256537,6.098454483,2.327871958,9.182256537,-6.098454483,2.327871958
536,9.307306394,6.283583781,1.636197841,9.307306394,-6.283583781,1.636197841
537,8.396764952,7.098579842,4.861724685,8.396764952,-7.098579842,4.861724685
538,8.493374659,7.229656232,3.729896441,8.493374659,-7.229656232,3.729896441
539,9.696259644,7.851452223,0.7632495447,9.696259644,-7.851452223,0.7632495447
540,9.885015089,7.974836553,1.667432885,9.885015089,-7.974836553,1.667432885
541,9.164087975,4.105874625,0.260807271,9.164087975,-4.105874625,0.260807271
542,8.45334484,5.119114756,0.3809735396,8.45334484,-5.119114756,0.3809735396
543,8.947552463,6.807389465,0.4863582578,8.947552463,-6.807389465,0.4863582578
544,9.156544933,6.279011102,2.94305438,9.156544933,-6.279011102,2.94305438
545,8.490586772,7.891807197,1.157440832,8.490586772,-7.891807197,1.157440832
546,8.829937922,4.271791092,1.467183161,8.829937922,-4.271791092,1.467183161
547,8.49278493,4.33464864,4.593289665,8.49278493,-4.33464864,4.593289665
548,9.745156487,4.184305431,0.8358143404,9.745156487,-4.184305431,0.8358143404
549,8.433806157,7.603166089,1.775134603,8.433806157,-7.603166089,1.775134603
550,9.832458629,7.187667625,0.01063869321,9.832458629,-7.187667625,0.01063869321
551,9.820452751,6.637785071,3.866501534,9.820452751,-6.637785071,3.866501534
552,9.76432309,7.135567792,1.594070698,9.76432309,-7.135567792,1.594070698
553,8.18338562,7.102071092,4.270750736,8.18338562,-7.102071092,4.270750736
554,8.76115593,5.654023774,2.971894085,8.76115593,-5.654023774,2.971894085
555,9.937516698,4.185441946,3.069540295,9.937516698,-4.185441946,3.069540295
556,8.032894549,6.175804479,4.963710461,8.032894549,-6.175804479,4.963710461
557,8.346863939,6.834113016,0.8474337991,8.346863939,-6.834113016,0.8474337991
558,8.551401051,7.088171174,4.394225398,8.551401051,-7.088171174,4.394225398
559,9.479590866,4.848946106,0.1451529408,9.479590866,-4.848946106,0.1451529408
560,8.601930777,4.054991869,4.344238955,8.601930777,-4.054991869,4.344238955
561,8.83684208,5.562265957,4.418283711,8.83684208,-5.562265957,4.418283711
562,9.938038729,7.163227295,1.280823539,9.938038729,-7.163227295,1.280823539
563,8.580845112,7.34008731,3.621507049,8.580845112,-7.34008731,3.621507049
564,8.919683201,6.661295099,1.552549894,8.919683201,-6.661295099,1.552549894
565,8.420844973,6.314838011,3.743168171,8.420844973,-6.314838011,3.743168171
566,8.711894889,4.847422271,0.3843723516,8.711894889,-4.847422271,0.3843723516
567,9.343282167,6.712362307,1.52440092,9.343282167,-6.712362307,1.52440092
568,9.330340829,7.586827476,0.05012209842,9.330340829,-7.586827476,0.05012209842
569,8.754988059,5.884009051,3.594853394,8.754988059,-5.884009051,3.594853394
570,8.315818025,7.756961511,3.136336417,8.315818025,-7.756961511,3.136336417
571,8.161066139,5.490747803,2.61775954,8.161066139,-5.490747803,2.61775954
572,8.283799721,4.722115311,3.05286191,8.283799721,-4.722115311,3.05286191
573,8.294819824,4.824784159,2.17567951,8.294819824,-4.824784159,2.17567951
574,9.115519056,7.117000956,3.272386673,9.115519056,-7.117000956,3.272386673
575,8.384093371,6.420846215,2.85037737,8.384093371,-6.420846215,2.85037737
576,9.627855064,4.480464518,1.287537028,9.627855064,-4.480464518,1.287537028
577,9.861478024,7.142473382,1.702288693,9.861478024,-7.142473382,1.702288693
578,9.080866994,4.64482178,2.32074239,9.080866994,-4.64482178,2.32074239
579,9.846014264,5.879031362,1.473781454,9.846014264,-5.879031362,1.473781454
580,9.660854549,7.585457377,4.28472631,9.660854549,-7.585457377,4.28472631
581,9.838562395,5.720088928,3.803457155,9.838562395,-5.720088928,3.803457155
582,8.326187764,4.313822411,2.011808357,8.326187764,-4.313822411,2.011808357
583,8.6354285,6.661000554,2.414253527,8.6354285,-6.661000554,2.414253527
584,8.241994103,6.311836134,4.005433794,8.241994103,-6.311836134,4.005433794
585,8.98489176,7.025333137,4.134869384,8.98489176,-7.025333137,4.134869384
586,9.983503985,4.226476944,4.84034097,9.983503985,-4.226476944,4.84034097
587,8.154992627,5.166920912,2.131463594,8.154992627,-5.166920912,2.131463594
588,8.188076016,4.652066424,0.2869944519,8.188076016,-4.652066424,0.2869944519
589,8.670580365,4.750131462,0.4047146577,8.670580365,-4.750131462,0.4047146577
590,8.220544426,5.71894177,4.465474251,8.220544426,-5.71894177,4.465474251
591,8.991694317,4.927141635,0.3768315696,8.991694317,-4.927141635,0.3768315696
592,8.42969194,4.087899177,4.063623282,8.42969194,-4.087899177,4.063623282
593,9.978632547,6.773944729,4.825270327,9.978632547,-6.773944729,4.825270327
594,8.865742531,6.339521166,1.369292715,8.865742531,-6.339521166,1.369292715
595,8.412563735,5.963220974,4.976646438,8.412563735,-5.963220974,4.976646438
596,8.956431344,6.478284705,1.567938321,8.956431344,-6.478284705,1.567938321
597,8.561521307,5.205378909,0.8581804069,8.561521307,-5.205378909,0.8581804069
598,9.065333357,4.487735429,1.211236166,9.065333357,-4.487735429,1.211236166
599,8.403606857,5.65480187,1.008139372,8.403606857,-5.65480187,1.008139372
600,9.449859581,4.032023275,0.7520120122,9.449859581,-4.032023275,0.7520120122
601,9.401981972,7.244889019,0.004923785942,9.401981972,-7.244889019,0.004923785942
602,9.673050203,4.270266179,3.613474177,9.673050203,-4.270266179,3.613474177
603,8.085762985,5.583648249,3.511117789,8.085762985,-5.583648249,3.511117789
604,8.684647689,6.41556611,4.979984878,8.684647689,-6.41556611,4.979984878
605,8.699517024,7.224656383,2.30900687,8.699517024,-7.224656383,2.30900687
606,9.660811334,5.524584415,2.69149097,9.660811334,-5.524584415,2.69149097
607,8.070202457,6.251938077,1.183433728,8.070202457,-6.251938077,1.183433728
608,8.272378794,4.753413425,3.638999532,8.272378794,-4.753413425,3.638999532
609,8.988874795,5.420000481,4.182703637,8.988874795,-5.420000481,4.182703637
610,9.739178796,7.980597524,2.504470864,9.739178796,-7.980597524,2.504470864
611,8.856297627,7.622688467,1.345473301,8.856297627,-7.622688467,1.345473301
612,8.129194765,7.610587456,4.691190784,8.129194765,-7.610587456,4.691190784
613,8.294029524,7.08996573,4.148706553,8.294029524,-7.08996573,4.148706553
614,8.589261862,6.175184858,0.7416766261,8.589261862,-6.175184858,0.7416766261
615,8.729115172,6.105969589,3.827018085,8.729115172,-6.105969589,3.827018085
616,8.167589201,5.003689512,0.3466943788,8.167589201,-5.003689512,0.3466943788
617,8.630956185,5.693007281,1.095838832,8.630956185,-5.693007281,1.095838832
618,9.633127946,7.004019836,2.383866448,9.633127946,-7.004019836,2.383866448
619,8.779293273,7.915346964,3.329243547,8.779293273,-7.915346964,3.329243547
620,9.144291848,7.069079285,3.976113352,9.144291848,-7.069079285,3.976113352
621,9.494759815,7.336978521,0.68801968,9.494759815,-7.336978521,0.68801968
622,9.107674301,4.689610079,1.782892823,9.107674301,-4.689610079,1.782892823
623,9.646683342,4.644771189,1.24528237,9.646683342,-4.644771189,1.24528237
624,9.340331089,4.223750549,4.100605545,9.340331089,-4.223750549,4.100605545
625,8.101483071,5.260907639,3.636962011,8.101483071,-5.260907639,3.636962011
626,9.357305578,6.464017319,1.587983591,9.357305578,-6.464017319,1.587983591
627,8.380151129,7.466915886,3.88469723,8.380151129,-7.466915886,3.88469723
628,8.806001845,5.486503087,4.79873638,8.806001845,-5.486503087,4.79873638
629,8.102183122,7.509327342,4.651620465,8.102183122,-7.509327342,4.651620465
630,8.723650742,4.409249923,0.2138010863,8.723650742,-4.409249923,0.2138010863
631,8.409447897,7.529746716,4.540369144,8.409447897,-7.529746716,4.540369144
632,9.272606146,7.084046332,1.151464423,9.272606146,-7.084046332,1.151464423
633,8.246633434,5.948207878,3.011199786,8.246633434,-5.948207878,3.011199786
634,9.185946648,6.667853117,1.093232328,9.185946648,-6.667853117,1.093232328
635,9.04107793,5.928884583,1.860722995,9.04107793,-5.928884583,1.860722995
636,9.514474786,4.548699138,3.410103676,9.514474786,-4.548699138,3.410103676
637,8.046272274,6.384821122,4.873567682,8.046272274,-6.384821122,4.873567682
638,8.993602587,6.630751926,1.786960511,8.993602587,-6.630751926,1.786960511
639,9.118604435,5.059107385,1.545874505,9.118604435,-5.059107385,1.545874505
640,8.938919275,4.221382079,4.41683575,8.938919275,-4.221382079,4.41683575
641,8.870784866,5.792146389,3.627210774,8.870784866,-5.792146389,3.627210774
642,9.932853613,5.728933804,4.132222605,9.932853613,-5.728933804,4.132222605
643,8.528851042,6.199117291,2.4731997,8.528851042,-6.199117291,2.4731997
644,8.488403043,6.405629638,1.433319207,8.488403043,-6.405629638,1.433319207
645,8.109972336,7.501709671,2.822406522,8.109972336,-7.501709671,2.822406522
646,9.582300056,6.100089616,3.004756668,9.582300056,-6.100089616,3.004756668
647,9.088972304,7.859479729,1.975988017,9.088972304,-7.859479729,1.975988017
648,9.558362998,6.375381822,0.940170868,9.558362998,-6.375381822,0.940170868
649,9.042325599,4.71702927,1.476077185,9.042325599,-4.71702927,1.476077185
650,9.937520266,5.670862149,0.9407976493,9.937520266,-5.670862149,0.9407976493
651,9.015381839,5.724423453,3.148258664,9.015381839,-5.724423453,3.148258664
652,8.565751073,7.021343326,3.158569695,8.565751073,-7.021343326,3.158569695
653,9.873988569,4.813121295,3.834827096,9.873988569,-4.813121295,3.834827096
654,9.122836536,4.089882327,3.820078137,9.122836536,-4.089882327,3.820078137
655,8.654042493,5.943969926,4.729479544,8.654042493,-5.943969926,4.729479544
656,9.047508227,6.127734758,2.014962304,9.047508227,-6.127734758,2.014962304
657,8.046560052,7.625801829,0.001957360328,8.046560052,-7.625801829,0.001957360328
658,8.558702178,7.466305821,4.046144029,8.558702178,-7.466305821,4.046144029
659,9.442638877,7.08364565,1.334846089,9.442638877,-7.08364565,1.334846089
660,8.72482225,4.10328475,1.020823931,8.72482225,-4.10328475,1.020823931
661,8.359450197,6.297799891,0.1867872232,8.359450197,-6.297799891,0.1867872232
662,9.916070496,7.013092469,2.176898252,9.916070496,-7.013092469,2.176898252
663,9.178667251,6.214806589,3.539938244,9.178667251,-6.214806589,3.539938244
664,9.838162517,6.447349846,1.071654125,9.838162517,-6.447349846,1.071654125
665,9.712271725,5.236982149,3.718404427,9.712271725,-5.236982149,3.718404427
666,8.464495767,5.463804174,0.7561333397,8.464495767,-5.463804174,0.7561333397
667,8.583494611,5.429390332,3.602990193,8.583494611,-5.429390332,3.602990193
668,9.239724751,5.314075283,2.482868324,9.239724751,-5.314075283,2.482868324
669,9.345013172,6.355265522,4.381003254,9.345013172,-6.355265522,4.381003254
670,8.008607314,7.526224526,0.1759180511,8.008607314,-7.526224526,0.1759180511
671,8.880953742,4.488689998,3.413669942,8.880953742,-4.488689998,3.413669942
672,8.224059544,4.24454365,0.6749648089,8.224059544,-4.24454365,0.6749648089
673,9.338505951,5.99508024,1.074257603,9.338505951,-5.99508024,1.074257603
674,9.507988711,4.655640472,0.7600551443,9.507988711,-4.655640472,0.7600551443
675,9.650056659,7.366525513,1.594180812,9.650056659,-7.366525513,1.594180812
676,8.884299669,7.468889154,2.796331874,8.884299669,-7.468889154,2.796331874
677,9.834963318,6.8135239,2.27971875,9.834963318,-6.8135239,2.27971875
678,8.688383923,6.075150801,2.900426107,8.688383923,-6.075150801,2.900426107
679,8.564924412,5.122970417,1.546660337,8.564924412,-5.122970417,1.546660337
680,9.900541167,6.137385959,1.229279145,9.900541167,-6.137385959,1.229279145
681,8.948134491,5.382629039,4.323012702,8.948134491,-5.382629039,4.323012702
682,9.477544139,5.239903186,3.000893826,9.477544139,-5.239903186,3.000893826
683,9.80104761,4.845571611,1.640266884,9.80104761,-4.845571611,1.640266884
684,8.098573442,6.421550489,4.363358634,8.098573442,-6.421550489,4.363358634
685,8.654883238,7.377449817,1.961653723,8.654883238,-7.377449817,1.961653723
686,9.936918249,7.836689533,2.18753224,9.936918249,-7.836689533,2.18753224
687,9.865506318,6.320782329,2.662008129,9.865506318,-6.320782329,2.662008129
688,8.861295854,6.633329435,0.2397653315,8.861295854,-6.633329435,0.2397653315
689,9.094765323,7.961951309,0.399578037,9.094765323,-7.961951309,0.399578037
690,9.51078128,7.929861657,2.22930723,9.51078128,-7.929861657,2.22930723
691,8.39979485,4.649109693,1.11727804,8.39979485,-4.649109693,1.11727804
692,8.531796994,6.342475785,4.671583409,8.531796994,-6.342475785,4.671583409
693,8.65144537,7.345969213,0.4320428428,8.65144537,-7.345969213,0.4320428428
694,8.877286267,7.009059949,3.879930531,8.877286267,-7.009059949,3.879930531
695,9.10741208,6.193258015,4.959236763,9.10741208,-6.193258015,4.959236763
696,9.316214659,7.929246689,2.226873233,9.316214659,-7.929246689,2.226873233
697,9.94955925,6.474788071,3.058321418,9.94955925,-6.474788071,3.058321418
698,8.461314334,6.463781145,1.899463886,8.461314334,-6.463781145,1.899463886
699,8.374393235,7.049332425,0.8505770244,8.374393235,-7.049332425,0.8505770244
700,9.876134741,6.091587671,1.025066887,9.876134741,-6.091587671,1.025066887
701,8.472893061,5.426165304,1.564668427,8.472893061,-5.426165304,1.564668427
702,8.756889226,7.404338476,3.343349112,8.756889226,-7.404338476,3.343349112
703,8.379475206,5.656946694,4.116889266,8.379475206,-5.656946694,4.116889266
704,8.794428111,5.533000952,0.641870443,8.794428111,-5.533000952,0.641870443
705,8.894516585,7.327913766,2.776315064,8.894516585,-7.327913766,2.776315064
706,9.0073135,6.768302906,1.316893822,9.0073135,-6.768302906,1.316893822
707,9.531603226,4.214862086,4.137748752,9.531603226,-4.214862086,4.137748752
708,9.40506494,5.389323501,1.543846095,9.40506494,-5.389323501,1.543846095
709,8.406773175,5.472433066,4.904794207,8.406773175,-5.472433066,4.904794207
710,8.504073125,5.296042981,0.2848416832,8.504073125,-5.296042981,0.2848416832
711,9.926001481,5.244563402,4.039812996,9.926001481,-5.244563402,4.039812996
712,9.0965864,4.909674981,4.381071862,9.0965864,-4.909674981,4.381071862
713,8.348795693,4.7928621,2.17568507,8.348795693,-4.7928621,2.17568507
714,8.790949002,5.228512901,1.198509952,8.790949002,-5.228512901,1.198509952
715,9.176046846,5.944961868,4.20563254,9.176046846,-5.944961868,4.20563254
716,8.130555015,6.488865334,3.154757936,8.130555015,-6.488865334,3.154757936
717,9.25148151,4.978808314,1.211905767,9.25148151,-4.978808314,1.211905767
718,9.39766353,5.474968676,0.1570775057,9.39766353,-5.474968676,0.1570775057
719,8.456699977,5.907193366,4.292540819,8.456699977,-5.907193366,4.292540819
720,8.2604449,7.355582885,2.746419768,8.2604449,-7.355582885,2.746419768
721,8.054626714,7.247888156,0.9689699003,8.054626714,-7.247888156,0.9689699003
722,8.377781881,7.517825834,3.054956417,8.377781881,-7.517825834,3.054956417
723,9.886263896,5.309264321,3.167903809,9.886263896,-5.309264321,3.167903809
724,9.993073455,4.052715647,3.546189417,9.993073455,-4.052715647,3.546189417
725,9.698184983,4.152594865,1.871164912,9.698184983,-4.152594865,1.871164912
726,9.888477667,6.466400162,0.6837865866,9.888477667,-6.466400162,0.6837865866
727,8.476755382,4.886076149,0.4101745882,8.476755382,-4.886076149,0.4101745882
728,9.203818228,4.303190261,3.950069675,9.203818228,-4.303190261,3.950069675
729,8.549381946,7.790292824,0.6813965822,8.549381946,-7.790292824,0.6813965822
730,8.325163351,6.440807541,4.055438816,8.325163351,-6.440807541,4.055438816
731,8.799191155,5.771142524,1.79961079,8.799191155,-5.771142524,1.79961079
732,8.998501077,4.936742854,0.3094136142,8.998501077,-4.936742854,0.3094136142
733,8.199681568,6.397416036,0.5524840324,8.199681568,-6.397416036,0.5524840324
734,8.111876844,7.861826557,3.291515944,8.111876844,-7.861826557,3.291515944
735,8.238604607,6.732094574,4.528177657,8.238604607,-6.732094574,4.528177657
736,9.208964633,4.260067971,3.5106396,9.208964633,-4.260067971,3.5106396
737,9.050366592,4.54723244,0.6539794279,9.050366592,-4.54723244,0.6539794279
738,8.148705591,6.242063129,0.2851953616,8.148705591,-6.242063129,0.2851953616
739,9.254626911,4.372848542,0.6950739691,9.254626911,-4.372848542,0.6950739691
740,9.716004542,4.584823994,1.739165719,9.716004542,-4.584823994,1.739165719
741,9.802761606,6.033814504,1.746124843,9.802761606,-6.033814504,1.746124843
742,8.130421092,5.718282944,0.4828524326,8.130421092,-5.718282944,0.4828524326
743,8.416979651,6.551094768,0.02248148933,8.416979651,-6.551094768,0.02248148933
744,8.912463776,5.585003275,0.138777542,8.912463776,-5.585003275,0.138777542
745,9.478891096,5.013140126,3.081346858,9.478891096,-5.013140126,3.081346858
746,8.475886195,5.834313494,2.555761605,8.475886195,-5.834313494,2.555761605
747,8.151243209,6.560545133,4.625552441,8.151243209,-6.560545133,4.625552441
748,9.050933854,7.737206724,0.01611621376,9.050933854,-7.737206724,0.01611621376
749,8.92063259,4.085526548,2.053730977,8.92063259,-4.085526548,2.053730977
750,8.44568917,6.97844387,1.436269631,8.44568917,-6.97844387,1.436269631
751,8.108780071,7.553159904,0.1013143428,8.108780071,-7.553159904,0.1013143428
752,9.964650059,5.304394961,2.959704157,9.964650059,-5.304394961,2.959704157
753,8.850188763,5.741884012,1.088204535,8.850188763,-5.741884012,1.088204535
754,8.175848901,6.398786806,0.178188046,8.175848901,-6.398786806,0.178188046
755,8.865708538,5.22735415,3.163085466,8.865708538,-5.22735415,3.163085466
756,9.706807243,6.155717828,3.743897436,9.706807243,-6.155717828,3.743897436
757,9.521969682,5.959554789,1.363697866,9.521969682,-5.959554789,1.363697866
758,9.818325746,6.864593841,4.367754969,9.818325746,-6.864593841,4.367754969
759,9.259336651,7.98396545,1.540157127,9.259336651,-7.98396545,1.540157127
760,9.022664216,7.172056214,0.1703868246,9.022664216,-7.172056214,0.1703868246
761,8.755740246,7.721785828,0.09833991444,8.755740246,-7.721785828,0.09833991444
762,8.754463442,5.811049473,4.359365083,8.754463442,-5.811049473,4.359365083
763,8.086483593,5.552548366,1.886914689,8.086483593,-5.552548366,1.886914689
764,8.250444934,7.068942024,3.063339041,8.250444934,-7.068942024,3.063339041
765,8.713155076,7.848164478,2.289787709,8.713155076,-7.848164478,2.289787709
766,9.935378999,6.199599787,0.4393716547,9.935378999,-6.199599787,0.4393716547
767,9.116629393,5.516337947,1.001232646,9.116629393,-5.516337947,1.001232646
768,8.241185396,5.17555092,0.4790017439,8.241185396,-5.17555092,0.4790017439
769,9.164567839,4.761626507,4.00007339,9.164567839,-4.761626507,4.00007339
770,8.803706118,7.345401295,4.13161228,8.803706118,-7.345401295,4.13161228
771,9.413851814,6.215010249,4.738892238,9.413851814,-6.215010249,4.738892238
772,9.194315431,7.04049704,1.816570154,9.194315431,-7.04049704,1.816570154
773,8.190267844,7.680929373,2.501895173,8.190267844,-7.680929373,2.501895173
774,8.963990498,6.608010414,0.2499144594,8.963990498,-6.608010414,0.2499144594
775,8.815021899,4.180145496,2.628935255,8.815021899,-4.180145496,2.628935255
776,8.924906578,7.692187798,4.924339097,8.924906578,-7.692187798,4.924339097
777,8.270062157,7.215762905,3.86206535,8.270062157,-7.215762905,3.86206535
778,9.794424537,7.110960303,3.975688227,9.794424537,-7.110960303,3.975688227
779,9.077748498,4.559083724,4.344282574,9.077748498,-4.559083724,4.344282574
780,9.010155542,6.96352856,2.483642652,9.010155542,-6.96352856,2.483642652
781,8.537387805,5.454950983,0.8278700795,8.537387805,-5.454950983,0.8278700795
782,8.53050016,6.550407803,0.1928125241,8.53050016,-6.550407803,0.1928125241
783,8.690075094,5.908641775,1.86260625,8.690075094,-5.908641775,1.86260625
784,9.506815653,4.497798614,2.92280871,9.506815653,-4.497798614,2.92280871
785,8.608903265,4.376480949,3.203381541,8.608903265,-4.376480949,3.203381541
786,9.001548757,5.672561728,3.547376673,9.001548757,-5.672561728,3.547376673
787,9.624949649,6.290943074,3.364363797,9.624949649,-6.290943074,3.364363797
788,8.487927944,4.884551616,0.8643327838,8.487927944,-4.884551616,0.8643327838
789,9.847774967,6.771376107,4.25530412,9.847774967,-6.771376107,4.25530412
790,9.164028772,6.144135196,2.216437622,9.164028772,-6.144135196,2.216437622
791,9.426002447,5.779391558,1.658062009,9.426002447,-5.779391558,1.658062009
792,9.516344561,7.831423339,2.640702327,9.516344561,-7.831423339,2.640702327
793,8.178639377,5.86170982,0.07172630724,8.178639377,-5.86170982,0.07172630724
794,9.850810732,6.309597092,1.16780583,9.850810732,-6.309597092,1.16780583
795,9.927184058,5.283604946,1.197234306,9.927184058,-5.283604946,1.197234306
796,8.354177808,4.359762234,3.727778013,8.354177808,-4.359762234,3.727778013
797,8.644487606,4.406339585,4.212186021,8.644487606,-4.406339585,4.212186021
798,9.743600774,5.723527794,1.771974212,9.743600774,-5.723527794,1.771974212
799,8.637329278,7.027900062,3.559280829,8.637329278,-7.027900062,3.559280829
800,9.701449062,7.719029441,2.039367944,9.701449062,-7.719029441,2.039367944
801,9.780484754,7.32622275,2.433748214,9.780484754,-7.32622275,2.433748214
802,8.476035542,7.365916891,3.987656946,8.476035542,-7.365916891,3.987656946
803,8.361730566,4.068707745,1.593230706,8.361730566,-4.068707745,1.593230706
804,9.563851351,5.046945009,3.902603189,9.563851351,-5.046945009,3.902603189
805,9.577001322,5.744454173,1.755333716,9.577001322,-5.744454173,1.755333716
806,8.987869079,4.092769674,4.984004975,8.987869079,-4.092769674,4.984004975
807,8.986318558,4.912073411,2.311654391,8.986318558,-4.912073411,2.311654391
808,8.968681832,6.759389462,3.190953486,8.968681832,-6.759389462,3.190953486
809,8.313900634,6.824449131,4.631324035,8.313900634,-6.824449131,4.631324035
810,9.776066239,5.143923431,3.985417746,9.776066239,-5.143923431,3.985417746
811,8.516063239,6.593183094,3.001364825,8.516063239,-6.593183094,3.001364825
812,8.179638913,7.236101314,3.530195348,8.179638913,-7.236101314,3.530195348
813,8.870391484,6.90297592,2.545508377,8.870391484,-6.90297592,2.545508377
814,9.526505365,7.424502881,2.328971716,9.526505365,-7.424502881,2.328971716
815,8.43772607,5.505633166,3.958211104,8.43772607,-5.505633166,3.958211104
816,9.305321182,4.575240792,3.712375006,9.305321182,-4.575240792,3.712375006
817,8.24952,7.153023001,3.907729058,8.24952,-7.153023001,3.907729058
818,8.760384779,4.795977607,0.2098384995,8.760384779,-4.795977607,0.2098384995
819,9.26810684,7.818945842,4.713184439,9.26810684,-7.818945842,4.713184439
820,9.252904904,7.021923144,2.453780262,9.252904904,-7.021923144,2.453780262
821,9.003641832,7.374767292,3.738116277,9.003641832,-7.374767292,3.738116277
822,9.592317845,4.757313844,2.356665205,9.592317845,-4.757313844,2.356665205
823,9.752447066,6.498612056,3.610215817,9.752447066,-6.498612056,3.610215817
824,8.347617782,7.132854773,0.4151670217,8.347617782,-7.132854773,0.4151670217
825,8.006980161,4.501192237,2.257598165,8.006980161,-4.501192237,2.257598165
826,9.47249208,5.666245626,3.926744724,9.47249208,-5.666245626,3.926744724
827,9.59366523,5.743725889,3.120464343,9.59366523,-5.743725889,3.120464343
828,8.62026722,7.821237699,4.965959455,8.62026722,-7.821237699,4.965959455
829,8.593641335,4.018183937,1.16840569,8.593641335,-4.018183937,1.16840569
830,9.873158803,7.045221041,0.2399004604,9.873158803,-7.045221041,0.2399004604
831,8.82161674,4.083053904,0.3335541484,8.82161674,-4.083053904,0.3335541484
832,9.759222291,5.133138409,1.518869845,9.759222291,-5.133138409,1.518869845
833,8.464224996,4.737215313,0.1045847177,8.464224996,-4.737215313,0.1045847177
834,8.280109142,4.536109722,4.58036536,8.280109142,-4.536109722,4.58036536
835,8.952585069,6.421167666,3.653135071,8.952585069,-6.421167666,3.653135071
836,8.029888461,6.938548009,4.387362421,8.029888461,-6.938548009,4.387362421
837,9.961432205,4.22201155,1.460064911,9.961432205,-4.22201155,1.460064911
838,9.562685067,7.712290548,2.187535765,9.562685067,-7.712290548,2.187535765
839,9.942727925,7.00204383,2.842306317,9.942727925,-7.00204383,2.842306317
840,8.083855901,6.677394221,0.02561035105,8.083855901,-6.677394221,0.02561035105
841,9.32483917,5.658867913,4.560624034,9.32483917,-5.658867913,4.560624034
842,8.821262048,5.22626867,0.7293303972,8.821262048,-5.22626867,0.7293303972
843,8.605217347,5.558322677,0.2138535631,8.605217347,-5.558322677,0.2138535631
844,9.511541557,4.882793328,1.199071161,9.511541557,-4.882793328,1.199071161
845,9.357271275,7.073575234,4.936127141,9.357271275,-7.073575234,4.936127141
846,8.149033165,7.66550246,3.00598906,8.149033165,-7.66550246,3.00598906
847,8.639327227,7.840193711,0.9409175977,8.639327227,-7.840193711,0.9409175977
848,9.23628679,6.410864019,2.10353459,9.23628679,-6.410864019,2.10353459
849,9.569977111,4.536187239,1.270706087,9.569977111,-4.536187239,1.270706087
850,8.395313145,4.00865247,1.367495461,8.395313145,-4.00865247,1.367495461
851,9.710739351,7.268659119,0.1756243928,9.710739351,-7.268659119,0.1756243928
852,9.404512532,6.138456527,1.701472403,9.404512532,-6.138456527,1.701472403
853,9.321067354,6.358148336,1.461088145,9.321067354,-6.358148336,1.461088145
854,9.980472271,4.71899526,0.3444095955,9.980472271,-4.71899526,0.3444095955
855,9.125853032,6.633708018,3.906370681,9.125853032,-6.633708018,3.906370681
856,8.295674543,6.347179642,0.5767444042,8.295674543,-6.347179642,0.5767444042
857,8.721449748,7.274576684,0.09706579931,8.721449748,-7.274576684,0.09706579931
858,8.088001239,5.281276785,4.289749565,8.088001239,-5.281276785,4.289749565
859,8.55889942,5.558714302,4.258875212,8.55889942,-5.558714302,4.258875212
860,8.95740237,5.094141162,0.4221951769,8.95740237,-5.094141162,0.4221951769
861,9.154757195,6.217785078,2.593145298,9.154757195,-6.217785078,2.593145298
862,9.147097028,4.38281123,0.4086603064,9.147097028,-4.38281123,0.4086603064
863,8.019177934,6.87815366,3.251766641,8.019177934,-6.87815366,3.251766641
864,8.76534532,4.5768482,4.869398568,8.76534532,-4.5768482,4.869398568
865,8.142530113,4.526397139,1.146695453,8.142530113,-4.526397139,1.146695453
866,9.419552831,6.959161436,4.412961698,9.419552831,-6.959161436,4.412961698
867,9.786746982,7.126514471,1.854395514,9.786746982,-7.126514471,1.854395514
868,8.913890986,7.831744609,0.7457880357,8.913890986,-7.831744609,0.7457880357
869,9.983182215,5.297701965,4.675460148,9.983182215,-5.297701965,4.675460148
870,8.717622988,5.969269876,1.17926786,8.717622988,-5.969269876,1.17926786
871,8.398417158,5.012061121,3.562721783,8.398417158,-5.012061121,3.562721783
872,9.963060214,5.062894485,0.001631632253,9.963060214,-5.062894485,0.001631632253
873,8.103041856,5.07916989,3.896085847,8.103041856,-5.07916989,3.896085847
874,8.804927265,4.034438978,1.212222784,8.804927265,-4.034438978,1.212222784
875,8.931910693,7.049887464,3.608541806,8.931910693,-7.049887464,3.608541806
876,9.998525659,5.479351843,4.487794156,9.998525659,-5.479351843,4.487794156
877,9.38002898,6.208332819,3.745354877,9.38002898,-6.208332819,3.745354877
878,8.870347054,6.970092195,0.4184962533,8.870347054,-6.970092195,0.4184962533
879,8.814566587,7.454480032,1.347984568,8.814566587,-7.454480032,1.347984568
880,9.705839218,6.726787389,3.484948341,9.705839218,-6.726787389,3.484948341
881,8.835292154,5.848515386,3.417103951,8.835292154,-5.848515386,3.417103951
882,9.615258268,7.758776901,0.6825397002,9.615258268,-7.758776901,0.6825397002
883,8.173986548,5.94279285,4.337118861,8.173986548,-5.94279285,4.337118861
884,9.716596194,7.830975299,2.385879303,9.716596194,-7.830975299,2.385879303
885,9.035395412,4.131182834,4.390346908,9.035395412,-4.131182834,4.390346908
886,8.957335634,5.657402736,2.001699317,8.957335634,-5.657402736,2.001699317
887,8.351532057,6.274614925,3.095680592,8.351532057,-6.274614925,3.095680592
888,9.953403356,7.027773936,0.2147492869,9.953403356,-7.027773936,0.2147492869
889,8.307411948,6.803953752,3.957910227,8.307411948,-6.803953752,3.957910227
890,8.129553952,6.901239951,3.4861368,8.129553952,-6.901239951,3.4861368
891,9.615599204,6.157794595,0.5843395075,9.615599204,-6.157794595,0.5843395075
892,8.382159598,6.936264813,3.730668932,8.382159598,-6.936264813,3.730668932
893,9.441545408,5.396606671,0.9299269332,9.441545408,-5.396606671,0.9299269332
894,9.040902394,6.86173308,0.35811085,9.040902394,-6.86173308,0.35811085
895,9.340112992,5.571665896,4.976591285,9.340112992,-5.571665896,4.976591285
896,9.574297628,4.238746834,1.707644535,9.574297628,-4.238746834,1.707644535
897,9.940666047,4.155691243,1.38282558,9.940666047,-4.155691243,1.38282558
898,8.165718451,6.53471678,2.195521822,8.165718451,-6.53471678,2.195521822
899,8.954698484,5.612801277,3.393273768,8.954698484,-5.612801277,3.393273768
900,9.788276769,5.363313467,4.608951832,9.788276769,-5.363313467,4.608951832
901,8.073414999,7.861634892,0.5519896467,8.073414999,-7.861634892,0.5519896467
902,8.94143914,4.880152583,4.056225561,8.94143914,-4.880152583,4.056225561
903,9.826502506,7.642999978,2.885872164,9.826502506,-7.642999978,2.885872164
904,8.898756788,7.621770183,2.281209944,8.898756788,-7.621770183,2.281209944
905,9.997294987,4.130518479,2.225050819,9.997294987,-4.130518479,2.225050819
906,9.679957233,4.804035609,1.792472036,9.679957233,-4.804035609,1.792472036
907,8.899653759,4.820198872,3.104188438,8.899653759,-4.820198872,3.104188438
908,8.433523339,4.83768457,0.4819050418,8.433523339,-4.83768457,0.4819050418
909,8.040431129,7.915974655,4.28281995,8.040431129,-7.915974655,4.28281995
910,9.33566129,6.467651182,0.8189289073,9.33566129,-6.467651182,0.8189289073
911,8.396866659,5.018776624,2.764617696,8.396866659,-5.018776624,2.764617696
912,9.222377105,5.706388052,1.023845179,9.222377105,-5.706388052,1.023845179
913,8.865452218,4.664944448,3.356147311,8.865452218,-4.664944448,3.356147311
914,9.123628557,5.128895004,3.833097171,9.123628557,-5.128895004,3.833097171
915,8.178708472,7.696501354,4.247187581,8.178708472,-7.696501354,4.247187581
916,9.718837709,7.960783639,0.07099690682,9.718837709,-7.960783639,0.07099690682
917,8.686207169,7.944308834,2.919543812,8.686207169,-7.944308834,2.919543812
918,9.944330955,5.864898401,2.503532754,9.944330955,-5.864898401,2.503532754
919,8.459565278,5.441154297,2.392678188,8.459565278,-5.441154297,2.392678188
920,8.924656201,7.873841942,4.652387001,8.924656201,-7.873841942,4.652387001
921,8.967798109,5.34369245,2.526183603,8.967798109,-5.34369245,2.526183603
922,9.84660395,6.294733616,0.9391353951,9.84660395,-6.294733616,0.9391353951
923,8.495358135,5.730643426,4.845558638,8.495358135,-5.730643426,4.845558638
924,8.028768378,6.710701863,3.77422549,8.028768378,-6.710701863,3.77422549
925,8.112676419,7.07301951,1.303947483,8.112676419,-7.07301951,1.303947483
926,8.348520352,4.81550541,4.831870235,8.348520352,-4.81550541,4.831870235
927,9.58657683,5.866201061,2.094135888,9.58657683,-5.866201061,2.094135888
928,8.366463536,7.450320981,2.605135223,8.366463536,-7.450320981,2.605135223
929,8.520313866,6.911681757,1.278455083,8.520313866,-6.911681757,1.278455083
930,9.336199845,5.884664619,4.525637868,9.336199845,-5.884664619,4.525637868
931,8.28121283,4.089041496,0.6962294598,8.28121283,-4.089041496,0.6962294598
932,8.111183053,4.428654501,1.085346854,8.111183053,-4.428654501,1.085346854
933,8.105226945,7.029459729,0.5665740472,8.105226945,-7.029459729,0.5665740472
934,9.473477353,7.525913246,2.905609813,9.473477353,-7.525913246,2.905609813
935,8.015690161,4.566636472,3.04684558,8.015690161,-4.566636472,3.04684558
936,8.23050385,7.5123702,1.967947934,8.23050385,-7.5123702,1.967947934
937,8.867897545,6.687621191,2.992682698,8.867897545,-6.687621191,2.992682698
938,8.580742917,5.505599327,4.925199757,8.580742917,-5.505599327,4.925199757
939,8.597908222,5.235546416,1.443743815,8.597908222,-5.235546416,1.443743815
940,9.669502531,6.994140441,2.738750106,9.669502531,-6.994140441,2.738750106
941,8.435399531,5.94189952,4.220001062,8.435399531,-5.94189952,4.220001062
942,8.279156365,5.521033168,4.791941147,8.279156365,-5.521033168,4.791941147
943,8.915024953,5.413527419,3.137446379,8.915024953,-5.413527419,3.137446379
944,8.468836774,7.607582238,1.081061694,8.468836774,-7.607582238,1.081061694
945,9.623304957,5.207338543,0.06059655669,9.623304957,-5.207338543,0.06059655669
946,9.346831968,7.261685907,4.318891856,9.346831968,-7.261685907,4.318891856
947,9.039626677,6.6444146,1.514161621,9.039626677,-6.6444146,1.514161621
948,9.58152105,7.891947365,4.552637103,9.58152105,-7.891947365,4.552637103
949,8.017711838,5.908270121,0.2302065169,8.017711838,-5.908270121,0.2302065169
950,8.696476655,4.348764257,1.714792353,8.696476655,-4.348764257,1.714792353
951,9.511444046,5.415064642,1.55325133,9.511444046,-5.415064642,1.55325133
952,9.521514057,6.593697448,1.924292539,9.521514057,-6.593697448,1.924292539
953,8.335997573,4.424971598,0.4478114607,8.335997573,-4.424971598,0.4478114607
954,9.659358425,7.928186355,4.134050493,9.659358425,-7.928186355,4.134050493
955,9.987791216,6.184420772,0.2252891847,9.987791216,-6.184420772,0.2252891847
956,8.65887643,4.874127727,1.193160024,8.65887643,-4.874127727,1.193160024
957,8.897171156,5.161833187,2.44493039,8.897171156,-5.161833187,2.44493039
958,8.348370518,5.086512361,4.636731815,8.348370518,-5.086512361,4.636731815
959,8.684419766,5.590544332,4.552420418,8.684419766,-5.590544332,4.552420418
960,9.97039776,5.799236944,2.628275614,9.97039776,-5.799236944,2.628275614
961,9.917460437,6.800145418,0.1458999086,9.917460437,-6.800145418,0.1458999086
962,8.273348018,6.278919458,4.81908187,8.273348018,-6.278919458,4.81908187
963,8.069494834,5.752239703,1.63964647,8.069494834,-5.752239703,1.63964647
964,8.361231909,6.920070066,4.332175337,8.361231909,-6.920070066,4.332175337
965,9.544037706,6.661897514,1.007936026,9.544037706,-6.661897514,1.007936026
966,9.094684509,6.602836776,3.266713229,9.094684509,-6.602836776,3.266713229
967,9.126916896,6.257679475,1.103823631,9.126916896,-6.257679475,1.103823631
968,9.292221614,5.708793475,2.709397808,9.292221614,-5.708793475,2.709397808
969,9.549552004,5.599260911,4.268569141,9.549552004,-5.599260911,4.268569141
970,9.426686532,4.020391917,2.15543637,9.426686532,-4.020391917,2.15543637
971,8.171227672,4.733218787,0.9765774676,8.171227672,-4.733218787,0.9765774676
972,9.379232429,7.197791459,0.9212701655,9.379232429,-7.197791459,0.9212701655
973,8.432401919,7.93771043,2.638079172,8.432401919,-7.93771043,2.638079172
974,9.939994968,7.527348068,4.778819271,9.939994968,-7.527348068,4.778819271
975,8.674854716,4.811366766,3.338000024,8.674854716,-4.811366766,3.338000024
976,8.874957912,6.376106655,4.876080522,8.874957912,-6.376106655,4.876080522
977,9.302449059,5.739019853,0.7958487152,9.302449059,-5.739019853,0.7958487152
978,9.662791666,5.785744573,0.5169100696,9.662791666,-5.785744573,0.5169100696
979,9.859464675,7.867669623,0.6499096795,9.859464675,-7.867669623,0.6499096795
980,8.500297885,6.729575596,3.554715599,8.500297885,-6.729575596,3.554715599
981,9.379137268,6.01364757,2.902090493,9.379137268,-6.01364757,2.902090493
982,9.343401997,7.881983701,0.7771591343,9.343401997,-7.881983701,0.7771591343
983,9.906710665,7.072033,3.000619398,9.906710665,-7.072033,3.000619398
984,8.961552596,6.768044906,3.504069499,8.961552596,-6.768044906,3.504069499
985,9.188748455,7.500310926,2.220194149,9.188748455,-7.500310926,2.220194149
986,9.012293618,4.641638061,4.736428439,9.012293618,-4.641638061,4.736428439
987,8.559675742,5.100801619,0.2475697972,8.559675742,-5.100801619,0.2475697972
988,8.671315853,6.465081038,1.144006255,8.671315853,-6.465081038,1.144006255
989,8.619791891,4.243827069,3.859977204,8.619791891,-4.243827069,3.859977204
990,8.46936236,7.326784682,2.292078045,8.46936236,-7.326784682,2.292078045
991,9.614828103,4.281687085,1.349852781,9.614828103,-4.281687085,1.349852781
992,9.685091242,7.242621935,1.128386209,9.685091242,-7.242621935,1.128386209
993,9.880288897,6.44058264,1.598413547,9.880288897,-6.44058264,1.598413547
994,9.322787136,4.561202432,3.490470008,9.322787136,-4.561202432,3.490470008
995,8.345321854,5.994422999,1.019559984,8.345321854,-5.994422999,1.019559984
996,9.672295994,6.465046158,4.376639196,9.672295994,-6.465046158,4.376639196
997,8.097980975,4.884271744,1.711951405,8.097980975,-4.884271744,1.711951405
998,9.418626103,5.973300131,3.842833574,9.418626103,-5.973300131,3.842833574
999,8.249990594,4.825801865,1.189057705,8.249990594,-4.825801865,1.189057705