"""Atmos Mix Number""",LVoxRightPosX:,LVoxRightPosY:,LVoxRightPosZ:,LVoxLeftPosX:,LVoxLeftPosY:,LVoxLeftPosZ:
1,9.668476155,3.837410902,1.218863007,9.668476155,-3.837410902,1.218863007
2,8.109343614,3.569696972,1.811747046,8.109343614,-3.569696972,1.811747046
3,8.244445474,5.728442482,1.014462973,8.244445474,-5.728442482,1.014462973
4,9.199051793,5.16302156,1.470973804,9.199051793,-5.16302156,1.470973804
5,8.726447509,3.960732959,1.77637519,8.726447509,-3.960732959,1.77637519
6,8.703871969,6.433226166,1.283694315,8.703871969,-6.433226166,1.283694315
7,8.651052772,5.821524493,1.479801919,8.651052772,-5.821524493,1.479801919
8,8.48113253,3.883671233,1.096210214,8.48113253,-3.883671233,1.096210214
9,8.027165054,4.106670389,1.516347874,8.027165054,-4.106670389,1.516347874
10,8.026239724,6.492398437,1.740602387,8.026239724,-6.492398437,1.740602387
11,8.553100366,5.230775555,1.463751939,8.553100366,-5.230775555,1.463751939
12,9.218524295,5.880028475,1.890385356,9.218524295,-5.880028475,1.890385356
13,8.496362581,4.146770425,1.160694517,8.496362581,-4.146770425,1.160694517
14,8.841105779,5.397294267,1.788135039,8.841105779,-5.397294267,1.788135039
15,9.51973489,6.12269322,1.184176016,9.51973489,-6.12269322,1.184176016
16,9.720487073,3.955204904,1.167569181,9.720487073,-3.955204904,1.167569181
17,8.27411883,4.16229911,1.637297116,8.27411883,-4.16229911,1.637297116
18,9.935112489,5.434795897,1.240842634,9.935112489,-5.434795897,1.240842634
19,9.968024487,6.054123697,1.328463554,9.968024487,-6.054123697,1.328463554
20,9.487566873,6.20871397,1.176022812,9.487566873,-6.20871397,1.176022812
21,9.727078711,3.990609679,1.374122293,9.727078711,-3.990609679,1.374122293
22,8.061906137,5.663005698,1.12893518,8.061906137,-5.663005698,1.12893518
23,8.016947373,4.76153998,1.791776668,8.016947373,-4.76153998,1.791776668
24,9.466500107,5.525795141,1.712542754,9.466500107,-5.525795141,1.712542754
25,8.143492268,4.83785907,1.214515918,8.143492268,-4.83785907,1.214515918
26,8.595685562,5.863288138,1.14609667,8.595685562,-5.863288138,1.14609667
27,8.569883147,3.913442709,1.789542438,8.569883147,-3.913442709,1.789542438
28,9.263676977,5.787849465,1.101445662,9.263676977,-5.787849465,1.101445662
29,8.988085072,5.65079099,1.098726481,8.988085072,-5.65079099,1.098726481
30,8.136016339,5.404750709,1.0967205,8.136016339,-5.404750709,1.0967205
31,8.519221501,5.516160319,1.427229015,8.519221501,-5.516160319,1.427229015
32,9.803064636,5.392454957,1.835342796,9.803064636,-5.392454957,1.835342796
33,8.642602732,4.521359087,1.415496207,8.642602732,-4.521359087,1.415496207
34,8.433600099,4.626726545,1.073797542,8.433600099,-4.626726545,1.073797542
35,8.296783094,3.791255461,1.45985793,8.296783094,-3.791255461,1.45985793
36,9.572694558,3.604051061,1.863330631,9.572694558,-3.604051061,1.863330631
37,8.669199396,3.822767002,1.717598228,8.669199396,-3.822767002,1.717598228
38,8.696142366,5.449309368,1.552790497,8.696142366,-5.449309368,1.552790497
39,8.386324229,4.81442432,1.15436955,8.386324229,-4.81442432,1.15436955
40,8.824520611,5.282746078,1.98195041,8.824520611,-5.282746078,1.98195041
41,9.807669478,4.04405951,1.316486769,9.807669478,-4.04405951,1.316486769
42,8.585414726,4.620236567,1.322178962,8.585414726,-4.620236567,1.322178962
43,9.869475451,6.021204506,1.879871542,9.869475451,-6.021204506,1.879871542
44,8.875658801,5.658820088,1.035245976,8.875658801,-5.658820088,1.035245976
45,9.153848561,6.402700665,1.123767067,9.153848561,-6.402700665,1.123767067
46,9.031061004,4.29840675,1.187961803,9.031061004,-4.29840675,1.187961803
47,8.594042052,4.843987976,1.293965496,8.594042052,-4.843987976,1.293965496
48,9.004721319,6.0343623,1.662475586,9.004721319,-6.0343623,1.662475586
49,8.265338885,5.270631416,1.990979932,8.265338885,-5.270631416,1.990979932
50,8.363649611,4.560061371,1.687254772,8.363649611,-4.560061371,1.687254772
51,9.133673457,5.247763997,1.767759967,9.133673457,-5.247763997,1.767759967
52,9.345162123,3.601099232,1.145510584,9.345162123,-3.601099232,1.145510584
53,9.302041805,6.249103405,1.71423572,9.302041805,-6.249103405,1.71423572
54,9.20892788,3.893150607,1.625222687,9.20892788,-3.893150607,1.625222687
55,9.350485286,3.778697901,1.997842903,9.350485286,-3.778697901,1.997842903
56,8.648252937,3.964837616,1.50267947,8.648252937,-3.964837616,1.50267947
57,8.732808615,5.371139964,1.816520977,8.732808615,-5.371139964,1.816520977
58,9.087186882,3.818648295,1.109937475,9.087186882,-3.818648295,1.109937475
59,9.077296934,5.930079949,1.590399963,9.077296934,-5.930079949,1.590399963
60,8.821513375,6.462062334,1.351793488,8.821513375,-6.462062334,1.351793488
61,9.625848671,5.397780707,1.19804061,9.625848671,-5.397780707,1.19804061
62,8.726098531,6.444570236,1.901354681,8.726098531,-6.444570236,1.901354681
63,9.203725646,6.164359503,1.77082982,9.203725646,-6.164359503,1.77082982
64,9.744119856,5.943097613,1.222315419,9.744119856,-5.943097613,1.222315419
65,8.089362447,4.505319835,1.753746624,8.089362447,-4.505319835,1.753746624
66,8.722340123,6.019194822,1.313452234,8.722340123,-6.019194822,1.313452234
67,8.28045561,4.807908229,1.271621168,8.28045561,-4.807908229,1.271621168
68,8.019023504,4.378856864,1.935110598,8.019023504,-4.378856864,1.935110598
69,9.040194344,4.835554604,1.0972448,9.040194344,-4.835554604,1.0972448
70,9.376774225,4.404474948,1.612677977,9.376774225,-4.404474948,1.612677977
71,8.648579069,4.25683663,1.88192052,8.648579069,-4.25683663,1.88192052
72,8.042208354,5.424572722,1.387945292,8.042208354,-5.424572722,1.387945292
73,9.152129341,6.399612263,1.601558586,9.152129341,-6.399612263,1.601558586
74,8.279905102,5.838874215,1.841202481,8.279905102,-5.838874215,1.841202481
75,9.055984793,5.497617728,1.104133504,9.055984793,-5.497617728,1.104133504
76,9.052725462,4.944017847,1.585874417,9.052725462,-4.944017847,1.585874417
77,8.57178492,5.688232319,1.069769033,8.57178492,-5.688232319,1.069769033
78,9.53878599,5.400851243,1.260076486,9.53878599,-5.400851243,1.260076486
79,9.740346677,4.85545089,1.856067299,9.740346677,-4.85545089,1.856067299
80,9.67284118,6.461592276,1.037886884,9.67284118,-6.461592276,1.037886884
81,9.788878052,4.047431703,1.482338892,9.788878052,-4.047431703,1.482338892
82,9.413504721,4.219958894,1.155243454,9.413504721,-4.219958894,1.155243454
83,9.038344645,5.1362289,1.181534739,9.038344645,-5.1362289,1.181534739
84,9.855841338,4.567271823,1.704653509,9.855841338,-4.567271823,1.704653509
85,9.908975089,5.428288454,1.432967554,9.908975089,-5.428288454,1.432967554
86,9.570828383,5.71201719,1.578458828,9.570828383,-5.71201719,1.578458828
87,9.72332611,5.924651034,1.488005795,9.72332611,-5.924651034,1.488005795
88,9.129735397,6.450778245,1.526949209,9.129735397,-6.450778245,1.526949209
89,9.500660769,3.513131495,1.061112793,9.500660769,-3.513131495,1.061112793
90,9.16454023,4.938060604,1.705519985,9.16454023,-4.938060604,1.705519985
91,8.47869683,4.741454986,1.916805261,8.47869683,-4.741454986,1.916805261
92,9.558309162,3.986449738,1.190297393,9.558309162,-3.986449738,1.190297393
93,9.175390496,6.457730996,1.516854766,9.175390496,-6.457730996,1.516854766
94,8.516456257,3.603753187,1.885811813,8.516456257,-3.603753187,1.885811813
95,9.181906056,5.046918947,1.069520416,9.181906056,-5.046918947,1.069520416
96,9.936676013,5.129156981,1.188611325,9.936676013,-5.129156981,1.188611325
97,8.107117747,4.570136925,1.252565671,8.107117747,-4.570136925,1.252565671
98,8.299061201,6.226706291,1.130024538,8.299061201,-6.226706291,1.130024538
99,8.003970037,5.705716227,1.463695671,8.003970037,-5.705716227,1.463695671
100,8.396681547,3.814227483,1.438083608,8.396681547,-3.814227483,1.438083608
101,8.81011784,4.171618785,1.725889036,8.81011784,-4.171618785,1.725889036
102,8.810156562,3.603627148,1.737002338,8.810156562,-3.603627148,1.737002338
103,9.722056122,5.499883427,1.77155588,9.722056122,-5.499883427,1.77155588
104,9.818217956,6.080708102,1.662301599,9.818217956,-6.080708102,1.662301599
105,9.667255578,4.65371442,1.419820218,9.667255578,-4.65371442,1.419820218
106,8.181867546,4.907467491,1.996032062,8.181867546,-4.907467491,1.996032062
107,8.097727286,3.59209415,1.107413807,8.097727286,-3.59209415,1.107413807
108,8.225709039,3.757412847,1.520543012,8.225709039,-3.757412847,1.520543012
109,8.937274468,6.357699639,1.438219843,8.937274468,-6.357699639,1.438219843
110,8.180807898,5.536733599,1.417484061,8.180807898,-5.536733599,1.417484061
111,8.691024963,4.50060806,1.372581191,8.691024963,-4.50060806,1.372581191
112,8.694728871,4.765069411,1.983432981,8.694728871,-4.765069411,1.983432981
113,9.268511482,6.358845963,1.318880217,9.268511482,-6.358845963,1.318880217
114,9.633154841,4.224863377,1.742567567,9.633154841,-4.224863377,1.742567567
115,8.060647708,6.150196373,1.941017273,8.060647708,-6.150196373,1.941017273
116,8.201920579,5.895497517,1.773619408,8.201920579,-5.895497517,1.773619408
117,8.107770697,4.537638035,1.121304559,8.107770697,-4.537638035,1.121304559
118,8.447840323,5.897064771,1.062065211,8.447840323,-5.897064771,1.062065211
119,8.943058493,5.910024195,1.774612313,8.943058493,-5.910024195,1.774612313
120,8.322085285,5.830115558,1.783851235,8.322085285,-5.830115558,1.783851235
121,8.8169166,6.463676939,1.292646968,8.8169166,-6.463676939,1.292646968
122,9.71301642,5.335255267,1.734263082,9.71301642,-5.335255267,1.734263082
123,8.708434891,4.219899036,1.393917865,8.708434891,-4.219899036,1.393917865
124,8.709513347,5.155193094,1.260819967,8.709513347,-5.155193094,1.260819967
125,9.796076706,4.605300536,1.292801227,9.796076706,-4.605300536,1.292801227
126,9.405407658,3.878732977,1.433893483,9.405407658,-3.878732977,1.433893483
127,8.15895151,4.440475813,1.998299825,8.15895151,-4.440475813,1.998299825
128,8.896334491,5.220130893,1.200351582,8.896334491,-5.220130893,1.200351582
129,8.461169907,5.209006578,1.468414707,8.461169907,-5.209006578,1.468414707
130,8.879114281,5.14895131,1.586759891,8.879114281,-5.14895131,1.586759891
131,9.564964487,4.940936897,1.428903909,9.564964487,-4.940936897,1.428903909
132,9.098864991,4.867669567,1.838012675,9.098864991,-4.867669567,1.838012675
133,9.534807036,5.867568517,1.205643218,9.534807036,-5.867568517,1.205643218
134,8.489885265,5.141263027,1.648814741,8.489885265,-5.141263027,1.648814741
135,8.727244575,6.159346643,1.598487691,8.727244575,-6.159346643,1.598487691
136,8.443634882,5.341293658,1.338920896,8.443634882,-5.341293658,1.338920896
137,8.78343617,6.314289899,1.962751372,8.78343617,-6.314289899,1.962751372
138,9.462831674,5.974740657,1.173812414,9.462831674,-5.974740657,1.173812414
139,9.808483757,6.436309181,1.47408713,9.808483757,-6.436309181,1.47408713
140,9.307979984,6.045215449,1.791526938,9.307979984,-6.045215449,1.791526938
141,8.069935005,4.343146141,1.386202504,8.069935005,-4.343146141,1.386202504
142,9.42600529,5.133172546,1.380261259,9.42600529,-5.133172546,1.380261259
143,9.694879155,3.831737133,1.691649595,9.694879155,-3.831737133,1.691649595
144,9.315786975,6.29619122,1.392360927,9.315786975,-6.29619122,1.392360927
145,9.389679839,5.960619039,1.347670785,9.389679839,-5.960619039,1.347670785
146,8.909219295,4.166075765,1.97625008,8.909219295,-4.166075765,1.97625008
147,8.728675086,3.887470273,1.406179855,8.728675086,-3.887470273,1.406179855
148,9.937183535,3.76403755,1.2722137,9.937183535,-3.76403755,1.2722137
149,8.419449132,3.924832655,1.404447505,8.419449132,-3.924832655,1.404447505
150,9.546942252,3.548060423,1.329826151,9.546942252,-3.548060423,1.329826151
151,8.795122945,6.395160733,1.036608761,8.795122945,-6.395160733,1.036608761
152,8.611667808,3.949084908,1.758949223,8.611667808,-3.949084908,1.758949223
153,8.03234758,5.72115401,1.882002655,8.03234758,-5.72115401,1.882002655
154,9.726048285,3.718120743,1.682953282,9.726048285,-3.718120743,1.682953282
155,9.952396531,3.669273416,1.151509274,9.952396531,-3.669273416,1.151509274
156,9.847374762,3.789920554,1.998121231,9.847374762,-3.789920554,1.998121231
157,9.218264996,4.76072828,1.505001688,9.218264996,-4.76072828,1.505001688
158,9.983661188,6.237420804,1.998680018,9.983661188,-6.237420804,1.998680018
159,9.060578432,3.609227558,1.85994797,9.060578432,-3.609227558,1.85994797
160,9.84488114,5.33364276,1.759793945,9.84488114,-5.33364276,1.759793945
161,8.898212086,4.169470318,1.261866565,8.898212086,-4.169470318,1.261866565
162,8.587281652,5.514885958,1.203999797,8.587281652,-5.514885958,1.203999797
163,8.195911462,4.962637093,1.72117454,8.195911462,-4.962637093,1.72117454
164,8.852151913,4.333462793,1.948442893,8.852151913,-4.333462793,1.948442893
165,9.232204019,4.959841406,1.978009451,9.232204019,-4.959841406,1.978009451
166,9.418841122,4.654401927,1.044986152,9.418841122,-4.654401927,1.044986152
167,9.029086928,5.673285342,1.367515601,9.029086928,-5.673285342,1.367515601
168,9.677936146,3.664859674,1.80253873,9.677936146,-3.664859674,1.80253873
169,9.194189357,3.646293259,1.894156112,9.194189357,-3.646293259,1.894156112
170,9.536277976,4.675666176,1.506137854,9.536277976,-4.675666176,1.506137854
171,9.801420088,5.012901799,1.746753384,9.801420088,-5.012901799,1.746753384
172,9.574122399,5.571610183,1.021393256,9.574122399,-5.571610183,1.021393256
173,8.423852331,4.477566653,1.398715308,8.423852331,-4.477566653,1.398715308
174,8.600686158,4.652728937,1.762470505,8.600686158,-4.652728937,1.762470505
175,8.050340599,4.354984776,1.133434073,8.050340599,-4.354984776,1.133434073
176,8.043266599,5.966883048,1.089073869,8.043266599,-5.966883048,1.089073869
177,9.663942075,6.415086853,1.946939746,9.663942075,-6.415086853,1.946939746
178,8.734037983,5.200002116,1.930742112,8.734037983,-5.200002116,1.930742112
179,8.81570499,3.951847161,1.832964081,8.81570499,-3.951847161,1.832964081
180,9.035709654,5.322203631,1.878668497,9.035709654,-5.322203631,1.878668497
181,9.453112164,3.786502246,1.114662727,9.453112164,-3.786502246,1.114662727
182,9.311936796,6.215008447,1.465302722,9.311936796,-6.215008447,1.465302722
183,8.701014866,5.922739633,1.808017213,8.701014866,-5.922739633,1.808017213
184,8.471403652,6.078463024,1.214910244,8.471403652,-6.078463024,1.214910244
185,9.168081894,5.186967084,1.680684232,9.168081894,-5.186967084,1.680684232
186,8.69780865,4.860383199,1.90440872,8.69780865,-4.860383199,1.90440872
187,8.868703838,3.851336653,1.293689475,8.868703838,-3.851336653,1.293689475
188,9.054769828,6.008261625,1.449147584,9.054769828,-6.008261625,1.449147584
189,9.995257651,5.688075484,1.609418839,9.995257651,-5.688075484,1.609418839
190,9.989393958,4.434634748,1.814444492,9.989393958,-4.434634748,1.814444492
191,8.81623405,4.925049284,1.836002268,8.81623405,-4.925049284,1.836002268
192,9.946614273,3.547746133,1.257871795,9.946614273,-3.547746133,1.257871795
193,9.960782472,3.745406559,1.814207096,9.960782472,-3.745406559,1.814207096
194,8.475355352,6.041911543,1.20234596,8.475355352,-6.041911543,1.20234596
195,9.609820796,6.426560011,1.087768876,9.609820796,-6.426560011,1.087768876
196,9.015330098,4.79871437,1.814490615,9.015330098,-4.79871437,1.814490615
197,8.759308574,5.370445272,1.621731232,8.759308574,-5.370445272,1.621731232
198,8.6892681,4.825515427,1.370621294,8.6892681,-4.825515427,1.370621294
199,8.1451824,5.609652762,1.126503305,8.1451824,-5.609652762,1.126503305
200,8.110318161,4.67813057,1.203763483,8.110318161,-4.67813057,1.203763483
201,8.795616622,5.151201544,1.929264427,8.795616622,-5.151201544,1.929264427
202,8.700216111,3.978144097,1.174716393,8.700216111,-3.978144097,1.174716393
203,8.959790344,5.556841831,1.020964351,8.959790344,-5.556841831,1.020964351
204,9.083762115,5.562310407,1.449290014,9.083762115,-5.562310407,1.449290014
205,8.589533618,5.568149605,1.149023221,8.589533618,-5.568149605,1.149023221
206,8.593666222,4.783835724,1.909074051,8.593666222,-4.783835724,1.909074051
207,9.13867307,3.525483618,1.866092036,9.13867307,-3.525483618,1.866092036
208,8.13259537,5.736902754,1.806670251,8.13259537,-5.736902754,1.806670251
209,9.49342887,4.758168555,1.167680099,9.49342887,-4.758168555,1.167680099
210,8.973249398,3.5823338,1.596086944,8.973249398,-3.5823338,1.596086944
211,8.935904741,4.541983797,1.530507602,8.935904741,-4.541983797,1.530507602
212,8.440702156,5.021412258,1.038431572,8.440702156,-5.021412258,1.038431572
213,8.532896125,4.428968356,1.714133734,8.532896125,-4.428968356,1.714133734
214,9.753528799,4.776080048,1.281246842,9.753528799,-4.776080048,1.281246842
215,9.876487857,5.600392757,1.916412207,9.876487857,-5.600392757,1.916412207
216,8.072097147,4.088372923,1.23154384,8.072097147,-4.088372923,1.23154384
217,9.105057598,5.020039151,1.724922742,9.105057598,-5.020039151,1.724922742
218,9.515788496,5.823286549,1.048143255,9.515788496,-5.823286549,1.048143255
219,9.308418632,4.762111487,1.618633627,9.308418632,-4.762111487,1.618633627
220,9.599030865,5.242402077,1.344320972,9.599030865,-5.242402077,1.344320972
221,9.255254822,6.443468334,1.524207865,9.255254822,-6.443468334,1.524207865
222,9.263329788,5.577530085,1.858566853,9.263329788,-5.577530085,1.858566853
223,9.642299415,5.737610449,1.487734146,9.642299415,-5.737610449,1.487734146
224,8.044672858,5.763229283,1.076733312,8.044672858,-5.763229283,1.076733312
225,8.301717448,3.819023043,1.894036818,8.301717448,-3.819023043,1.894036818
226,9.53971491,4.345054342,1.995824307,9.53971491,-4.345054342,1.995824307
227,9.8459429,6.158992761,1.751507427,9.8459429,-6.158992761,1.751507427
228,8.378225257,6.349413827,1.846632386,8.378225257,-6.349413827,1.846632386
229,8.689131712,5.54270085,1.400644939,8.689131712,-5.54270085,1.400644939
230,8.562851395,5.635457005,1.843472744,8.562851395,-5.635457005,1.843472744
231,8.153989719,4.723913675,1.029855249,8.153989719,-4.723913675,1.029855249
232,9.021025103,4.725829096,1.624115611,9.021025103,-4.725829096,1.624115611
233,9.125855855,4.796506939,1.663833843,9.125855855,-4.796506939,1.663833843
234,9.27976299,3.779681898,1.967033727,9.27976299,-3.779681898,1.967033727
235,8.407639942,3.706796938,1.789950127,8.407639942,-3.706796938,1.789950127
236,9.605395028,6.09811274,1.127235258,9.605395028,-6.09811274,1.127235258
237,9.295860137,4.21951923,1.609009589,9.295860137,-4.21951923,1.609009589
238,9.061346857,4.381227631,1.982848006,9.061346857,-4.381227631,1.982848006
239,9.957175869,4.992469467,1.531753103,9.957175869,-4.992469467,1.531753103
240,9.573705579,5.851145357,1.414482716,9.573705579,-5.851145357,1.414482716
241,9.735295571,5.916358583,1.125250184,9.735295571,-5.916358583,1.125250184
242,9.133368828,5.952227005,1.496084153,9.133368828,-5.952227005,1.496084153
243,8.640033625,3.790264109,1.268370479,8.640033625,-3.790264109,1.268370479
244,9.113316246,3.696239564,1.222955561,9.113316246,-3.696239564,1.222955561
245,8.824924855,4.278986299,1.967812686,8.824924855,-4.278986299,1.967812686
246,9.779403273,6.06554316,1.469015305,9.779403273,-6.06554316,1.469015305
247,9.989756766,4.533321974,1.671397202,9.989756766,-4.533321974,1.671397202
248,9.393764285,5.373088357,1.495841174,9.393764285,-5.373088357,1.495841174
249,8.273475855,4.241304321,1.189777498,8.273475855,-4.241304321,1.189777498
250,9.853375213,3.927271788,1.741030537,9.853375213,-3.927271788,1.741030537
251,9.536245743,4.158252501,1.588308449,9.536245743,-4.158252501,1.588308449
252,9.105774291,6.007638365,1.418827853,9.105774291,-6.007638365,1.418827853
253,8.953307418,4.573339642,1.865068084,8.953307418,-4.573339642,1.865068084
254,9.203817236,4.441028451,1.063447934,9.203817236,-4.441028451,1.063447934
255,8.825292756,5.994492642,1.50712567,8.825292756,-5.994492642,1.50712567
256,8.897364622,5.315920233,1.942280451,8.897364622,-5.315920233,1.942280451
257,8.498604606,4.652849116,1.373872345,8.498604606,-4.652849116,1.373872345
258,8.238905859,3.596145265,1.935049015,8.238905859,-3.596145265,1.935049015
259,9.61547181,4.870633051,1.942996535,9.61547181,-4.870633051,1.942996535
260,8.460529128,5.02648758,1.204494122,8.460529128,-5.02648758,1.204494122
261,8.687648538,5.826983708,1.061531458,8.687648538,-5.826983708,1.061531458
262,8.050795479,4.366391351,1.728355031,8.050795479,-4.366391351,1.728355031
263,8.603030608,3.766661403,1.651993082,8.603030608,-3.766661403,1.651993082
264,8.742676889,4.170481241,1.491066666,8.742676889,-4.170481241,1.491066666
265,8.304534622,5.995208456,1.653250919,8.304534622,-5.995208456,1.653250919
266,9.269720933,6.254074076,1.082017422,9.269720933,-6.254074076,1.082017422
267,8.980508705,4.406500133,1.039345766,8.980508705,-4.406500133,1.039345766
268,8.040215012,4.258452279,1.366406135,8.040215012,-4.258452279,1.366406135
269,9.912040795,5.406977691,1.409527547,9.912040795,-5.406977691,1.409527547
270,8.132793404,5.156370837,1.30129648,8.132793404,-5.156370837,1.30129648
271,9.152386749,5.594398721,1.122495848,9.152386749,-5.594398721,1.122495848
272,9.577362397,5.826947787,1.395617324,9.577362397,-5.826947787,1.395617324
273,8.766175377,4.873719104,1.640975352,8.766175377,-4.873719104,1.640975352
274,8.129366507,6.366482293,1.556453573,8.129366507,-6.366482293,1.556453573
275,9.011146191,4.851666671,1.933761943,9.011146191,-4.851666671,1.933761943
276,9.581487196,4.39547606,1.438486925,9.581487196,-4.39547606,1.438486925
277,8.964263006,4.644487545,1.866272087,8.964263006,-4.644487545,1.866272087
278,9.024303764,6.251692051,1.997983842,9.024303764,-6.251692051,1.997983842
279,8.319700799,5.006916466,1.303081177,8.319700799,-5.006916466,1.303081177
280,8.836960937,5.525838749,1.842013897,8.836960937,-5.525838749,1.842013897
281,9.84225375,4.088199632,1.593237711,9.84225375,-4.088199632,1.593237711
282,8.062430504,5.473656926,1.517967999,8.062430504,-5.473656926,1.517967999
283,9.951235814,5.833412824,1.548198948,9.951235814,-5.833412824,1.548198948
284,9.232728501,6.420932462,1.983908301,9.232728501,-6.420932462,1.983908301
285,8.623270426,4.062671358,1.430594473,8.623270426,-4.062671358,1.430594473
286,8.721907874,3.53324778,1.778423529,8.721907874,-3.53324778,1.778423529
287,9.005072246,4.611306272,1.717846012,9.005072246,-4.611306272,1.717846012
288,9.91449417,5.338990863,1.526708091,9.91449417,-5.338990863,1.526708091
289,9.368236012,4.431727834,1.996748062,9.368236012,-4.431727834,1.996748062
290,8.511217641,4.932999661,1.300386672,8.511217641,-4.932999661,1.300386672
291,9.147248449,3.620456775,1.682854903,9.147248449,-3.620456775,1.682854903
292,9.31062759,4.031853962,1.430640146,9.31062759,-4.031853962,1.430640146
293,9.390751522,4.616466525,1.881967744,9.390751522,-4.616466525,1.881967744
294,8.993902344,5.354724627,1.861558649,8.993902344,-5.354724627,1.861558649
295,9.917092523,5.041235031,1.550832265,9.917092523,-5.041235031,1.550832265
296,9.521597406,4.442220888,1.243078335,9.521597406,-4.442220888,1.243078335
297,8.472223138,4.335304434,1.741632806,8.472223138,-4.335304434,1.741632806
298,8.477155626,3.948082101,1.185700851,8.477155626,-3.948082101,1.185700851
299,9.196134106,3.55611661,1.591917829,9.196134106,-3.55611661,1.591917829
300,8.345942057,4.014956703,1.433427968,8.345942057,-4.014956703,1.433427968
301,9.449564967,3.799747179,1.450751777,9.449564967,-3.799747179,1.450751777
302,8.614813169,5.117892494,1.923565515,8.614813169,-5.117892494,1.923565515
303,9.553285203,4.104065303,1.10632427,9.553285203,-4.104065303,1.10632427
304,9.561491949,6.191393463,1.574492526,9.561491949,-6.191393463,1.574492526
305,9.046632468,5.588872061,1.133749395,9.046632468,-5.588872061,1.133749395
306,8.552245592,6.083724612,1.2229995,8.552245592,-6.083724612,1.2229995
307,9.760295476,3.742631423,1.438766808,9.760295476,-3.742631423,1.438766808
308,9.988758512,5.963181285,1.984855042,9.988758512,-5.963181285,1.984855042
309,9.181869093,6.225321443,1.798556205,9.181869093,-6.225321443,1.798556205
310,8.180110198,3.964776898,1.764961202,8.180110198,-3.964776898,1.764961202
311,9.414066585,6.419369609,1.650555203,9.414066585,-6.419369609,1.650555203
312,8.33411097,3.763613567,1.041533466,8.33411097,-3.763613567,1.041533466
313,9.408477843,6.119157797,1.250323911,9.408477843,-6.119157797,1.250323911
314,9.565868689,5.216316562,1.002540992,9.565868689,-5.216316562,1.002540992
315,9.307488799,4.644611521,1.197034895,9.307488799,-4.644611521,1.197034895
316,9.843562229,5.469466715,1.748145117,9.843562229,-5.469466715,1.748145117
317,8.629756055,6.033236651,1.937629194,8.629756055,-6.033236651,1.937629194
318,8.696434273,3.910932068,1.481678471,8.696434273,-3.910932068,1.481678471
319,8.958039489,5.591808008,1.326228146,8.958039489,-5.591808008,1.326228146
320,8.393691099,5.875262281,1.301043008,8.393691099,-5.875262281,1.301043008
321,8.781061233,3.55480795,1.392817652,8.781061233,-3.55480795,1.392817652
322,8.292261751,3.618596738,1.545120237,8.292261751,-3.618596738,1.545120237
323,9.533463595,4.029585038,1.813940112,9.533463595,-4.029585038,1.813940112
324,9.804428841,4.684477327,1.33436212,9.804428841,-4.684477327,1.33436212
325,8.781203475,4.232861205,1.968178321,8.781203475,-4.232861205,1.968178321
326,8.642649573,6.494033668,1.425264133,8.642649573,-6.494033668,1.425264133
327,9.306432098,3.711336883,1.081258629,9.306432098,-3.711336883,1.081258629
328,8.879142481,5.838594397,1.244641459,8.879142481,-5.838594397,1.244641459
329,9.729887338,4.059284557,1.640928894,9.729887338,-4.059284557,1.640928894
330,9.163974496,4.62811358,1.71688739,9.163974496,-4.62811358,1.71688739
331,9.725154212,6.413611109,1.702290956,9.725154212,-6.413611109,1.702290956
332,9.960650682,5.875001278,1.496663257,9.960650682,-5.875001278,1.496663257
333,8.064155836,4.834212375,1.762529893,8.064155836,-4.834212375,1.762529893
334,8.697033575,4.762010607,1.487357208,8.697033575,-4.762010607,1.487357208
335,9.204495617,4.723717952,1.803144418,9.204495617,-4.723717952,1.803144418
336,8.637509362,4.968617024,1.094378193,8.637509362,-4.968617024,1.094378193
337,8.185615062,4.661991269,1.761636249,8.185615062,-4.661991269,1.761636249
338,9.436620505,4.098582609,1.829774624,9.436620505,-4.098582609,1.829774624
339,8.822235754,4.929927345,1.877572126,8.822235754,-4.929927345,1.877572126
340,8.643110101,6.369738427,1.464261265,8.643110101,-6.369738427,1.464261265
341,9.93154858,6.373998038,1.975032765,9.93154858,-6.373998038,1.975032765
342,9.825917325,5.174933733,1.493603241,9.825917325,-5.174933733,1.493603241
343,9.24767154,5.964296663,1.100369026,9.24767154,-5.964296663,1.100369026
344,8.960834362,4.101967287,1.843169966,8.960834362,-4.101967287,1.843169966
345,9.186856967,5.068098671,1.977189683,9.186856967,-5.068098671,1.977189683
346,9.750234744,5.583361529,1.337686875,9.750234744,-5.583361529,1.337686875
347,9.434856785,5.2886009,1.306517394,9.434856785,-5.2886009,1.306517394
348,9.68171256,5.02919798,1.888752801,9.68171256,-5.02919798,1.888752801
349,9.920086624,6.191842086,1.006613245,9.920086624,-6.191842086,1.006613245
350,8.929088292,5.744880752,1.742160718,8.929088292,-5.744880752,1.742160718
351,8.880342387,3.898018023,1.422245304,8.880342387,-3.898018023,1.422245304
352,9.256738223,3.739509042,1.637682996,9.256738223,-3.739509042,1.637682996
353,8.975640504,3.677536483,1.345955624,8.975640504,-3.677536483,1.345955624
354,8.532549921,3.950259662,1.788613133,8.532549921,-3.950259662,1.788613133
355,8.575360982,6.24515132,1.283575305,8.575360982,-6.24515132,1.283575305
356,8.444191374,4.126423416,1.125468369,8.444191374,-4.126423416,1.125468369
357,9.065590739,5.562161225,1.802886955,9.065590739,-5.562161225,1.802886955
358,8.737268501,4.487996001,1.971956123,8.737268501,-4.487996001,1.971956123
359,9.174978169,3.858649223,1.458604953,9.174978169,-3.858649223,1.458604953
360,9.473028237,6.074365593,1.951315219,9.473028237,-6.074365593,1.951315219
361,8.578342225,5.293622157,1.760022278,8.578342225,-5.293622157,1.760022278
362,9.189504622,5.876902504,1.442814314,9.189504622,-5.876902504,1.442814314
363,8.361810948,4.746115167,1.901674371,8.361810948,-4.746115167,1.901674371
364,8.726597573,6.275263484,1.822500771,8.726597573,-6.275263484,1.822500771
365,9.057723334,4.537162339,1.614734089,9.057723334,-4.537162339,1.614734089
366,9.156980323,5.01296376,1.295843844,9.156980323,-5.01296376,1.295843844
367,8.899490364,6.330177405,1.010740829,8.899490364,-6.330177405,1.010740829
368,9.596647066,3.917109152,1.644934792,9.596647066,-3.917109152,1.644934792
369,8.504908648,5.751794756,1.813471429,8.504908648,-5.751794756,1.813471429
370,9.528294812,6.425868581,1.217244109,9.528294812,-6.425868581,1.217244109
371,8.4511261,4.66951939,1.933693679,8.4511261,-4.66951939,1.933693679
372,9.065786262,3.79290905,1.040068007,9.065786262,-3.79290905,1.040068007
373,9.016907029,6.106429733,1.100244402,9.016907029,-6.106429733,1.100244402
374,9.758112572,4.820113904,1.88382693,9.758112572,-4.820113904,1.88382693
375,9.880606589,6.063351449,1.775007577,9.880606589,-6.063351449,1.775007577
376,9.047275304,5.279824057,1.263031361,9.047275304,-5.279824057,1.263031361
377,8.699175411,6.448922027,1.045223064,8.699175411,-6.448922027,1.045223064
378,9.358282376,3.648818716,1.866358963,9.358282376,-3.648818716,1.866358963
379,8.459647297,5.828233385,1.691045468,8.459647297,-5.828233385,1.691045468
380,9.54421307,3.633412946,1.372866686,9.54421307,-3.633412946,1.372866686
381,8.276247992,5.028569942,1.396937964,8.276247992,-5.028569942,1.396937964
382,9.599498964,3.635378767,1.431495298,9.599498964,-3.635378767,1.431495298
383,8.171078472,5.070336925,1.730487518,8.171078472,-5.070336925,1.730487518
384,9.285899557,5.130763907,1.162935942,9.285899557,-5.130763907,1.162935942
385,8.37309783,4.503650597,1.310358927,8.37309783,-4.503650597,1.310358927
386,8.71507222,4.918834767,1.559473353,8.71507222,-4.918834767,1.559473353
387,9.128940584,4.654168786,1.675775612,9.128940584,-4.654168786,1.675775612
388,8.657352408,5.778913341,1.798072646,8.657352408,-5.778913341,1.798072646
389,8.051276426,6.440383552,1.043168086,8.051276426,-6.440383552,1.043168086
390,9.087822211,3.853319241,1.698837449,9.087822211,-3.853319241,1.698837449
391,8.02853481,5.290451849,1.07212747,8.02853481,-5.290451849,1.07212747
392,9.458659019,5.581319969,1.324766081,9.458659019,-5.581319969,1.324766081
393,8.857704777,4.02826648,1.283831386,8.857704777,-4.02826648,1.283831386
394,9.653070982,6.440188567,1.264817018,9.653070982,-6.440188567,1.264817018
395,9.494653236,5.731294197,1.092588508,9.494653236,-5.731294197,1.092588508
396,8.314050166,3.725277817,1.221644672,8.314050166,-3.725277817,1.221644672
397,9.380317316,6.099032911,1.877612727,9.380317316,-6.099032911,1.877612727
398,9.065155527,5.913440478,1.654581829,9.065155527,-5.913440478,1.654581829
399,8.213792791,4.469953538,1.880753226,8.213792791,-4.469953538,1.880753226
400,9.396282733,3.517020964,1.939752377,9.396282733,-3.517020964,1.939752377
401,9.103589083,4.742536971,1.350463689,9.103589083,-4.742536971,1.350463689
402,9.051839546,6.134758068,1.600449776,9.051839546,-6.134758068,1.600449776
403,9.816233275,5.095435589,1.537202613,9.816233275,-5.095435589,1.537202613
404,9.540123842,4.448887913,1.94558776,9.540123842,-4.448887913,1.94558776
405,9.218303266,5.862673713,1.2957603,9.218303266,-5.862673713,1.2957603
406,8.820454359,5.184013906,1.011224427,8.820454359,-5.184013906,1.011224427
407,8.616439725,4.548843977,1.971367583,8.616439725,-4.548843977,1.971367583
408,8.789430357,6.434282188,1.124602431,8.789430357,-6.434282188,1.124602431
409,9.963746144,5.90999954,1.385148237,9.963746144,-5.90999954,1.385148237
410,8.381552349,5.854310644,1.062190666,8.381552349,-5.854310644,1.062190666
411,8.525326369,5.96882916,1.427442612,8.525326369,-5.96882916,1.427442612
412,9.955521944,5.991282567,1.528831965,9.955521944,-5.991282567,1.528831965
413,9.066842399,3.765020063,1.492296542,9.066842399,-3.765020063,1.492296542
414,9.220310911,3.677625857,1.18589857,9.220310911,-3.677625857,1.18589857
415,9.715497841,3.597663154,1.611138325,9.715497841,-3.597663154,1.611138325
416,9.86024849,5.99462272,1.359558786,9.86024849,-5.99462272,1.359558786
417,9.891574098,4.32716984,1.177148503,9.891574098,-4.32716984,1.177148503
418,8.872875134,4.61787164,1.78871748,8.872875134,-4.61787164,1.78871748
419,9.950661756,5.347397254,1.993474766,9.950661756,-5.347397254,1.993474766
420,8.595355554,3.548378981,1.764383443,8.595355554,-3.548378981,1.764383443
421,9.02335341,3.789311185,1.568298492,9.02335341,-3.789311185,1.568298492
422,9.654283897,5.672671092,1.972243156,9.654283897,-5.672671092,1.972243156
423,9.882984497,6.097239077,1.048482506,9.882984497,-6.097239077,1.048482506
424,9.350455591,4.558069827,1.497806929,9.350455591,-4.558069827,1.497806929
425,9.186847189,4.846134646,1.502411472,9.186847189,-4.846134646,1.502411472
426,9.036574492,6.323397078,1.273992992,9.036574492,-6.323397078,1.273992992
427,8.077240002,4.608714621,1.893591568,8.077240002,-4.608714621,1.893591568
428,8.145114506,5.700990209,1.745403475,8.145114506,-5.700990209,1.745403475
429,8.632080871,4.197148846,1.632141809,8.632080871,-4.197148846,1.632141809
430,9.990115686,6.065009332,1.458425849,9.990115686,-6.065009332,1.458425849
431,8.038180479,6.104362604,1.044653042,8.038180479,-6.104362604,1.044653042
432,8.146267508,4.707469089,1.443889638,8.146267508,-4.707469089,1.443889638
433,8.422475607,5.661000743,1.097796532,8.422475607,-5.661000743,1.097796532
434,9.97817128,6.132969476,1.687174006,9.97817128,-6.132969476,1.687174006
435,8.09763474,5.058634457,1.771951954,8.09763474,-5.058634457,1.771951954
436,9.160380542,4.173357358,1.242872189,9.160380542,-4.173357358,1.242872189
437,8.41980254,5.017674222,1.273027685,8.41980254,-5.017674222,1.273027685
438,9.234150026,5.024004916,1.976477194,9.234150026,-5.024004916,1.976477194
439,9.660418801,3.596357139,1.849234056,9.660418801,-3.596357139,1.849234056
440,9.360476548,4.525419021,1.848783899,9.360476548,-4.525419021,1.848783899
441,9.184863901,5.338666861,1.041126997,9.184863901,-5.338666861,1.041126997
442,8.452950425,4.480735268,1.71015957,8.452950425,-4.480735268,1.71015957
443,8.01322163,4.084542884,1.324683348,8.01322163,-4.084542884,1.324683348
444,9.341350155,6.256416509,1.867492768,9.341350155,-6.256416509,1.867492768
445,8.49904182,4.052552511,1.036035692,8.49904182,-4.052552511,1.036035692
446,9.09226225,5.277166742,1.118092048,9.09226225,-5.277166742,1.118092048
447,8.668206352,4.037510162,1.310951159,8.668206352,-4.037510162,1.310951159
448,8.191995939,6.135548871,1.419296755,8.191995939,-6.135548871,1.419296755
449,9.760680294,4.324388527,1.290970792,9.760680294,-4.324388527,1.290970792
450,8.106639801,5.402802577,1.05293476,8.106639801,-5.402802577,1.05293476
451,9.043146117,5.33321075,1.690751711,9.043146117,-5.33321075,1.690751711
452,9.432479468,5.782517078,1.738492887,9.432479468,-5.782517078,1.738492887
453,9.121597426,5.502234961,1.777608809,9.121597426,-5.502234961,1.777608809
454,9.126614776,6.097608766,1.102054571,9.126614776,-6.097608766,1.102054571
455,8.172491333,5.960336912,1.065202953,8.172491333,-5.960336912,1.065202953
456,9.38318328,3.769858776,1.689436087,9.38318328,-3.769858776,1.689436087
457,8.902849975,4.402603941,1.390056319,8.902849975,-4.402603941,1.390056319
458,9.8470703,4.638318525,1.056865888,9.8470703,-4.638318525,1.056865888
459,8.09884342,6.081211285,1.234006017,8.09884342,-6.081211285,1.234006017
460,9.817563455,6.288312908,1.631979155,9.817563455,-6.288312908,1.631979155
461,8.565203098,6.068965834,1.030376621,8.565203098,-6.068965834,1.030376621
462,8.703550067,5.818548371,1.028442883,8.703550067,-5.818548371,1.028442883
463,9.611888482,6.104644497,1.989719926,9.611888482,-6.104644497,1.989719926
464,8.595254171,5.373840029,1.351412978,8.595254171,-5.373840029,1.351412978
465,9.308584187,4.343489784,1.586229787,9.308584187,-4.343489784,1.586229787
466,8.792130138,3.700943961,1.046103874,8.792130138,-3.700943961,1.046103874
467,8.081922151,3.715872122,1.032803151,8.081922151,-3.715872122,1.032803151
468,8.380562759,3.752542379,1.831501186,8.380562759,-3.752542379,1.831501186
469,8.236129408,5.142004334,1.756223473,8.236129408,-5.142004334,1.756223473
470,9.42793419,4.449062687,1.804769985,9.42793419,-4.449062687,1.804769985
471,8.277674901,4.407364407,1.369756953,8.277674901,-4.407364407,1.369756953
472,8.5220995,4.511095487,1.493931471,8.5220995,-4.511095487,1.493931471
473,8.942258296,5.715715984,1.874860384,8.942258296,-5.715715984,1.874860384
474,9.739325497,5.86994548,1.337251443,9.739325497,-5.86994548,1.337251443
475,8.263225533,3.994731136,1.643619762,8.263225533,-3.994731136,1.643619762
476,8.702489512,5.045418228,1.153481202,8.702489512,-5.045418228,1.153481202
477,9.370540973,5.420529386,1.116507189,9.370540973,-5.420529386,1.116507189
478,8.259262816,4.71532032,1.779216719,8.259262816,-4.71532032,1.779216719
479,9.736368852,3.886123384,1.464226055,9.736368852,-3.886123384,1.464226055
480,9.062818504,6.079178196,1.345422227,9.062818504,-6.079178196,1.345422227
481,8.835950568,4.595867782,1.716599392,8.835950568,-4.595867782,1.716599392
482,9.602259959,4.800122368,1.067451144,9.602259959,-4.800122368,1.067451144
483,9.500880915,5.501464318,1.955057123,9.500880915,-5.501464318,1.955057123
484,8.164665472,5.976344244,1.87016591,8.164665472,-5.976344244,1.87016591
485,8.217420353,4.079696038,1.138335062,8.217420353,-4.079696038,1.138335062
486,8.004842233,4.601508866,1.366113419,8.004842233,-4.601508866,1.366113419
487,8.157704083,4.209520504,1.41417496,8.157704083,-4.209520504,1.41417496
488,9.373280103,6.098366359,1.369876389,9.373280103,-6.098366359,1.369876389
489,8.500455107,5.655004026,1.434399612,8.500455107,-5.655004026,1.434399612
490,9.759345635,4.199788196,1.251049651,9.759345635,-4.199788196,1.251049651
491,9.555151906,4.466254442,1.198645246,9.555151906,-4.466254442,1.198645246
492,8.02866484,3.576679177,1.502756267,8.02866484,-3.576679177,1.502756267
493,9.085872549,5.335312879,1.405803255,9.085872549,-5.335312879,1.405803255
494,8.385358573,5.214674887,1.198826325,8.385358573,-5.214674887,1.198826325
495,8.055812156,6.497079783,1.685018346,8.055812156,-6.497079783,1.685018346
496,8.11702508,3.585094905,1.812935623,8.11702508,-3.585094905,1.812935623
497,8.579580372,5.852820578,1.543701146,8.579580372,-5.852820578,1.543701146
498,9.760058121,5.776024888,1.724995265,9.760058121,-5.776024888,1.724995265
499,8.257904178,4.868569437,1.432852701,8.257904178,-4.868569437,1.432852701
500,8.063253999,4.004264985,1.707371946,8.063253999,-4.004264985,1.707371946
501,9.139621239,5.012608788,1.155105796,9.139621239,-5.012608788,1.155105796
502,9.368146723,4.547696967,1.595204947,9.368146723,-4.547696967,1.595204947
503,9.451425263,5.641846773,1.483927699,9.451425263,-5.641846773,1.483927699
504,8.735821578,6.271761039,1.045894885,8.735821578,-6.271761039,1.045894885
505,8.880546809,3.719887303,1.51969019,8.880546809,-3.719887303,1.51969019
506,8.334047808,5.396428986,1.893124356,8.334047808,-5.396428986,1.893124356
507,8.794498373,4.490319687,1.066708153,8.794498373,-4.490319687,1.066708153
508,8.788640826,6.206439492,1.726506463,8.788640826,-6.206439492,1.726506463
509,9.321510449,6.474557153,1.402419354,9.321510449,-6.474557153,1.402419354
510,8.963472167,5.464609588,1.370746848,8.963472167,-5.464609588,1.370746848
511,8.962912137,4.198597796,1.843786126,8.962912137,-4.198597796,1.843786126
512,9.060186459,4.684623376,1.305273985,9.060186459,-4.684623376,1.305273985
513,8.413295223,3.958427591,1.755536549,8.413295223,-3.958427591,1.755536549
514,8.14842028,5.166567967,1.42949338,8.14842028,-5.166567967,1.42949338
515,9.855922014,6.337361328,1.239439936,9.855922014,-6.337361328,1.239439936
516,8.908346076,5.228251671,1.128629223,8.908346076,-5.228251671,1.128629223
517,8.290823178,5.015227937,1.983470325,8.290823178,-5.015227937,1.983470325
518,8.179138136,3.982496925,1.28463581,8.179138136,-3.982496925,1.28463581
519,9.83395929,4.630630892,1.315114371,9.83395929,-4.630630892,1.315114371
520,9.080184804,3.841512835,1.675614268,9.080184804,-3.841512835,1.675614268
521,8.571519039,5.842109202,1.715516629,8.571519039,-5.842109202,1.715516629
522,9.258498258,4.872366081,1.350912445,9.258498258,-4.872366081,1.350912445
523,9.918973435,3.597316825,1.122540067,9.918973435,-3.597316825,1.122540067
524,9.999009492,5.802597935,1.808590872,9.999009492,-5.802597935,1.808590872
525,8.756230199,4.573634612,1.633690202,8.756230199,-4.573634612,1.633690202
526,8.32873012,5.674175009,1.653809947,8.32873012,-5.674175009,1.653809947
527,8.405710499,6.458106849,1.457374215,8.405710499,-6.458106849,1.457374215
528,9.196820535,4.581074289,1.413156605,9.196820535,-4.581074289,1.413156605
529,9.088232626,3.645314816,1.536927806,9.088232626,-3.645314816,1.536927806
530,8.697377072,5.986637703,1.118836823,8.697377072,-5.986637703,1.118836823
531,9.412309658,4.051679224,1.460658709,9.412309658,-4.051679224,1.460658709
532,9.028442726,4.608998893,1.471488026,9.028442726,-4.608998893,1.471488026
533,8.087180988,5.373545516,1.48786548,8.087180988,-5.373545516,1.48786548
534,8.388810849,4.765881514,1.9202157,8.388810849,-4.765881514,1.9202157
535,9.041176544,5.600909839,1.571055716,9.041176544,-5.600909839,1.571055716
536,9.774330098,4.285257964,1.958057026,9.774330098,-4.285257964,1.958057026
537,8.898688243,4.082361909,1.584700564,8.898688243,-4.082361909,1.584700564
538,8.149586984,5.188987869,1.680772685,8.149586984,-5.188987869,1.680772685
539,9.026171471,4.610170344,1.91773549,9.026171471,-4.610170344,1.91773549
540,9.772242027,5.337735027,1.072643836,9.772242027,-5.337735027,1.072643836
541,9.58654985,3.84472884,1.628188684,9.58654985,-3.84472884,1.628188684
542,8.600378005,5.254191309,1.206404247,8.600378005,-5.254191309,1.206404247
543,8.009728172,5.958994818,1.361954132,8.009728172,-5.958994818,1.361954132
544,9.313692042,3.506778987,1.232796135,9.313692042,-3.506778987,1.232796135
545,8.543454098,6.487139216,1.712614726,8.543454098,-6.487139216,1.712614726
546,8.154174395,6.098298203,1.611353095,8.154174395,-6.098298203,1.611353095
547,8.923597069,4.385320804,1.044773991,8.923597069,-4.385320804,1.044773991
548,8.699272905,5.446059531,1.936360465,8.699272905,-5.446059531,1.936360465
549,9.3073492,4.931098873,1.559616195,9.3073492,-4.931098873,1.559616195
550,9.009896751,5.116377128,1.144626351,9.009896751,-5.116377128,1.144626351
551,9.339484506,6.023192574,1.479043313,9.339484506,-6.023192574,1.479043313
552,9.067665113,5.763263883,1.074438803,9.067665113,-5.763263883,1.074438803
553,9.244466013,6.213630288,1.235025785,9.244466013,-6.213630288,1.235025785
554,9.782514298,3.66701629,1.763240866,9.782514298,-3.66701629,1.763240866
555,8.110938459,4.475241325,1.935665267,8.110938459,-4.475241325,1.935665267
556,9.39633947,5.243208391,1.52609973,9.39633947,-5.243208391,1.52609973
557,9.796322573,5.641232976,1.741439836,9.796322573,-5.641232976,1.741439836
558,8.145220507,6.43843358,1.51458204,8.145220507,-6.43843358,1.51458204
559,8.145409239,5.059439457,1.117351349,8.145409239,-5.059439457,1.117351349
560,8.417666699,4.50980279,1.898399896,8.417666699,-4.50980279,1.898399896
561,8.286865368,4.487791397,1.863007908,8.286865368,-4.487791397,1.863007908
562,9.236166809,4.436469362,1.088014138,9.236166809,-4.436469362,1.088014138
563,9.725490877,6.372553449,1.887467326,9.725490877,-6.372553449,1.887467326
564,8.102350678,3.690924626,1.088748352,8.102350678,-3.690924626,1.088748352
565,8.647230545,5.446728318,1.553977775,8.647230545,-5.446728318,1.553977775
566,9.521711409,4.034983486,1.474981354,9.521711409,-4.034983486,1.474981354
567,9.440927854,5.159401143,1.127245021,9.440927854,-5.159401143,1.127245021
568,9.832805154,6.051626429,1.941372908,9.832805154,-6.051626429,1.941372908
569,8.839435567,5.691253708,1.108819556,8.839435567,-5.691253708,1.108819556
570,9.3100903,5.602418405,1.537191202,9.3100903,-5.602418405,1.537191202
571,8.498050198,3.667448554,1.631546067,8.498050198,-3.667448554,1.631546067
572,9.422296288,6.056217154,1.645623804,9.422296288,-6.056217154,1.645623804
573,8.246641031,3.883866247,1.329291381,8.246641031,-3.883866247,1.329291381
574,8.173873835,4.885285738,1.424072237,8.173873835,-4.885285738,1.424072237
575,8.940877218,4.200459498,1.321529071,8.940877218,-4.200459498,1.321529071
576,8.73137749,5.908625928,1.681077262,8.73137749,-5.908625928,1.681077262
577,8.84644951,4.807317364,1.91259818,8.84644951,-4.807317364,1.91259818
578,8.166522947,3.590073244,1.20355079,8.166522947,-3.590073244,1.20355079
579,9.148208759,4.462844439,1.951984523,9.148208759,-4.462844439,1.951984523
580,9.791344827,6.303072018,1.052877189,9.791344827,-6.303072018,1.052877189
581,9.59503713,6.464053641,1.324834376,9.59503713,-6.464053641,1.324834376
582,9.907812871,5.459562094,1.774292195,9.907812871,-5.459562094,1.774292195
583,8.863601187,5.508030586,1.921766808,8.863601187,-5.508030586,1.921766808
584,8.065145746,4.893435221,1.28048077,8.065145746,-4.893435221,1.28048077
585,8.123741009,4.509707263,1.495190156,8.123741009,-4.509707263,1.495190156
586,8.364846544,4.587787114,1.112903915,8.364846544,-4.587787114,1.112903915
587,8.970203124,5.669607686,1.757666246,8.970203124,-5.669607686,1.757666246
588,8.759376118,3.859834787,1.103949339,8.759376118,-3.859834787,1.103949339
589,9.586054945,3.748510009,1.768940121,9.586054945,-3.748510009,1.768940121
590,8.469830665,4.759863586,1.176199505,8.469830665,-4.759863586,1.176199505
591,8.240003917,4.763183463,1.335228052,8.240003917,-4.763183463,1.335228052
592,9.94670386,4.914793776,1.154153425,9.94670386,-4.914793776,1.154153425
593,9.291812147,6.124558753,1.691022219,9.291812147,-6.124558753,1.691022219
594,9.592743438,4.23864854,1.326473666,9.592743438,-4.23864854,1.326473666
595,8.367126499,6.099810271,1.92443951,8.367126499,-6.099810271,1.92443951
596,8.666260938,4.148983645,1.896736409,8.666260938,-4.148983645,1.896736409
597,9.626663757,6.19266882,1.357053764,9.626663757,-6.19266882,1.357053764
598,8.326472823,5.649693391,1.976840602,8.326472823,-5.649693391,1.976840602
599,9.73737394,5.448527447,1.70387077,9.73737394,-5.448527447,1.70387077
600,9.14024811,6.267908818,1.004408836,9.14024811,-6.267908818,1.004408836
601,8.67878907,6.446101615,1.264920672,8.67878907,-6.446101615,1.264920672
602,9.043960571,6.439190555,1.264039164,9.043960571,-6.439190555,1.264039164
603,9.591317334,5.02599018,1.473767982,9.591317334,-5.02599018,1.473767982
604,9.778200187,4.016010771,1.938121099,9.778200187,-4.016010771,1.938121099
605,9.981100887,5.115761951,1.827615,9.981100887,-5.115761951,1.827615
606,9.251337613,5.796606219,1.947709741,9.251337613,-5.796606219,1.947709741
607,9.50579088,3.875337882,1.916762747,9.50579088,-3.875337882,1.916762747
608,9.736063134,4.923536043,1.924889399,9.736063134,-4.923536043,1.924889399
609,9.826039442,6.136512132,1.966784542,9.826039442,-6.136512132,1.966784542
610,9.887991806,4.944434789,1.407999977,9.887991806,-4.944434789,1.407999977
611,8.448737564,5.624383899,1.904274745,8.448737564,-5.624383899,1.904274745
612,8.455436127,5.944131686,1.70852598,8.455436127,-5.944131686,1.70852598
613,8.721374225,3.901056101,1.496498252,8.721374225,-3.901056101,1.496498252
614,9.413960191,4.302002537,1.567457106,9.413960191,-4.302002537,1.567457106
615,9.05492811,5.584887506,1.027349328,9.05492811,-5.584887506,1.027349328
616,8.829036641,4.077497332,1.419251681,8.829036641,-4.077497332,1.419251681
617,8.729263033,6.190401164,1.32801907,8.729263033,-6.190401164,1.32801907
618,8.776992471,5.228490236,1.798517107,8.776992471,-5.228490236,1.798517107
619,8.225152498,4.470099842,1.742585502,8.225152498,-4.470099842,1.742585502
620,8.42164821,3.691541108,1.659144923,8.42164821,-3.691541108,1.659144923
621,8.667144389,6.282209595,1.878916025,8.667144389,-6.282209595,1.878916025
622,8.166084934,5.842336243,1.394501781,8.166084934,-5.842336243,1.394501781
623,8.669063078,3.666954167,1.266973721,8.669063078,-3.666954167,1.266973721
624,9.521514518,3.972354025,1.432608148,9.521514518,-3.972354025,1.432608148
625,8.447868605,5.694406917,1.45363562,8.447868605,-5.694406917,1.45363562
626,9.835237193,5.799924638,1.979886926,9.835237193,-5.799924638,1.979886926
627,9.591924891,6.002201546,1.629877442,9.591924891,-6.002201546,1.629877442
628,9.705346055,5.737933427,1.864509146,9.705346055,-5.737933427,1.864509146
629,8.197799611,5.321218583,1.777691996,8.197799611,-5.321218583,1.777691996
630,8.220637401,4.895954456,1.314705801,8.220637401,-4.895954456,1.314705801
631,8.368108293,6.288471684,1.096055836,8.368108293,-6.288471684,1.096055836
632,8.070809477,3.752954885,1.743381355,8.070809477,-3.752954885,1.743381355
633,9.215449606,5.862361735,1.313924459,9.215449606,-5.862361735,1.313924459
634,9.076434471,5.921127803,1.30830431,9.076434471,-5.921127803,1.30830431
635,8.749235983,5.62666909,1.510539742,8.749235983,-5.62666909,1.510539742
636,8.323571787,4.677007652,1.803043725,8.323571787,-4.677007652,1.803043725
637,8.319534942,5.433421849,1.466809866,8.319534942,-5.433421849,1.466809866
638,9.418709388,5.37978893,1.699265328,9.418709388,-5.37978893,1.699265328
639,8.922475343,6.475294081,1.984336301,8.922475343,-6.475294081,1.984336301
640,8.501675628,4.867577199,1.313227165,8.501675628,-4.867577199,1.313227165
641,8.684170651,5.076501642,1.289606362,8.684170651,-5.076501642,1.289606362
642,9.694210201,5.430885233,1.781171144,9.694210201,-5.430885233,1.781171144
643,8.5645454,5.875207867,1.739352428,8.5645454,-5.875207867,1.739352428
644,8.278224621,5.441674599,1.988271471,8.278224621,-5.441674599,1.988271471
645,8.870249457,5.565031405,1.849144449,8.870249457,-5.565031405,1.849144449
646,8.779869059,5.770116802,1.757975494,8.779869059,-5.770116802,1.757975494
647,9.92958432,3.940041013,1.861591321,9.92958432,-3.940041013,1.861591321
648,8.504061006,6.276380108,1.442682951,8.504061006,-6.276380108,1.442682951
649,9.435878022,6.415186266,1.974369674,9.435878022,-6.415186266,1.974369674
650,9.171072487,5.119380818,1.798106448,9.171072487,-5.119380818,1.798106448
651,9.964103505,4.787873225,1.173589187,9.964103505,-4.787873225,1.173589187
652,9.93532011,3.998685756,1.423319572,9.93532011,-3.998685756,1.423319572
653,9.245072989,4.378659912,1.717281174,9.245072989,-4.378659912,1.717281174
654,8.031108843,3.531610134,1.623025072,8.031108843,-3.531610134,1.623025072
655,8.459831283,6.498993775,1.430225392,8.459831283,-6.498993775,1.430225392
656,8.936451419,6.478888384,1.830197115,8.936451419,-6.478888384,1.830197115
657,9.392745909,5.897599735,1.488698707,9.392745909,-5.897599735,1.488698707
658,9.651170741,4.854848011,1.513814493,9.651170741,-4.854848011,1.513814493
659,9.3353271,4.437479766,1.566451089,9.3353271,-4.437479766,1.566451089
660,9.357496159,3.899401979,1.101386117,9.357496159,-3.899401979,1.101386117
661,9.525335276,5.052311672,1.496330079,9.525335276,-5.052311672,1.496330079
662,8.309743227,4.428892594,1.94847697,8.309743227,-4.428892594,1.94847697
663,8.279826295,5.371010267,1.781147392,8.279826295,-5.371010267,1.781147392
664,9.755117236,4.122225938,1.882196419,9.755117236,-4.122225938,1.882196419
665,9.260271665,5.425899623,1.80890003,9.260271665,-5.425899623,1.80890003
666,9.522160674,6.411086899,1.692967039,9.522160674,-6.411086899,1.692967039
667,8.197852618,4.263764036,1.828236865,8.197852618,-4.263764036,1.828236865
668,9.660078722,5.823421365,1.02482211,9.660078722,-5.823421365,1.02482211
669,8.393790066,4.047306865,1.097640732,8.393790066,-4.047306865,1.097640732
670,8.235569815,5.044822555,1.060591243,8.235569815,-5.044822555,1.060591243
671,8.160714435,6.401427402,1.00433676,8.160714435,-6.401427402,1.00433676
672,9.689575913,4.701817569,1.871846842,9.689575913,-4.701817569,1.871846842
673,9.635431843,5.155283609,1.865232659,9.635431843,-5.155283609,1.865232659
674,8.651488796,4.695067572,1.227255964,8.651488796,-4.695067572,1.227255964
675,9.901078323,4.635269405,1.971656478,9.901078323,-4.635269405,1.971656478
676,9.961019822,5.001784467,1.465485451,9.961019822,-5.001784467,1.465485451
677,8.718906572,5.950607738,1.762324386,8.718906572,-5.950607738,1.762324386
678,8.047604962,4.579720721,1.944146539,8.047604962,-4.579720721,1.944146539
679,8.279392262,5.003920599,1.735505757,8.279392262,-5.003920599,1.735505757
680,9.484583451,5.616277599,1.794164805,9.484583451,-5.616277599,1.794164805
681,8.912812212,5.772442309,1.413048466,8.912812212,-5.772442309,1.413048466
682,8.222408003,5.82383705,1.724772641,8.222408003,-5.82383705,1.724772641
683,8.606008166,4.806921803,1.807693779,8.606008166,-4.806921803,1.807693779
684,9.99501991,5.156476193,1.439023261,9.99501991,-5.156476193,1.439023261
685,8.191040791,5.247015523,1.023489368,8.191040791,-5.247015523,1.023489368
686,9.000707491,3.755761358,1.599916254,9.000707491,-3.755761358,1.599916254
687,8.220432314,6.363288278,1.83026429,8.220432314,-6.363288278,1.83026429
688,9.028965871,4.588204529,1.015134564,9.028965871,-4.588204529,1.015134564
689,9.621523575,3.912867225,1.930849318,9.621523575,-3.912867225,1.930849318
690,8.615037303,6.249949269,1.831870059,8.615037303,-6.249949269,1.831870059
691,8.309209981,4.191265322,1.70842489,8.309209981,-4.191265322,1.70842489
692,8.96214707,4.342942666,1.615738632,8.96214707,-4.342942666,1.615738632
693,8.893299329,5.626706334,1.166096144,8.893299329,-5.626706334,1.166096144
694,9.717402577,6.400745981,1.558455905,9.717402577,-6.400745981,1.558455905
695,8.586528247,4.192130324,1.607193438,8.586528247,-4.192130324,1.607193438
696,9.191604671,5.212599877,1.062488391,9.191604671,-5.212599877,1.062488391
697,9.325716432,3.697482357,1.049166706,9.325716432,-3.697482357,1.049166706
698,9.277777798,5.884637309,1.197664285,9.277777798,-5.884637309,1.197664285
699,8.166700576,4.611326048,1.003198376,8.166700576,-4.611326048,1.003198376
700,9.681266412,4.832342038,1.140698063,9.681266412,-4.832342038,1.140698063
701,8.189907858,4.183575657,1.813338382,8.189907858,-4.183575657,1.813338382
702,9.690218083,4.035477956,1.585357606,9.690218083,-4.035477956,1.585357606
703,8.725272729,6.084389747,1.351233695,8.725272729,-6.084389747,1.351233695
704,9.684887575,6.144630424,1.15580537,9.684887575,-6.144630424,1.15580537
705,8.721506702,5.119068089,1.264170475,8.721506702,-5.119068089,1.264170475
706,9.034397867,5.917945213,1.241331195,9.034397867,-5.917945213,1.241331195
707,8.87556982,5.953073025,1.824583443,8.87556982,-5.953073025,1.824583443
708,9.618590968,3.920247735,1.085735901,9.618590968,-3.920247735,1.085735901
709,9.81489719,3.609859102,1.518455877,9.81489719,-3.609859102,1.518455877
710,8.629846349,5.538957263,1.863128183,8.629846349,-5.538957263,1.863128183
711,9.580080981,5.258725186,1.018794754,9.580080981,-5.258725186,1.018794754
712,8.775938138,6.188452676,1.323585469,8.775938138,-6.188452676,1.323585469
713,8.063125113,5.758946746,1.93991289,8.063125113,-5.758946746,1.93991289
714,9.772099487,5.785039628,1.132354995,9.772099487,-5.785039628,1.132354995
715,9.371156672,6.385445277,1.470492483,9.371156672,-6.385445277,1.470492483
716,8.861667329,4.298523633,1.506011928,8.861667329,-4.298523633,1.506011928
717,8.543919172,5.242499477,1.490886163,8.543919172,-5.242499477,1.490886163
718,8.854443675,3.715613054,1.184847084,8.854443675,-3.715613054,1.184847084
719,9.173072407,6.234684532,1.335992402,9.173072407,-6.234684532,1.335992402
720,9.165935669,4.298817692,1.204954918,9.165935669,-4.298817692,1.204954918
721,9.551102737,5.064397543,1.853114125,9.551102737,-5.064397543,1.853114125
722,8.955878706,5.477919389,1.643884526,8.955878706,-5.477919389,1.643884526
723,9.597589459,4.065913638,1.598884166,9.597589459,-4.065913638,1.598884166
724,9.609108487,5.377088662,1.323778639,9.609108487,-5.377088662,1.323778639
725,8.332004841,5.566727592,1.835660523,8.332004841,-5.566727592,1.835660523
726,8.41537976,5.338794773,1.944760245,8.41537976,-5.338794773,1.944760245
727,8.727722679,5.734646813,1.731419296,8.727722679,-5.734646813,1.731419296
728,8.857838833,4.257175717,1.883659099,8.857838833,-4.257175717,1.883659099
729,9.815305023,4.167270817,1.784395429,9.815305023,-4.167270817,1.784395429
730,8.914492744,5.151741121,1.789353778,8.914492744,-5.151741121,1.789353778
731,9.609502796,3.999545422,1.821453358,9.609502796,-3.999545422,1.821453358
732,8.24638619,3.692290674,1.512013931,8.24638619,-3.692290674,1.512013931
733,8.300077656,4.532326345,1.934951041,8.300077656,-4.532326345,1.934951041
734,9.154749964,5.994737955,1.960966271,9.154749964,-5.994737955,1.960966271
735,9.939098678,4.854502587,1.794855673,9.939098678,-4.854502587,1.794855673
736,8.33282474,4.533999017,1.351999438,8.33282474,-4.533999017,1.351999438
737,9.125627051,3.974269556,1.909866485,9.125627051,-3.974269556,1.909866485
738,9.34334537,3.724981367,1.402522864,9.34334537,-3.724981367,1.402522864
739,9.762743912,4.46954185,1.512714114,9.762743912,-4.46954185,1.512714114
740,9.577995153,4.288608139,1.300576056,9.577995153,-4.288608139,1.300576056
741,9.453034054,4.788047045,1.850674592,9.453034054,-4.788047045,1.850674592
742,8.389962982,4.801226107,1.415351236,8.389962982,-4.801226107,1.415351236
743,8.399489119,6.296040135,1.203326146,8.399489119,-6.296040135,1.203326146
744,9.855756934,5.59904167,1.452370222,9.855756934,-5.59904167,1.452370222
745,8.463162711,5.009366951,1.996972917,8.463162711,-5.009366951,1.996972917
746,9.969604584,4.922651956,1.071095622,9.969604584,-4.922651956,1.071095622
747,9.251880577,4.207216461,1.90088195,9.251880577,-4.207216461,1.90088195
748,9.286302168,3.7103978,1.377536577,9.286302168,-3.7103978,1.377536577
749,9.51220372,5.689645703,1.87706044,9.51220372,-5.689645703,1.87706044
750,9.420715867,4.82516512,1.445928142,9.420715867,-4.82516512,1.445928142
751,8.687243086,5.204007923,1.305909032,8.687243086,-5.204007923,1.305909032
752,9.229993366,4.691255128,1.394051904,9.229993366,-4.691255128,1.394051904
753,8.084659259,4.238829141,1.658510185,8.084659259,-4.238829141,1.658510185
754,8.82486361,3.961788906,1.084070032,8.82486361,-3.961788906,1.084070032
755,8.752323464,6.219382411,1.756961816,8.752323464,-6.219382411,1.756961816
756,9.187392078,4.990407796,1.308347906,9.187392078,-4.990407796,1.308347906
757,9.745002408,5.687009128,1.622087232,9.745002408,-5.687009128,1.622087232
758,8.553669367,5.773290708,1.17673748,8.553669367,-5.773290708,1.17673748
759,9.126629275,3.900819732,1.808704373,9.126629275,-3.900819732,1.808704373
760,8.821848375,5.810078378,1.192916966,8.821848375,-5.810078378,1.192916966
761,9.713071491,5.859311781,1.168710513,9.713071491,-5.859311781,1.168710513
762,8.070658563,3.828432648,1.302977984,8.070658563,-3.828432648,1.302977984
763,9.424875147,3.941119045,1.248447588,9.424875147,-3.941119045,1.248447588
764,8.354223301,5.771774341,1.645501592,8.354223301,-5.771774341,1.645501592
765,8.174589699,6.445839105,1.246696118,8.174589699,-6.445839105,1.246696118
766,8.840136172,5.280226902,1.220465074,8.840136172,-5.280226902,1.220465074
767,8.726527823,3.561874162,1.251366861,8.726527823,-3.561874162,1.251366861
768,9.175020385,4.439821085,1.631704539,9.175020385,-4.439821085,1.631704539
769,8.987026107,3.779498738,1.595308562,8.987026107,-3.779498738,1.595308562
770,9.822155096,5.845319018,1.117170277,9.822155096,-5.845319018,1.117170277
771,9.040518284,5.131885067,1.774040047,9.040518284,-5.131885067,1.774040047
772,9.677405603,6.450221412,1.451333499,9.677405603,-6.450221412,1.451333499
773,8.052344053,3.809363057,1.740685779,8.052344053,-3.809363057,1.740685779
774,9.222093954,4.868113572,1.938933449,9.222093954,-4.868113572,1.938933449
775,9.305768219,4.624454397,1.216609922,9.305768219,-4.624454397,1.216609922
776,9.035297449,6.268859239,1.588520319,9.035297449,-6.268859239,1.588520319
777,9.302010435,5.275752262,1.251492515,9.302010435,-5.275752262,1.251492515
778,8.915316474,3.979499284,1.893303391,8.915316474,-3.979499284,1.893303391
779,8.483255857,5.682948225,1.845788736,8.483255857,-5.682948225,1.845788736
780,9.933912311,4.973181648,1.206632223,9.933912311,-4.973181648,1.206632223
781,8.975967531,5.455540951,1.364195954,8.975967531,-5.455540951,1.364195954
782,8.281836443,5.402023672,1.996622985,8.281836443,-5.402023672,1.996622985
783,8.312924592,6.473178973,1.46408735,8.312924592,-6.473178973,1.46408735
784,8.105854222,4.91536118,1.831217574,8.105854222,-4.91536118,1.831217574
785,8.676096864,4.052243336,1.721646506,8.676096864,-4.052243336,1.721646506
786,8.06286545,4.089108052,1.579184082,8.06286545,-4.089108052,1.579184082
787,8.388815264,6.254098863,1.335064745,8.388815264,-6.254098863,1.335064745
788,9.934039538,5.682557342,1.327707048,9.934039538,-5.682557342,1.327707048
789,8.536033434,4.855235802,1.633685533,8.536033434,-4.855235802,1.633685533
790,8.290574579,4.615387021,1.992379122,8.290574579,-4.615387021,1.992379122
791,8.348382078,3.694971207,1.430058514,8.348382078,-3.694971207,1.430058514
792,9.353451981,6.421263183,1.625315968,9.353451981,-6.421263183,1.625315968
793,9.773016084,3.686030316,1.964791067,9.773016084,-3.686030316,1.964791067
794,9.344352868,6.058498137,1.37212824,9.344352868,-6.058498137,1.37212824
795,8.177029504,6.407617544,1.648770091,8.177029504,-6.407617544,1.648770091
796,9.816925188,4.33784038,1.764571531,9.816925188,-4.33784038,1.764571531
797,8.873788259,3.88681792,1.481311631,8.873788259,-3.88681792,1.481311631
798,9.751300341,4.029640293,1.204461791,9.751300341,-4.029640293,1.204461791
799,9.896485854,3.946516879,1.784243591,9.896485854,-3.946516879,1.784243591
800,8.185854243,6.026213352,1.753114117,8.185854243,-6.026213352,1.753114117
801,9.715391359,4.187555163,1.249627248,9.715391359,-4.187555163,1.249627248
802,8.475644814,4.520960468,1.611990094,8.475644814,-4.520960468,1.611990094
803,8.235707467,4.657464659,1.652190216,8.235707467,-4.657464659,1.652190216
804,9.064939704,5.206309825,1.402899147,9.064939704,-5.206309825,1.402899147
805,9.033021313,6.212670768,1.46661567,9.033021313,-6.212670768,1.46661567
806,9.131225785,6.342322037,1.734093521,9.131225785,-6.342322037,1.734093521
807,8.275585708,6.227177718,1.98527495,8.275585708,-6.227177718,1.98527495
808,8.320771237,6.48320271,1.791652283,8.320771237,-6.48320271,1.791652283
809,8.820946547,6.157026302,1.925091297,8.820946547,-6.157026302,1.925091297
810,8.803141712,4.618248669,1.309018035,8.803141712,-4.618248669,1.309018035
811,8.513806057,3.601660768,1.404895907,8.513806057,-3.601660768,1.404895907
812,9.307261779,3.857025729,1.24240711,9.307261779,-3.857025729,1.24240711
813,8.488814339,6.273067202,1.169422905,8.488814339,-6.273067202,1.169422905
814,8.979109738,6.107831185,1.582662127,8.979109738,-6.107831185,1.582662127
815,8.31378879,5.100331077,1.026150988,8.31378879,-5.100331077,1.026150988
816,8.666644655,5.9276015,1.747181441,8.666644655,-5.9276015,1.747181441
817,9.894500204,3.767156044,1.280325609,9.894500204,-3.767156044,1.280325609
818,8.468040834,4.996126185,1.966693489,8.468040834,-4.996126185,1.966693489
819,9.281716357,5.055826778,1.026100582,9.281716357,-5.055826778,1.026100582
820,8.482950903,5.045338484,1.574324618,8.482950903,-5.045338484,1.574324618
821,9.735983205,5.502885517,1.142861553,9.735983205,-5.502885517,1.142861553
822,8.122784861,4.285067757,1.447734619,8.122784861,-4.285067757,1.447734619
823,8.758232702,6.156102997,1.811098666,8.758232702,-6.156102997,1.811098666
824,8.035586097,4.061320812,1.393794813,8.035586097,-4.061320812,1.393794813
825,8.208558265,4.552721586,1.997972591,8.208558265,-4.552721586,1.997972591
826,8.685955751,5.985155433,1.609708715,8.685955751,-5.985155433,1.609708715
827,8.31647689,4.855852677,1.2558796,8.31647689,-4.855852677,1.2558796
828,9.433829475,4.824631567,1.630601949,9.433829475,-4.824631567,1.630601949
829,8.320024649,4.12663324,1.055407846,8.320024649,-4.12663324,1.055407846
830,8.142197128,5.976174721,1.273038232,8.142197128,-5.976174721,1.273038232
831,8.925691655,5.758464219,1.855250931,8.925691655,-5.758464219,1.855250931
832,9.008781168,4.16381686,1.913878449,9.008781168,-4.16381686,1.913878449
833,8.805317895,3.737419283,1.954697413,8.805317895,-3.737419283,1.954697413
834,9.587204355,5.665947017,1.177240346,9.587204355,-5.665947017,1.177240346
835,9.269725886,3.747663014,1.528657496,9.269725886,-3.747663014,1.528657496
836,8.497486967,4.772017181,1.427516416,8.497486967,-4.772017181,1.427516416
837,9.1933805,4.637247967,1.900863148,9.1933805,-4.637247967,1.900863148
838,8.813270639,6.43059981,1.83756524,8.813270639,-6.43059981,1.83756524
839,8.60232807,5.8696579,1.248545439,8.60232807,-5.8696579,1.248545439
840,8.77467188,4.19165711,1.688036754,8.77467188,-4.19165711,1.688036754
841,8.252895067,3.578479135,1.3728461,8.252895067,-3.578479135,1.3728461
842,8.563078457,4.26808867,1.691674276,8.563078457,-4.26808867,1.691674276
843,8.476205455,3.532048806,1.625369565,8.476205455,-3.532048806,1.625369565
844,8.170718837,3.964703387,1.776331635,8.170718837,-3.964703387,1.776331635
845,8.779831529,3.814143683,1.405169509,8.779831529,-3.814143683,1.405169509
846,9.717910349,4.138695759,1.918957175,9.717910349,-4.138695759,1.918957175
847,8.700402462,6.49492735,1.075250622,8.700402462,-6.49492735,1.075250622
848,9.260229975,3.978368135,1.332149409,9.260229975,-3.978368135,1.332149409
849,8.488588093,3.95951006,1.5771451,8.488588093,-3.95951006,1.5771451
850,8.563407378,5.101971551,1.86293854,8.563407378,-5.101971551,1.86293854
851,9.960629794,6.38253377,1.220704102,9.960629794,-6.38253377,1.220704102
852,8.413712418,5.093751125,1.683666117,8.413712418,-5.093751125,1.683666117
853,8.629833946,4.885971584,1.008969802,8.629833946,-4.885971584,1.008969802
854,9.715454555,5.589077754,1.816325519,9.715454555,-5.589077754,1.816325519
855,8.679753308,6.04051329,1.730525464,8.679753308,-6.04051329,1.730525464
856,9.375633458,5.296281904,1.329215898,9.375633458,-5.296281904,1.329215898
857,8.881989893,5.212043528,1.860348595,8.881989893,-5.212043528,1.860348595
858,8.290728057,3.97273367,1.0386006,8.290728057,-3.97273367,1.0386006
859,8.90073053,6.00424392,1.891831256,8.90073053,-6.00424392,1.891831256
860,9.66529218,5.851940299,1.614227768,9.66529218,-5.851940299,1.614227768
861,9.049610636,4.193563755,1.054818784,9.049610636,-4.193563755,1.054818784
862,8.470890385,5.013957339,1.267664293,8.470890385,-5.013957339,1.267664293
863,9.241860555,4.62788816,1.825419248,9.241860555,-4.62788816,1.825419248
864,8.692659138,6.292100734,1.853643874,8.692659138,-6.292100734,1.853643874
865,9.150761472,4.896244553,1.211739763,9.150761472,-4.896244553,1.211739763
866,8.736373737,4.775538754,1.659884606,8.736373737,-4.775538754,1.659884606
867,8.304290938,5.05174982,1.40502522,8.304290938,-5.05174982,1.40502522
868,9.139537426,4.482463241,1.338570235,9.139537426,-4.482463241,1.338570235
869,9.586809717,6.458529048,1.057951241,9.586809717,-6.458529048,1.057951241
870,8.735144427,4.196670783,1.047011437,8.735144427,-4.196670783,1.047011437
871,9.304303987,6.157197855,1.621717536,9.304303987,-6.157197855,1.621717536
872,8.377103144,4.557899746,1.63563767,8.377103144,-4.557899746,1.63563767
873,8.261878936,4.021259341,1.912392467,8.261878936,-4.021259341,1.912392467
874,9.003794619,3.721408971,1.633765725,9.003794619,-3.721408971,1.633765725
875,8.157982077,3.97384891,1.346585491,8.157982077,-3.97384891,1.346585491
876,8.474084295,4.12516506,1.338527541,8.474084295,-4.12516506,1.338527541
877,9.755543253,3.512969253,1.189513509,9.755543253,-3.512969253,1.189513509
878,8.572760996,6.165621005,1.776514844,8.572760996,-6.165621005,1.776514844
879,8.763430287,3.662877853,1.188040432,8.763430287,-3.662877853,1.188040432
880,9.695542731,5.849284041,1.96334297,9.695542731,-5.849284041,1.96334297
881,8.951166443,5.935667615,1.251099209,8.951166443,-5.935667615,1.251099209
882,8.864422029,5.392830828,1.281297085,8.864422029,-5.392830828,1.281297085
883,8.805813228,6.203258529,1.414463836,8.805813228,-6.203258529,1.414463836
884,9.300424825,4.347048606,1.992983125,9.300424825,-4.347048606,1.992983125
885,9.883617973,5.095784874,1.351164756,9.883617973,-5.095784874,1.351164756
886,9.232280619,4.34885238,1.738559557,9.232280619,-4.34885238,1.738559557
887,9.05303986,5.254414007,1.718599707,9.05303986,-5.254414007,1.718599707
888,8.916750928,6.212421456,1.170404443,8.916750928,-6.212421456,1.170404443
889,9.993928259,3.868508598,1.864872057,9.993928259,-3.868508598,1.864872057
890,9.991389313,5.578353002,1.772326074,9.991389313,-5.578353002,1.772326074
891,8.815009134,4.359186554,1.937003067,8.815009134,-4.359186554,1.937003067
892,9.806515894,4.993763602,1.016629714,9.806515894,-4.993763602,1.016629714
893,8.464771164,4.071038857,1.469953858,8.464771164,-4.071038857,1.469953858
894,8.854631309,4.513475742,1.723112026,8.854631309,-4.513475742,1.723112026
895,8.006907421,5.685216288,1.706020749,8.006907421,-5.685216288,1.706020749
896,9.928077306,6.031667846,1.206591806,9.928077306,-6.031667846,1.206591806
897,8.859491625,4.85134971,1.457922432,8.859491625,-4.85134971,1.457922432
898,8.316421387,5.585394127,1.206755939,8.316421387,-5.585394127,1.206755939
899,8.087126243,5.880749376,1.435193802,8.087126243,-5.880749376,1.435193802
900,9.862009678,6.248798473,1.874376042,9.862009678,-6.248798473,1.874376042
901,8.898723822,5.173846911,1.892378745,8.898723822,-5.173846911,1.892378745
902,8.714844804,3.564163973,1.195438172,8.714844804,-3.564163973,1.195438172
903,8.032947441,4.342573021,1.90963587,8.032947441,-4.342573021,1.90963587
904,8.387107074,4.259504773,1.139151264,8.387107074,-4.259504773,1.139151264
905,9.882473139,3.501866459,1.903026229,9.882473139,-3.501866459,1.903026229
906,8.455206044,6.480480012,1.752509138,8.455206044,-6.480480012,1.752509138
907,9.472220931,4.259206364,1.294855584,9.472220931,-4.259206364,1.294855584
908,8.77641946,4.537093048,1.144056805,8.77641946,-4.537093048,1.144056805
909,9.001863729,4.139264352,1.006533851,9.001863729,-4.139264352,1.006533851
910,9.192410778,6.024935781,1.319351051,9.192410778,-6.024935781,1.319351051
911,9.106838036,6.201656731,1.310654762,9.106838036,-6.201656731,1.310654762
912,9.728910843,5.84050774,1.682538221,9.728910843,-5.84050774,1.682538221
913,9.583581601,5.899402055,1.979180343,9.583581601,-5.899402055,1.979180343
914,9.64655918,4.456129132,1.500348438,9.64655918,-4.456129132,1.500348438
915,8.643882015,3.786977886,1.865148703,8.643882015,-3.786977886,1.865148703
916,8.260531524,5.659792259,1.050102308,8.260531524,-5.659792259,1.050102308
917,9.171370886,5.819636071,1.471252384,9.171370886,-5.819636071,1.471252384
918,9.165581054,3.778446911,1.6211446,9.165581054,-3.778446911,1.6211446
919,8.592915122,6.036548339,1.495618954,8.592915122,-6.036548339,1.495618954
920,9.849197742,4.091063985,1.104187534,9.849197742,-4.091063985,1.104187534
921,9.272769403,3.532976198,1.249457096,9.272769403,-3.532976198,1.249457096
922,9.150696085,6.273604178,1.945712398,9.150696085,-6.273604178,1.945712398
923,8.492939845,5.491417914,1.549822539,8.492939845,-5.491417914,1.549822539
924,9.661377679,5.296857922,1.64082341,9.661377679,-5.296857922,1.64082341
925,9.585597845,5.645880612,1.681149338,9.585597845,-5.645880612,1.681149338
926,9.024936535,4.387007319,1.329369704,9.024936535,-4.387007319,1.329369704
927,8.400149773,4.931248786,1.15954605,8.400149773,-4.931248786,1.15954605
928,9.783684352,5.546558694,1.103977769,9.783684352,-5.546558694,1.103977769
929,9.567544721,5.052210922,1.832962559,9.567544721,-5.052210922,1.832962559
930,9.551922065,6.480749573,1.257721023,9.551922065,-6.480749573,1.257721023
931,8.797664696,3.671308007,1.707607231,8.797664696,-3.671308007,1.707607231
932,9.041078909,4.764258816,1.331968947,9.041078909,-4.764258816,1.331968947
933,9.323517399,3.538175477,1.346471716,9.323517399,-3.538175477,1.346471716
934,8.001529528,5.069543426,1.675608712,8.001529528,-5.069543426,1.675608712
935,8.481020811,3.883648257,1.670170115,8.481020811,-3.883648257,1.670170115
936,8.2039922,3.537748107,1.515045243,8.2039922,-3.537748107,1.515045243
937,9.959257884,6.30164282,1.074805144,9.959257884,-6.30164282,1.074805144
938,8.911054529,3.854132902,1.745508344,8.911054529,-3.854132902,1.745508344
939,8.428267162,4.204042698,1.42815458,8.428267162,-4.204042698,1.42815458
940,8.169874296,4.662456329,1.789210912,8.169874296,-4.662456329,1.789210912
941,8.786050161,6.121513316,1.316662085,8.786050161,-6.121513316,1.316662085
942,9.004913408,5.158723617,1.691404929,9.004913408,-5.158723617,1.691404929
943,8.181095775,4.045419817,1.884684659,8.181095775,-4.045419817,1.884684659
944,8.050385699,5.508038039,1.923604889,8.050385699,-5.508038039,1.923604889
945,9.060173449,4.868890331,1.367980732,9.060173449,-4.868890331,1.367980732
946,9.212888656,6.264709446,1.18203764,9.212888656,-6.264709446,1.18203764
947,9.84351237,4.541474075,1.499934465,9.84351237,-4.541474075,1.499934465
948,8.003646575,3.8029062,1.372214464,8.003646575,-3.8029062,1.372214464
949,9.30208464,3.851597668,1.02654178,9.30208464,-3.851597668,1.02654178
950,8.666372781,3.612466426,1.286502829,8.666372781,-3.612466426,1.286502829
951,9.447131957,4.890807218,1.6603942,9.447131957,-4.890807218,1.6603942
952,8.121663602,3.833387855,1.555433195,8.121663602,-3.833387855,1.555433195
953,9.664140983,4.127144894,1.631080479,9.664140983,-4.127144894,1.631080479
954,9.054019914,3.916228434,1.895555992,9.054019914,-3.916228434,1.895555992
955,8.137261409,5.062385233,1.136493185,8.137261409,-5.062385233,1.136493185
956,9.716257468,4.549293479,1.612948378,9.716257468,-4.549293479,1.612948378
957,8.302001868,6.406546244,1.194020027,8.302001868,-6.406546244,1.194020027
958,8.782666274,3.904049333,1.643555863,8.782666274,-3.904049333,1.643555863
959,8.401510893,4.357275935,1.75068074,8.401510893,-4.357275935,1.75068074
960,8.942516336,5.656556595,1.026670437,8.942516336,-5.656556595,1.026670437
961,9.253677257,3.502453994,1.195727797,9.253677257,-3.502453994,1.195727797
962,9.016335258,5.65559952,1.788844208,9.016335258,-5.65559952,1.788844208
963,9.392751619,5.199560721,1.277479694,9.392751619,-5.199560721,1.277479694
964,8.857005069,5.460220274,1.450892787,8.857005069,-5.460220274,1.450892787
965,8.941518005,4.44987144,1.648235128,8.941518005,-4.44987144,1.648235128
966,9.85559438,4.365037772,1.214457658,9.85559438,-4.365037772,1.214457658
967,8.290818076,5.750995283,1.027691596,8.290818076,-5.750995283,1.027691596
968,8.728661468,3.997411746,1.806597708,8.728661468,-3.997411746,1.806597708
969,9.086271761,5.446266056,1.107650397,9.086271761,-5.446266056,1.107650397
970,8.671485902,5.804438806,1.696418389,8.671485902,-5.804438806,1.696418389
971,9.602428998,4.509422659,1.530846433,9.602428998,-4.509422659,1.530846433
972,8.703515662,4.870065082,1.197799753,8.703515662,-4.870065082,1.197799753
973,9.558656023,5.62020662,1.417034051,9.558656023,-5.62020662,1.417034051
974,9.922705131,3.805252822,1.853452942,9.922705131,-3.805252822,1.853452942
975,9.316380768,3.960121122,1.223154413,9.316380768,-3.960121122,1.223154413
976,9.77007018,4.151018887,1.490045398,9.77007018,-4.151018887,1.490045398
977,9.492728277,4.343705193,1.095293857,9.492728277,-4.343705193,1.095293857
978,8.661653962,4.711012383,1.73983938,8.661653962,-4.711012383,1.73983938
979,9.911144481,5.602201964,1.072630357,9.911144481,-5.602201964,1.072630357
980,9.380382842,3.794732038,1.454663654,9.380382842,-3.794732038,1.454663654
981,8.846660607,5.353246382,1.452696646,8.846660607,-5.353246382,1.452696646
982,8.374450019,4.983995611,1.872184712,8.374450019,-4.983995611,1.872184712
983,9.354576157,5.268847281,1.628726209,9.354576157,-5.268847281,1.628726209
984,8.052596929,4.135230197,1.227089367,8.052596929,-4.135230197,1.227089367
985,9.520355638,4.338044372,1.709883165,9.520355638,-4.338044372,1.709883165
986,9.801925571,5.971796958,1.591286508,9.801925571,-5.971796958,1.591286508
987,8.440527418,4.60061272,1.07072111,8.440527418,-4.60061272,1.07072111
988,9.813866044,6.29900904,1.453557164,9.813866044,-6.29900904,1.453557164
989,9.125667247,5.89136995,1.624810719,9.125667247,-5.89136995,1.624810719
990,8.953102423,5.256748301,1.051833407,8.953102423,-5.256748301,1.051833407
991,8.074722928,3.815195209,1.447281969,8.074722928,-3.815195209,1.447281969
992,9.438325064,5.699492081,1.907690798,9.438325064,-5.699492081,1.907690798
993,9.553818872,5.801846455,1.390837911,9.553818872,-5.801846455,1.390837911
994,9.649583087,4.021875808,1.80555154,9.649583087,-4.021875808,1.80555154
995,9.452347888,3.54499883,1.449022146,9.452347888,-3.54499883,1.449022146
996,8.092961031,4.212253742,1.546989119,8.092961031,-4.212253742,1.546989119
997,8.595939241,5.586416971,1.859204354,8.595939241,-5.586416971,1.859204354
998,8.628751357,6.471570019,1.897504872,8.628751357,-6.471570019,1.897504872
999,9.462367869,6.485509776,1.736549768,9.462367869,-6.485509776,1.736549768