"""Atmos Mix Number""",LVoxFXRightPosX:,LVoxFXRightPosY:,LVoxFXRightPosZ:,LVoxFXLeftPosX:,LVoxFXLeftPosY:,LVoxFXLeftPosZ:
1,9.353156344,-4.569021565,0.8787667061,9.353156344,4.569021565,0.8787667061
2,9.358779164,-7.560442164,0.4364139041,9.358779164,7.560442164,0.4364139041
3,9.547570161,-5.09225523,0.7938287213,9.547570161,5.09225523,0.7938287213
4,8.809340483,-5.710967211,1.602250574,8.809340483,5.710967211,1.602250574
5,9.997775402,-5.501076391,2.500367067,9.997775402,5.501076391,2.500367067
6,8.283132,-7.169947834,4.306405653,8.283132,7.169947834,4.306405653
7,8.248351039,-7.508381043,0.4994574049,8.248351039,7.508381043,0.4994574049
8,9.408841349,-4.850089797,3.230570514,9.408841349,4.850089797,3.230570514
9,9.007170817,-6.460108188,1.366507071,9.007170817,6.460108188,1.366507071
10,9.518182869,-6.258028825,4.578033495,9.518182869,6.258028825,4.578033495
11,8.858805827,-5.41521702,0.01846594398,8.858805827,5.41521702,0.01846594398
12,9.298793057,-4.313423166,0.6790812675,9.298793057,4.313423166,0.6790812675
13,8.757991257,-6.395103943,4.582484568,8.757991257,6.395103943,4.582484568
14,8.253324014,-5.600887807,4.801490557,8.253324014,5.600887807,4.801490557
15,9.478344766,-4.030881869,3.925877675,9.478344766,4.030881869,3.925877675
16,8.842197548,-7.797298844,3.179009545,8.842197548,7.797298844,3.179009545
17,9.454868419,-5.445537513,4.719840559,9.454868419,5.445537513,4.719840559
18,9.998739781,-5.927471193,1.83737904,9.998739781,5.927471193,1.83737904
19,9.457097507,-5.62835168,0.04282633373,9.457097507,5.62835168,0.04282633373
20,9.252633361,-4.372288149,1.460841945,9.252633361,4.372288149,1.460841945
21,8.866585602,-6.966875555,4.476975348,8.866585602,6.966875555,4.476975348
22,8.349945694,-5.642058514,3.584448583,8.349945694,5.642058514,3.584448583
23,9.767515943,-5.985504714,3.546283632,9.767515943,5.985504714,3.546283632
24,9.790806327,-7.603734743,2.366649597,9.790806327,7.603734743,2.366649597
25,9.008606069,-7.500041335,3.212727382,9.008606069,7.500041335,3.212727382
26,8.800753029,-5.195674373,3.156141717,8.800753029,5.195674373,3.156141717
27,8.430399235,-5.947887742,2.151351816,8.430399235,5.947887742,2.151351816
28,8.996739297,-6.072391697,1.845806864,8.996739297,6.072391697,1.845806864
29,9.803028021,-4.019431836,0.2230645638,9.803028021,4.019431836,0.2230645638
30,9.397933405,-6.801269413,3.449582153,9.397933405,6.801269413,3.449582153
31,9.070353642,-6.136062192,2.150817623,9.070353642,6.136062192,2.150817623
32,9.865131642,-6.203000305,2.555568729,9.865131642,6.203000305,2.555568729
33,9.288048401,-5.844863549,4.967948537,9.288048401,5.844863549,4.967948537
34,9.837497029,-7.51964788,3.926613943,9.837497029,7.51964788,3.926613943
35,8.372964944,-6.692673022,4.574207851,8.372964944,6.692673022,4.574207851
36,8.08431275,-5.953177916,4.929575055,8.08431275,5.953177916,4.929575055
37,8.302533898,-5.278604792,4.323598028,8.302533898,5.278604792,4.323598028
38,8.721640751,-6.700150638,0.08373175917,8.721640751,6.700150638,0.08373175917
39,9.72572626,-6.452663536,2.237370061,9.72572626,6.452663536,2.237370061
40,9.984600506,-7.184515508,1.500202201,9.984600506,7.184515508,1.500202201
41,8.737313194,-4.329432362,1.334791952,8.737313194,4.329432362,1.334791952
42,8.127060773,-5.342133537,0.5262131738,8.127060773,5.342133537,0.5262131738
43,9.647031329,-7.033338509,1.993647374,9.647031329,7.033338509,1.993647374
44,8.679769733,-7.43231441,3.464779964,8.679769733,7.43231441,3.464779964
45,8.423319117,-6.81143287,3.872514761,8.423319117,6.81143287,3.872514761
46,9.379467266,-5.150312894,1.781494734,9.379467266,5.150312894,1.781494734
47,8.742307036,-5.079263151,2.068999193,8.742307036,5.079263151,2.068999193
48,9.035724384,-4.309924829,0.9710486796,9.035724384,4.309924829,0.9710486796
49,8.517726693,-5.656049431,0.06416360678,8.517726693,5.656049431,0.06416360678
50,9.985777472,-6.889079483,1.987809008,9.985777472,6.889079483,1.987809008
51,9.873626172,-4.260262502,1.965963386,9.873626172,4.260262502,1.965963386
52,8.563358035,-5.928178946,4.363829518,8.563358035,5.928178946,4.363829518
53,8.852746738,-4.451655883,0.3566978366,8.852746738,4.451655883,0.3566978366
54,9.044605135,-5.09791648,1.376324653,9.044605135,5.09791648,1.376324653
55,8.988906229,-5.609070514,2.055142391,8.988906229,5.609070514,2.055142391
56,8.107978883,-4.479943506,2.682732805,8.107978883,4.479943506,2.682732805
57,9.127752037,-6.025722261,3.597528693,9.127752037,6.025722261,3.597528693
58,9.137304272,-7.31208462,0.02851017564,9.137304272,7.31208462,0.02851017564
59,8.629065344,-4.398457381,1.637935167,8.629065344,4.398457381,1.637935167
60,9.295564793,-5.53434697,3.029832379,9.295564793,5.53434697,3.029832379
61,9.053927745,-7.310415684,1.573607763,9.053927745,7.310415684,1.573607763
62,8.695966826,-6.639772804,1.735169074,8.695966826,6.639772804,1.735169074
63,8.516273452,-5.995945514,2.96052524,8.516273452,5.995945514,2.96052524
64,9.096505059,-4.604768511,0.03658351312,9.096505059,4.604768511,0.03658351312
65,8.60165306,-6.783263537,3.03608969,8.60165306,6.783263537,3.03608969
66,8.151413182,-6.878939297,1.909566715,8.151413182,6.878939297,1.909566715
67,9.823700717,-7.997505813,4.386676651,9.823700717,7.997505813,4.386676651
68,9.580377021,-5.19920692,3.550865768,9.580377021,5.19920692,3.550865768
69,8.354338396,-6.450285683,4.356106934,8.354338396,6.450285683,4.356106934
70,9.78335576,-7.314104832,2.414301394,9.78335576,7.314104832,2.414301394
71,9.736931992,-5.429906549,3.695674553,9.736931992,5.429906549,3.695674553
72,8.960694353,-6.831178839,4.837881289,8.960694353,6.831178839,4.837881289
73,9.638455622,-6.639783576,4.606608243,9.638455622,6.639783576,4.606608243
74,9.126557019,-7.915385852,1.850044182,9.126557019,7.915385852,1.850044182
75,8.739481606,-7.924670599,2.261791075,8.739481606,7.924670599,2.261791075
76,8.366456802,-5.363827091,2.042742388,8.366456802,5.363827091,2.042742388
77,8.578016626,-4.800757238,3.045879659,8.578016626,4.800757238,3.045879659
78,9.030942516,-6.86908994,1.324001039,9.030942516,6.86908994,1.324001039
79,8.689607796,-4.504873766,2.692941505,8.689607796,4.504873766,2.692941505
80,9.427719783,-5.579450506,4.397933358,9.427719783,5.579450506,4.397933358
81,9.512769767,-7.050700102,1.690275072,9.512769767,7.050700102,1.690275072
82,8.030271854,-7.201225711,2.966926276,8.030271854,7.201225711,2.966926276
83,9.202892225,-4.989303624,1.358738989,9.202892225,4.989303624,1.358738989
84,8.725294107,-7.0111996,1.675432147,8.725294107,7.0111996,1.675432147
85,9.322900074,-7.393304385,4.906854539,9.322900074,7.393304385,4.906854539
86,8.543109442,-7.712311425,1.499742651,8.543109442,7.712311425,1.499742651
87,9.114815882,-7.006774213,3.121941678,9.114815882,7.006774213,3.121941678
88,8.430076124,-4.843210714,0.6811309874,8.430076124,4.843210714,0.6811309874
89,9.119034357,-4.327390398,1.731036179,9.119034357,4.327390398,1.731036179
90,9.611479111,-5.523896611,2.964302313,9.611479111,5.523896611,2.964302313
91,8.869827361,-4.226677896,3.502326841,8.869827361,4.226677896,3.502326841
92,8.045399691,-4.07998635,4.168294388,8.045399691,4.07998635,4.168294388
93,9.484868238,-7.994154493,4.920035982,9.484868238,7.994154493,4.920035982
94,9.376725847,-7.244243435,4.327545562,9.376725847,7.244243435,4.327545562
95,8.568166346,-4.650133089,3.448317392,8.568166346,4.650133089,3.448317392
96,8.066191196,-5.205356649,4.40714623,8.066191196,5.205356649,4.40714623
97,8.000747282,-7.060611455,3.589781485,8.000747282,7.060611455,3.589781485
98,8.298749542,-5.092645724,3.04429448,8.298749542,5.092645724,3.04429448
99,9.098969464,-7.669369734,3.86921997,9.098969464,7.669369734,3.86921997
100,8.581600579,-7.195891694,3.789278087,8.581600579,7.195891694,3.789278087
101,9.130051098,-5.212889074,3.651150471,9.130051098,5.212889074,3.651150471
102,9.243916185,-7.278893478,1.821143118,9.243916185,7.278893478,1.821143118
103,8.29795273,-7.091276639,1.08972958,8.29795273,7.091276639,1.08972958
104,8.37317096,-5.023163426,3.268423807,8.37317096,5.023163426,3.268423807
105,8.716243261,-6.433812545,2.160800027,8.716243261,6.433812545,2.160800027
106,8.998591482,-6.516423725,0.762382679,8.998591482,6.516423725,0.762382679
107,8.390228809,-4.434312963,0.4283889004,8.390228809,4.434312963,0.4283889004
108,8.898500524,-5.673787324,1.143244937,8.898500524,5.673787324,1.143244937
109,8.316967109,-6.164999385,3.132513663,8.316967109,6.164999385,3.132513663
110,9.509384199,-6.754728721,1.798627508,9.509384199,6.754728721,1.798627508
111,9.113584824,-4.546270808,3.172984092,9.113584824,4.546270808,3.172984092
112,8.70074102,-5.235707082,4.673125207,8.70074102,5.235707082,4.673125207
113,8.392582307,-4.004465155,3.316910852,8.392582307,4.004465155,3.316910852
114,8.207825977,-6.04862398,3.799782906,8.207825977,6.04862398,3.799782906
115,8.864809866,-7.953653931,2.328393565,8.864809866,7.953653931,2.328393565
116,9.247167848,-7.743713981,0.28457274,9.247167848,7.743713981,0.28457274
117,9.970052548,-4.766522215,1.950525313,9.970052548,4.766522215,1.950525313
118,9.146354934,-4.939010117,1.056224646,9.146354934,4.939010117,1.056224646
119,9.971429116,-7.341721997,4.646200414,9.971429116,7.341721997,4.646200414
120,8.975446728,-4.246726549,4.673680134,8.975446728,4.246726549,4.673680134
121,9.819110955,-6.531535797,3.499673503,9.819110955,6.531535797,3.499673503
122,8.354111862,-6.801793011,2.87553387,8.354111862,6.801793011,2.87553387
123,9.76346595,-7.177528588,0.6104123535,9.76346595,7.177528588,0.6104123535
124,8.41411372,-7.953885255,3.93919473,8.41411372,7.953885255,3.93919473
125,8.406145023,-6.738880642,1.980198066,8.406145023,6.738880642,1.980198066
126,9.815197687,-7.32865983,2.886858496,9.815197687,7.32865983,2.886858496
127,8.504618641,-7.726563272,0.2499277039,8.504618641,7.726563272,0.2499277039
128,9.644174777,-6.33604997,0.991102494,9.644174777,6.33604997,0.991102494
129,8.932258547,-6.427226139,4.521086282,8.932258547,6.427226139,4.521086282
130,8.778681924,-6.635436391,3.270951192,8.778681924,6.635436391,3.270951192
131,8.439505274,-7.576889641,0.8759214177,8.439505274,7.576889641,0.8759214177
132,8.081622604,-7.703817867,2.871230812,8.081622604,7.703817867,2.871230812
133,9.61548369,-6.40205513,0.4581258828,9.61548369,6.40205513,0.4581258828
134,8.728791899,-7.450787107,1.541156916,8.728791899,7.450787107,1.541156916
135,9.223394994,-6.272952551,3.101114693,9.223394994,6.272952551,3.101114693
136,9.586058472,-4.052711035,4.29522647,9.586058472,4.052711035,4.29522647
137,8.04313191,-7.411106244,0.3931766678,8.04313191,7.411106244,0.3931766678
138,9.275354154,-6.420045348,0.6891015523,9.275354154,6.420045348,0.6891015523
139,9.823109735,-6.774507068,3.787932349,9.823109735,6.774507068,3.787932349
140,9.238497926,-7.860714968,1.679367778,9.238497926,7.860714968,1.679367778
141,9.898788407,-5.334209356,2.335298476,9.898788407,5.334209356,2.335298476
142,8.4686988,-6.765996962,2.478559936,8.4686988,6.765996962,2.478559936
143,9.612545646,-6.194407018,3.893840013,9.612545646,6.194407018,3.893840013
144,9.781829287,-4.042879228,3.151019601,9.781829287,4.042879228,3.151019601
145,8.659469779,-7.94476442,4.251891466,8.659469779,7.94476442,4.251891466
146,8.599879589,-7.380469041,3.421956968,8.599879589,7.380469041,3.421956968
147,9.833530585,-6.632267123,0.534691757,9.833530585,6.632267123,0.534691757
148,9.680285175,-5.412224805,4.558144073,9.680285175,5.412224805,4.558144073
149,9.961980616,-7.975896521,4.101168447,9.961980616,7.975896521,4.101168447
150,9.416201373,-7.877607328,3.506183009,9.416201373,7.877607328,3.506183009
151,8.852497627,-7.909298597,0.9707091877,8.852497627,7.909298597,0.9707091877
152,9.029677155,-6.765729836,4.291128464,9.029677155,6.765729836,4.291128464
153,8.253520584,-4.025100523,4.69169256,8.253520584,4.025100523,4.69169256
154,8.863689589,-7.221757877,4.047881611,8.863689589,7.221757877,4.047881611
155,8.715721733,-4.622895889,1.634751582,8.715721733,4.622895889,1.634751582
156,8.138035146,-7.108702975,0.8092957755,8.138035146,7.108702975,0.8092957755
157,8.070108354,-6.2569701,1.52037755,8.070108354,6.2569701,1.52037755
158,8.962274501,-5.24989918,3.153092711,8.962274501,5.24989918,3.153092711
159,8.390631666,-5.177835908,2.768824265,8.390631666,5.177835908,2.768824265
160,8.496682355,-7.550378034,1.124813752,8.496682355,7.550378034,1.124813752
161,9.827405448,-5.914386605,2.077264341,9.827405448,5.914386605,2.077264341
162,9.226105216,-5.740601852,0.1321114672,9.226105216,5.740601852,0.1321114672
163,8.777974713,-4.314230917,3.712314889,8.777974713,4.314230917,3.712314889
164,9.074669689,-6.048100485,1.138319545,9.074669689,6.048100485,1.138319545
165,8.362037687,-6.32432564,4.973546869,8.362037687,6.32432564,4.973546869
166,8.160548985,-6.638525271,3.87765237,8.160548985,6.638525271,3.87765237
167,8.089378208,-5.140657614,0.3942319306,8.089378208,5.140657614,0.3942319306
168,8.39488069,-7.447003239,4.643430475,8.39488069,7.447003239,4.643430475
169,9.627528598,-4.385219925,1.648739606,9.627528598,4.385219925,1.648739606
170,8.799070758,-7.625490444,4.652878978,8.799070758,7.625490444,4.652878978
171,9.507116489,-5.794167425,0.1217634151,9.507116489,5.794167425,0.1217634151
172,8.688012453,-4.1566043,2.021409529,8.688012453,4.1566043,2.021409529
173,8.92747331,-7.448596756,2.343539077,8.92747331,7.448596756,2.343539077
174,8.987330556,-7.436201592,3.955592016,8.987330556,7.436201592,3.955592016
175,8.177658148,-7.587162136,4.32875784,8.177658148,7.587162136,4.32875784
176,8.571025354,-7.325286711,2.132610247,8.571025354,7.325286711,2.132610247
177,8.859598924,-7.058493622,1.48684877,8.859598924,7.058493622,1.48684877
178,9.17847438,-7.148717471,3.12584211,9.17847438,7.148717471,3.12584211
179,9.537833922,-5.864402767,2.550274481,9.537833922,5.864402767,2.550274481
180,9.15954726,-4.518154665,1.677923441,9.15954726,4.518154665,1.677923441
181,8.747871015,-4.187931381,0.6385976833,8.747871015,4.187931381,0.6385976833
182,9.872737553,-5.136807458,3.146459563,9.872737553,5.136807458,3.146459563
183,9.73223105,-7.781698441,0.5231319779,9.73223105,7.781698441,0.5231319779
184,9.299107478,-7.67328985,0.3513011276,9.299107478,7.67328985,0.3513011276
185,9.75582372,-6.412510447,4.654400872,9.75582372,6.412510447,4.654400872
186,9.516118025,-4.453356998,0.6494726407,9.516118025,4.453356998,0.6494726407
187,9.45268603,-6.83110498,1.977431487,9.45268603,6.83110498,1.977431487
188,8.687966404,-6.505964364,2.433535637,8.687966404,6.505964364,2.433535637
189,9.102803858,-7.886973634,3.793770213,9.102803858,7.886973634,3.793770213
190,9.667018875,-6.12101837,3.486110113,9.667018875,6.12101837,3.486110113
191,8.91551261,-4.175743387,2.380311354,8.91551261,4.175743387,2.380311354
192,9.064697884,-5.549896044,1.087821657,9.064697884,5.549896044,1.087821657
193,8.845838107,-6.04136292,1.080500637,8.845838107,6.04136292,1.080500637
194,9.546399435,-4.138335048,3.344060237,9.546399435,4.138335048,3.344060237
195,9.889367826,-5.720629818,3.620735948,9.889367826,5.720629818,3.620735948
196,9.346571484,-5.669165234,0.5092314899,9.346571484,5.669165234,0.5092314899
197,9.543345097,-4.589175141,0.342020919,9.543345097,4.589175141,0.342020919
198,8.706115372,-5.966597465,2.802888631,8.706115372,5.966597465,2.802888631
199,8.696425018,-5.334190296,1.382907326,8.696425018,5.334190296,1.382907326
200,8.630172698,-5.143942232,3.253085549,8.630172698,5.143942232,3.253085549
201,8.782932182,-4.740707552,1.00390902,8.782932182,4.740707552,1.00390902
202,8.48176837,-7.844721571,4.906987821,8.48176837,7.844721571,4.906987821
203,9.931787197,-4.748412554,1.745926359,9.931787197,4.748412554,1.745926359
204,9.303589509,-5.327705953,0.5213009141,9.303589509,5.327705953,0.5213009141
205,9.034030406,-7.440561498,0.8964407644,9.034030406,7.440561498,0.8964407644
206,8.140526829,-5.486469966,4.805163499,8.140526829,5.486469966,4.805163499
207,8.280841345,-7.403873974,0.3686230126,8.280841345,7.403873974,0.3686230126
208,9.169885204,-7.393165317,1.921152825,9.169885204,7.393165317,1.921152825
209,8.577138599,-6.999055444,3.041952187,8.577138599,6.999055444,3.041952187
210,8.191019865,-5.546368923,0.2569363327,8.191019865,5.546368923,0.2569363327
211,9.261517971,-4.869157225,1.471010326,9.261517971,4.869157225,1.471010326
212,8.44446624,-7.82862768,3.227486126,8.44446624,7.82862768,3.227486126
213,9.364961315,-6.663079533,1.634958147,9.364961315,6.663079533,1.634958147
214,9.191546995,-5.697705758,0.8378650395,9.191546995,5.697705758,0.8378650395
215,8.978187736,-6.452456817,4.707607289,8.978187736,6.452456817,4.707607289
216,8.764346708,-5.116087367,0.9772636681,8.764346708,5.116087367,0.9772636681
217,8.586742836,-5.47270592,1.201387813,8.586742836,5.47270592,1.201387813
218,9.574486931,-7.248019926,4.489673068,9.574486931,7.248019926,4.489673068
219,8.046191355,-5.236450823,0.9429169283,8.046191355,5.236450823,0.9429169283
220,8.935199756,-6.416840891,1.304441386,8.935199756,6.416840891,1.304441386
221,8.435613151,-5.175648395,1.228959632,8.435613151,5.175648395,1.228959632
222,8.498929501,-5.924535562,4.655688211,8.498929501,5.924535562,4.655688211
223,9.730764908,-7.005801727,2.885630807,9.730764908,7.005801727,2.885630807
224,8.042478215,-7.109965666,2.283512018,8.042478215,7.109965666,2.283512018
225,9.119779198,-6.022448043,1.397631008,9.119779198,6.022448043,1.397631008
226,9.55019495,-5.794012627,1.618080932,9.55019495,5.794012627,1.618080932
227,9.041388551,-4.39992584,3.51567421,9.041388551,4.39992584,3.51567421
228,8.765776436,-7.673529678,4.191658942,8.765776436,7.673529678,4.191658942
229,9.511909225,-4.941042003,4.907225318,9.511909225,4.941042003,4.907225318
230,8.224046585,-6.238524829,2.810612697,8.224046585,6.238524829,2.810612697
231,8.032352126,-5.111955498,4.246992427,8.032352126,5.111955498,4.246992427
232,8.260996432,-7.667932358,0.5223143093,8.260996432,7.667932358,0.5223143093
233,9.997074076,-6.890153908,4.298750061,9.997074076,6.890153908,4.298750061
234,8.565040898,-6.490705321,3.819084752,8.565040898,6.490705321,3.819084752
235,8.882596539,-4.068096797,0.8090194898,8.882596539,4.068096797,0.8090194898
236,8.812772126,-7.475307443,4.287018959,8.812772126,7.475307443,4.287018959
237,9.058124526,-6.116725573,0.5965852402,9.058124526,6.116725573,0.5965852402
238,8.072603996,-4.439030976,4.501399626,8.072603996,4.439030976,4.501399626
239,8.462655824,-5.259869561,2.901059296,8.462655824,5.259869561,2.901059296
240,9.609995654,-6.968448156,4.127829092,9.609995654,6.968448156,4.127829092
241,8.928400231,-4.593390594,2.560635685,8.928400231,4.593390594,2.560635685
242,9.045058935,-4.245747444,3.160131145,9.045058935,4.245747444,3.160131145
243,8.04379012,-5.264995392,3.776347118,8.04379012,5.264995392,3.776347118
244,8.46018075,-4.427250317,3.029119864,8.46018075,4.427250317,3.029119864
245,8.245180517,-6.08777305,3.330703256,8.245180517,6.08777305,3.330703256
246,8.900973558,-6.77706927,0.9827178921,8.900973558,6.77706927,0.9827178921
247,9.564165462,-7.480981292,3.046349909,9.564165462,7.480981292,3.046349909
248,8.033788693,-4.790195493,3.965486313,8.033788693,4.790195493,3.965486313
249,9.053303282,-4.116173592,1.769751155,9.053303282,4.116173592,1.769751155
250,9.6988359,-5.927320526,4.027877208,9.6988359,5.927320526,4.027877208
251,9.439202196,-7.708729623,0.1609022265,9.439202196,7.708729623,0.1609022265
252,9.317532935,-7.722931714,1.651543407,9.317532935,7.722931714,1.651543407
253,9.736894377,-6.459988741,0.368394772,9.736894377,6.459988741,0.368394772
254,8.070206747,-4.62571102,0.88155979,8.070206747,4.62571102,0.88155979
255,8.287979019,-5.961782026,2.216063853,8.287979019,5.961782026,2.216063853
256,9.356069014,-7.005536812,2.669778833,9.356069014,7.005536812,2.669778833
257,8.49816414,-7.973988488,0.6598687073,8.49816414,7.973988488,0.6598687073
258,9.08813855,-4.646476212,0.731745026,9.08813855,4.646476212,0.731745026
259,8.144845351,-4.240091972,2.969123797,8.144845351,4.240091972,2.969123797
260,9.074367297,-5.384584563,2.64421323,9.074367297,5.384584563,2.64421323
261,9.855744999,-5.091359941,0.712883698,9.855744999,5.091359941,0.712883698
262,9.211791153,-6.300140796,4.018599128,9.211791153,6.300140796,4.018599128
263,9.735160951,-5.495496159,0.1989658344,9.735160951,5.495496159,0.1989658344
264,9.998456521,-5.305661365,3.800475598,9.998456521,5.305661365,3.800475598
265,9.30105871,-7.73120523,2.419199779,9.30105871,7.73120523,2.419199779
266,8.379814963,-5.665693482,1.004999092,8.379814963,5.665693482,1.004999092
267,9.216346442,-7.12934084,0.8400463761,9.216346442,7.12934084,0.8400463761
268,8.030116577,-7.836514898,4.207001131,8.030116577,7.836514898,4.207001131
269,8.729717405,-7.239963819,3.973407388,8.729717405,7.239963819,3.973407388
270,9.569212908,-6.230496719,2.582150219,9.569212908,6.230496719,2.582150219
271,8.42019456,-7.100996899,2.639530399,8.42019456,7.100996899,2.639530399
272,8.081489915,-7.610547034,1.227411305,8.081489915,7.610547034,1.227411305
273,9.555978586,-6.549009549,0.1543238891,9.555978586,6.549009549,0.1543238891
274,9.693033394,-4.636782524,2.37600045,9.693033394,4.636782524,2.37600045
275,9.079657605,-4.089281363,2.439663658,9.079657605,4.089281363,2.439663658
276,9.338471525,-6.764892831,1.230738723,9.338471525,6.764892831,1.230738723
277,9.521789683,-6.906455036,4.7605715,9.521789683,6.906455036,4.7605715
278,8.579386966,-6.690618313,4.752383273,8.579386966,6.690618313,4.752383273
279,9.783091865,-7.137082843,4.571252831,9.783091865,7.137082843,4.571252831
280,9.197127615,-5.616861758,0.4040082142,9.197127615,5.616861758,0.4040082142
281,9.127973868,-6.341977236,0.8273237739,9.127973868,6.341977236,0.8273237739
282,8.95591992,-7.871258798,4.63229658,8.95591992,7.871258798,4.63229658
283,8.471205564,-6.822769713,3.259163207,8.471205564,6.822769713,3.259163207
284,8.505284676,-6.217045234,2.590789694,8.505284676,6.217045234,2.590789694
285,8.343623138,-6.449257912,0.05686572873,8.343623138,6.449257912,0.05686572873
286,9.858018412,-4.285828481,2.123451483,9.858018412,4.285828481,2.123451483
287,9.176723005,-7.240241689,0.3870322218,9.176723005,7.240241689,0.3870322218
288,9.641820027,-6.936928605,4.439688278,9.641820027,6.936928605,4.439688278
289,9.790782075,-6.121416188,3.232531487,9.790782075,6.121416188,3.232531487
290,8.685658538,-5.346313748,2.850201301,8.685658538,5.346313748,2.850201301
291,9.404041883,-7.932766444,4.445935826,9.404041883,7.932766444,4.445935826
292,8.179076732,-7.893375208,0.7883396562,8.179076732,7.893375208,0.7883396562
293,8.955019817,-7.550589243,3.253743276,8.955019817,7.550589243,3.253743276
294,9.252956468,-6.402872948,3.52118836,9.252956468,6.402872948,3.52118836
295,8.055928058,-5.414024219,3.000534916,8.055928058,5.414024219,3.000534916
296,8.399215637,-4.281881376,4.131329701,8.399215637,4.281881376,4.131329701
297,9.138504336,-7.103600641,1.829293393,9.138504336,7.103600641,1.829293393
298,8.606115299,-4.149504322,1.712522038,8.606115299,4.149504322,1.712522038
299,9.136556571,-7.023063611,4.546267741,9.136556571,7.023063611,4.546267741
300,8.773207971,-5.585034327,1.224559197,8.773207971,5.585034327,1.224559197
301,8.850708493,-7.611435428,4.796671922,8.850708493,7.611435428,4.796671922
302,8.129604578,-7.825143162,4.064028706,8.129604578,7.825143162,4.064028706
303,9.59497335,-7.598155545,1.202441837,9.59497335,7.598155545,1.202441837
304,9.661563314,-7.142133787,2.363925764,9.661563314,7.142133787,2.363925764
305,8.122892243,-5.161023122,4.497158879,8.122892243,5.161023122,4.497158879
306,8.51704965,-7.065290625,3.087089743,8.51704965,7.065290625,3.087089743
307,8.620318171,-7.81781037,1.288620948,8.620318171,7.81781037,1.288620948
308,9.958777128,-4.710470836,4.642797157,9.958777128,4.710470836,4.642797157
309,9.836022721,-4.653610627,0.629562503,9.836022721,4.653610627,0.629562503
310,9.552448582,-6.716307932,4.564812102,9.552448582,6.716307932,4.564812102
311,8.45991514,-4.045507188,0.4654880781,8.45991514,4.045507188,0.4654880781
312,8.1788736,-6.418288497,4.540601262,8.1788736,6.418288497,4.540601262
313,8.567807374,-4.194789063,3.529900009,8.567807374,4.194789063,3.529900009
314,8.328974924,-6.006541935,0.08874937453,8.328974924,6.006541935,0.08874937453
315,9.403601606,-5.127963286,1.78640821,9.403601606,5.127963286,1.78640821
316,8.567310398,-7.903980017,2.5239595,8.567310398,7.903980017,2.5239595
317,8.693032747,-6.807018945,0.8799809805,8.693032747,6.807018945,0.8799809805
318,9.526765215,-4.175476907,2.621123255,9.526765215,4.175476907,2.621123255
319,9.962433146,-7.835055547,3.702200236,9.962433146,7.835055547,3.702200236
320,8.224901019,-7.455610662,2.952143005,8.224901019,7.455610662,2.952143005
321,9.512416315,-5.006279077,0.4347676635,9.512416315,5.006279077,0.4347676635
322,8.677730808,-4.994140451,2.097464531,8.677730808,4.994140451,2.097464531
323,9.467167581,-5.492784194,0.78916913,9.467167581,5.492784194,0.78916913
324,8.94230311,-4.609382426,1.470230661,8.94230311,4.609382426,1.470230661
325,8.038694098,-7.460247723,2.47655047,8.038694098,7.460247723,2.47655047
326,9.964574206,-4.567023873,2.991826609,9.964574206,4.567023873,2.991826609
327,8.321695957,-5.848951833,4.729237231,8.321695957,5.848951833,4.729237231
328,9.469010263,-7.935190588,4.246201348,9.469010263,7.935190588,4.246201348
329,9.734683531,-5.246203405,1.353391178,9.734683531,5.246203405,1.353391178
330,8.032830555,-4.387804138,1.455195694,8.032830555,4.387804138,1.455195694
331,8.968855188,-6.324513192,2.861052635,8.968855188,6.324513192,2.861052635
332,8.278675969,-7.631952548,3.86229355,8.278675969,7.631952548,3.86229355
333,9.976575217,-4.152615161,0.6399497506,9.976575217,4.152615161,0.6399497506
334,8.538895925,-6.828192072,1.107451019,8.538895925,6.828192072,1.107451019
335,8.260821544,-5.541828453,3.442241992,8.260821544,5.541828453,3.442241992
336,9.542988874,-6.074921148,0.406317348,9.542988874,6.074921148,0.406317348
337,8.306724369,-7.019174354,1.170726856,8.306724369,7.019174354,1.170726856
338,8.713644475,-7.071256309,3.814205404,8.713644475,7.071256309,3.814205404
339,9.373550644,-7.384339603,0.6155138942,9.373550644,7.384339603,0.6155138942
340,9.989209481,-4.601725815,3.325204299,9.989209481,4.601725815,3.325204299
341,9.643726768,-4.285798306,0.438913836,9.643726768,4.285798306,0.438913836
342,9.090376891,-5.957608521,4.812080235,9.090376891,5.957608521,4.812080235
343,8.664494752,-5.830465833,2.95510911,8.664494752,5.830465833,2.95510911
344,9.591868442,-5.593414793,4.900934134,9.591868442,5.593414793,4.900934134
345,9.53358127,-5.721921287,0.6284623335,9.53358127,5.721921287,0.6284623335
346,8.727483567,-4.294865339,0.3594488891,8.727483567,4.294865339,0.3594488891
347,9.945094164,-5.417797069,2.385130165,9.945094164,5.417797069,2.385130165
348,8.637017871,-5.301306621,4.788077591,8.637017871,5.301306621,4.788077591
349,8.254255085,-5.733166076,0.8526431697,8.254255085,5.733166076,0.8526431697
350,8.750346475,-4.88783081,0.6844068678,8.750346475,4.88783081,0.6844068678
351,9.524304531,-5.431947123,0.2075760359,9.524304531,5.431947123,0.2075760359
352,9.597817175,-4.889984379,1.91254594,9.597817175,4.889984379,1.91254594
353,9.126984948,-6.69327286,2.009282717,9.126984948,6.69327286,2.009282717
354,8.843644345,-7.878880414,1.377704563,8.843644345,7.878880414,1.377704563
355,8.076688345,-7.777707284,3.955442635,8.076688345,7.777707284,3.955442635
356,8.473125855,-6.811303995,0.1727401987,8.473125855,6.811303995,0.1727401987
357,9.741161964,-5.424942452,0.03102810363,9.741161964,5.424942452,0.03102810363
358,8.444366169,-5.945052394,2.535604443,8.444366169,5.945052394,2.535604443
359,9.898363635,-6.978422903,2.795042057,9.898363635,6.978422903,2.795042057
360,8.766166357,-6.89381403,2.807144074,8.766166357,6.89381403,2.807144074
361,8.965663779,-5.254032152,0.2084045513,8.965663779,5.254032152,0.2084045513
362,8.817478721,-4.480387979,1.896101967,8.817478721,4.480387979,1.896101967
363,8.436369561,-5.86279803,0.2417303673,8.436369561,5.86279803,0.2417303673
364,8.118210338,-7.426518604,1.996506959,8.118210338,7.426518604,1.996506959
365,9.598013988,-5.987324646,1.694094888,9.598013988,5.987324646,1.694094888
366,9.940335123,-4.099091601,0.9316749622,9.940335123,4.099091601,0.9316749622
367,9.11177274,-4.236612648,1.024523938,9.11177274,4.236612648,1.024523938
368,8.762632929,-7.035444463,0.2541131688,8.762632929,7.035444463,0.2541131688
369,8.293763213,-6.714869403,2.258784459,8.293763213,6.714869403,2.258784459
370,9.178550411,-4.627113447,1.362703187,9.178550411,4.627113447,1.362703187
371,8.404105548,-6.200119342,4.037623094,8.404105548,6.200119342,4.037623094
372,8.427569607,-5.29600702,3.424237451,8.427569607,5.29600702,3.424237451
373,9.022003019,-7.513681285,3.86207771,9.022003019,7.513681285,3.86207771
374,9.105213261,-5.206787955,3.837927716,9.105213261,5.206787955,3.837927716
375,9.924491854,-4.760167606,0.4506516095,9.924491854,4.760167606,0.4506516095
376,8.090801079,-5.793697249,1.656736521,8.090801079,5.793697249,1.656736521
377,9.708938355,-7.930356877,4.626408119,9.708938355,7.930356877,4.626408119
378,9.496940744,-4.221194128,0.5917930334,9.496940744,4.221194128,0.5917930334
379,9.777081558,-5.999384145,0.2144576406,9.777081558,5.999384145,0.2144576406
380,9.078382738,-6.740148009,4.554828458,9.078382738,6.740148009,4.554828458
381,9.959961079,-4.545955985,2.357526317,9.959961079,4.545955985,2.357526317
382,9.534425712,-5.451932393,4.733245694,9.534425712,5.451932393,4.733245694
383,8.893181781,-5.303020136,1.395613111,8.893181781,5.303020136,1.395613111
384,8.398924867,-5.27116413,4.803464618,8.398924867,5.27116413,4.803464618
385,8.791681536,-6.977271983,3.842066215,8.791681536,6.977271983,3.842066215
386,8.541766691,-5.216047649,0.4465355577,8.541766691,5.216047649,0.4465355577
387,9.219737103,-5.007357223,0.0002863369201,9.219737103,5.007357223,0.0002863369201
388,9.918321346,-6.197835911,0.9772979119,9.918321346,6.197835911,0.9772979119
389,9.158891714,-5.344400441,2.770851952,9.158891714,5.344400441,2.770851952
390,9.218009633,-5.184855289,0.7917957537,9.218009633,5.184855289,0.7917957537
391,9.653577219,-6.321843965,3.206952225,9.653577219,6.321843965,3.206952225
392,8.005114803,-6.251385296,4.900104744,8.005114803,6.251385296,4.900104744
393,8.727448261,-4.535292341,2.286023146,8.727448261,4.535292341,2.286023146
394,8.245973029,-7.169461336,2.981652,8.245973029,7.169461336,2.981652
395,8.435116606,-6.490418474,1.217442016,8.435116606,6.490418474,1.217442016
396,9.61457653,-4.756925021,1.881618929,9.61457653,4.756925021,1.881618929
397,9.822580502,-7.523763326,0.8307204114,9.822580502,7.523763326,0.8307204114
398,9.407567382,-7.364797942,4.979838919,9.407567382,7.364797942,4.979838919
399,9.349955173,-4.895751038,2.257127214,9.349955173,4.895751038,2.257127214
400,8.429970746,-7.190842534,3.393086995,8.429970746,7.190842534,3.393086995
401,9.773142807,-5.548208937,2.19198562,9.773142807,5.548208937,2.19198562
402,9.891461451,-6.376026438,2.018777922,9.891461451,6.376026438,2.018777922
403,9.534095953,-5.173424581,1.607566047,9.534095953,5.173424581,1.607566047
404,8.642363081,-7.221052434,1.25945716,8.642363081,7.221052434,1.25945716
405,9.975847122,-5.134058554,2.370697458,9.975847122,5.134058554,2.370697458
406,9.34808747,-7.808191945,2.165297383,9.34808747,7.808191945,2.165297383
407,8.938260221,-6.391349791,3.93873563,8.938260221,6.391349791,3.93873563
408,8.225723359,-7.598891482,0.2439632121,8.225723359,7.598891482,0.2439632121
409,9.919527286,-6.743781328,2.186775827,9.919527286,6.743781328,2.186775827
410,9.428619256,-4.282044298,1.377153251,9.428619256,4.282044298,1.377153251
411,9.579047129,-4.962994777,3.623006806,9.579047129,4.962994777,3.623006806
412,8.151964251,-6.665961644,1.979970089,8.151964251,6.665961644,1.979970089
413,9.138001481,-7.264038992,0.3335522381,9.138001481,7.264038992,0.3335522381
414,9.038696364,-5.445972322,0.5877332211,9.038696364,5.445972322,0.5877332211
415,8.589449591,-4.201289373,0.1593121576,8.589449591,4.201289373,0.1593121576
416,8.890947228,-7.258758582,2.565294945,8.890947228,7.258758582,2.565294945
417,9.601115767,-4.590361078,1.932118,9.601115767,4.590361078,1.932118
418,9.344309754,-7.886027428,0.2323049611,9.344309754,7.886027428,0.2323049611
419,8.778504489,-6.283345296,0.3134933472,8.778504489,6.283345296,0.3134933472
420,8.753378459,-6.438453476,3.775823097,8.753378459,6.438453476,3.775823097
421,9.407066673,-5.245500466,2.504626864,9.407066673,5.245500466,2.504626864
422,8.686403268,-5.793047955,1.286397189,8.686403268,5.793047955,1.286397189
423,9.919620616,-5.884415692,0.08960515942,9.919620616,5.884415692,0.08960515942
424,8.159907328,-5.742727393,3.778086988,8.159907328,5.742727393,3.778086988
425,9.805116386,-7.268407214,1.684941156,9.805116386,7.268407214,1.684941156
426,8.992387238,-5.827921138,1.325374885,8.992387238,5.827921138,1.325374885
427,9.309393729,-7.852797726,3.186991727,9.309393729,7.852797726,3.186991727
428,9.757631459,-6.551089191,2.42457949,9.757631459,6.551089191,2.42457949
429,9.556330706,-6.536540319,4.915675776,9.556330706,6.536540319,4.915675776
430,8.016900708,-7.833056418,4.33400133,8.016900708,7.833056418,4.33400133
431,9.273482654,-5.035663413,3.169239009,9.273482654,5.035663413,3.169239009
432,8.455602219,-7.674639126,3.700923094,8.455602219,7.674639126,3.700923094
433,9.430983561,-7.235019227,4.842607685,9.430983561,7.235019227,4.842607685
434,9.800798768,-4.870171619,3.995751971,9.800798768,4.870171619,3.995751971
435,8.24338767,-4.729086074,4.173648987,8.24338767,4.729086074,4.173648987
436,9.913815881,-6.42577022,3.660619931,9.913815881,6.42577022,3.660619931
437,9.244790051,-6.361896174,2.11058374,9.244790051,6.361896174,2.11058374
438,9.106483358,-5.521525907,1.973874241,9.106483358,5.521525907,1.973874241
439,8.787736537,-7.213809279,4.623666716,8.787736537,7.213809279,4.623666716
440,8.795565653,-4.192833284,1.23095791,8.795565653,4.192833284,1.23095791
441,8.252143352,-7.959613446,2.789471809,8.252143352,7.959613446,2.789471809
442,8.269335402,-4.47376426,0.2596636123,8.269335402,4.47376426,0.2596636123
443,8.553949885,-5.451588023,0.0717328165,8.553949885,5.451588023,0.0717328165
444,9.180920838,-4.93931999,1.602748134,9.180920838,4.93931999,1.602748134
445,8.943047422,-5.188490508,1.714366898,8.943047422,5.188490508,1.714366898
446,8.899147256,-4.110570823,0.008152383732,8.899147256,4.110570823,0.008152383732
447,8.460923381,-7.255212229,4.99632235,8.460923381,7.255212229,4.99632235
448,8.939489748,-6.066651978,2.526925423,8.939489748,6.066651978,2.526925423
449,8.33145396,-7.408866076,2.611174854,8.33145396,7.408866076,2.611174854
450,8.172095354,-4.172357291,3.407382783,8.172095354,4.172357291,3.407382783
451,8.680629362,-4.108604443,4.104470907,8.680629362,4.108604443,4.104470907
452,9.573514007,-7.724192813,2.732638689,9.573514007,7.724192813,2.732638689
453,9.676225563,-5.114303898,1.996863647,9.676225563,5.114303898,1.996863647
454,8.072932498,-4.498245917,0.03466693701,8.072932498,4.498245917,0.03466693701
455,8.956306068,-4.301664164,1.449875202,8.956306068,4.301664164,1.449875202
456,9.067731795,-4.919634082,3.854315837,9.067731795,4.919634082,3.854315837
457,9.241964389,-5.85904894,4.493083629,9.241964389,5.85904894,4.493083629
458,9.878721591,-7.447637177,4.84170676,9.878721591,7.447637177,4.84170676
459,9.627169152,-4.157813216,0.4666984808,9.627169152,4.157813216,0.4666984808
460,9.62033895,-4.677434362,2.709283669,9.62033895,4.677434362,2.709283669
461,9.185460994,-7.248704864,2.372522588,9.185460994,7.248704864,2.372522588
462,9.419571276,-5.805682941,1.380179446,9.419571276,5.805682941,1.380179446
463,9.364344954,-5.870477456,4.840495826,9.364344954,5.870477456,4.840495826
464,8.779767358,-4.012524134,4.50288017,8.779767358,4.012524134,4.50288017
465,8.944532924,-6.613883568,1.869278612,8.944532924,6.613883568,1.869278612
466,9.208476256,-6.809018461,1.130364963,9.208476256,6.809018461,1.130364963
467,9.069990347,-7.828021567,3.990218276,9.069990347,7.828021567,3.990218276
468,9.474889736,-5.631019593,4.554593707,9.474889736,5.631019593,4.554593707
469,9.609538668,-5.162358714,3.027691737,9.609538668,5.162358714,3.027691737
470,9.401504437,-5.385135875,2.827624396,9.401504437,5.385135875,2.827624396
471,8.651331252,-5.294934032,2.819038014,8.651331252,5.294934032,2.819038014
472,9.701652304,-5.039219905,1.436617581,9.701652304,5.039219905,1.436617581
473,8.673868895,-7.206036967,3.638496758,8.673868895,7.206036967,3.638496758
474,8.73121463,-7.78081544,4.495009849,8.73121463,7.78081544,4.495009849
475,8.453615004,-5.930342583,3.306781369,8.453615004,5.930342583,3.306781369
476,8.217025653,-7.136692405,2.995310322,8.217025653,7.136692405,2.995310322
477,8.288230969,-6.484841782,1.116816938,8.288230969,6.484841782,1.116816938
478,9.050328396,-4.462059559,0.4850143987,9.050328396,4.462059559,0.4850143987
479,8.020739943,-5.863219849,0.4630430841,8.020739943,5.863219849,0.4630430841
480,8.491555954,-6.38878507,3.58640132,8.491555954,6.38878507,3.58640132
481,8.684559793,-7.660385329,4.013437095,8.684559793,7.660385329,4.013437095
482,8.929320836,-6.500008773,1.209450154,8.929320836,6.500008773,1.209450154
483,9.549589644,-7.906920152,2.137592244,9.549589644,7.906920152,2.137592244
484,9.384688624,-4.318431807,0.9963855678,9.384688624,4.318431807,0.9963855678
485,9.788903392,-7.72808608,2.218955894,9.788903392,7.72808608,2.218955894
486,8.870735343,-4.61434624,4.393663895,8.870735343,4.61434624,4.393663895
487,9.913864837,-5.983971868,1.193474312,9.913864837,5.983971868,1.193474312
488,9.532428012,-5.326651475,4.945401043,9.532428012,5.326651475,4.945401043
489,8.208646001,-7.397170484,1.81983352,8.208646001,7.397170484,1.81983352
490,9.13466817,-4.627733127,3.629780234,9.13466817,4.627733127,3.629780234
491,9.455472768,-4.945327889,4.58824758,9.455472768,4.945327889,4.58824758
492,9.274785524,-6.745671056,0.7709850147,9.274785524,6.745671056,0.7709850147
493,9.757949338,-4.413778391,1.996012036,9.757949338,4.413778391,1.996012036
494,8.914009206,-5.291844937,2.723388312,8.914009206,5.291844937,2.723388312
495,9.876298428,-4.706560603,1.980085302,9.876298428,4.706560603,1.980085302
496,9.10086208,-5.548134883,1.877455991,9.10086208,5.548134883,1.877455991
497,9.476305959,-7.35317353,2.311702832,9.476305959,7.35317353,2.311702832
498,8.654666151,-6.277610529,2.829062067,8.654666151,6.277610529,2.829062067
499,9.510447768,-7.986767115,1.578012124,9.510447768,7.986767115,1.578012124
500,9.052298019,-6.280392598,2.802270621,9.052298019,6.280392598,2.802270621
501,9.698616166,-7.582840215,4.244097238,9.698616166,7.582840215,4.244097238
502,9.685139552,-5.579290047,3.652334393,9.685139552,5.579290047,3.652334393
503,8.016819121,-7.92423402,3.089330981,8.016819121,7.92423402,3.089330981
504,9.3012175,-4.557391242,1.298556227,9.3012175,4.557391242,1.298556227
505,8.151214194,-6.899031491,0.8191723978,8.151214194,6.899031491,0.8191723978
506,9.001457149,-6.664054141,0.05921818745,9.001457149,6.664054141,0.05921818745
507,8.104124637,-7.456188392,1.782340418,8.104124637,7.456188392,1.782340418
508,8.206682416,-5.851225963,2.662119763,8.206682416,5.851225963,2.662119763
509,8.276785872,-6.76511192,2.779426747,8.276785872,6.76511192,2.779426747
510,8.047616392,-6.405762395,1.279098212,8.047616392,6.405762395,1.279098212
511,9.285248018,-4.588248277,3.87872544,9.285248018,4.588248277,3.87872544
512,8.554062937,-4.324937086,2.641588486,8.554062937,4.324937086,2.641588486
513,9.032134939,-6.130821289,3.795295205,9.032134939,6.130821289,3.795295205
514,8.638324748,-7.173668148,1.512789021,8.638324748,7.173668148,1.512789021
515,9.855092705,-6.54246177,1.717548371,9.855092705,6.54246177,1.717548371
516,9.394622307,-7.107671712,1.661936204,9.394622307,7.107671712,1.661936204
517,9.256271873,-4.487367663,0.850155865,9.256271873,4.487367663,0.850155865
518,8.789967917,-6.403808297,3.164786716,8.789967917,6.403808297,3.164786716
519,8.295837837,-7.261109178,2.391554283,8.295837837,7.261109178,2.391554283
520,9.928003394,-5.676858749,2.764501975,9.928003394,5.676858749,2.764501975
521,8.372313088,-5.114036186,4.078257942,8.372313088,5.114036186,4.078257942
522,8.157376685,-4.562868179,2.107212847,8.157376685,4.562868179,2.107212847
523,8.135786633,-4.856721431,0.8465423798,8.135786633,4.856721431,0.8465423798
524,9.208195897,-7.907578262,3.620710037,9.208195897,7.907578262,3.620710037
525,8.66519541,-4.39778523,3.015560621,8.66519541,4.39778523,3.015560621
526,9.01810413,-5.621342784,3.352680156,9.01810413,5.621342784,3.352680156
527,8.922756858,-4.33705049,2.755847459,8.922756858,4.33705049,2.755847459
528,9.10395366,-7.868837267,4.212050613,9.10395366,7.868837267,4.212050613
529,8.668225993,-4.65807998,3.435388329,8.668225993,4.65807998,3.435388329
530,8.302564685,-6.984847244,0.2642839852,8.302564685,6.984847244,0.2642839852
531,8.420228515,-6.297008346,3.834511875,8.420228515,6.297008346,3.834511875
532,9.907521169,-5.590994834,1.285482217,9.907521169,5.590994834,1.285482217
533,8.295002879,-4.084995656,0.683973356,8.295002879,4.084995656,0.683973356
534,9.037528506,-4.289459789,0.9631498151,9.037528506,4.289459789,0.9631498151
535,9.394229899,-4.257872777,0.641517984,9.394229899,4.257872777,0.641517984
536,8.26092076,-7.79811134,3.491269278,8.26092076,7.79811134,3.491269278
537,8.269257865,-6.199404016,1.70536782,8.269257865,6.199404016,1.70536782
538,9.75210359,-6.549012526,1.907445088,9.75210359,6.549012526,1.907445088
539,8.431208463,-5.947337673,3.333491544,8.431208463,5.947337673,3.333491544
540,9.656940803,-6.993526779,2.189369849,9.656940803,6.993526779,2.189369849
541,9.133688046,-4.669838308,3.750874495,9.133688046,4.669838308,3.750874495
542,9.889480297,-4.849276533,0.7114889986,9.889480297,4.849276533,0.7114889986
543,8.111898954,-5.052269981,3.279573662,8.111898954,5.052269981,3.279573662
544,8.672357188,-6.306505978,2.270837705,8.672357188,6.306505978,2.270837705
545,8.659859508,-5.371411301,3.105056242,8.659859508,5.371411301,3.105056242
546,8.074352414,-7.116018068,3.149570585,8.074352414,7.116018068,3.149570585
547,9.56346613,-7.839314025,2.924699161,9.56346613,7.839314025,2.924699161
548,9.30380993,-7.152317997,4.982309224,9.30380993,7.152317997,4.982309224
549,8.834780151,-6.247945719,2.028551423,8.834780151,6.247945719,2.028551423
550,8.205070049,-6.440935795,2.946312943,8.205070049,6.440935795,2.946312943
551,9.921966244,-7.526765676,1.797308072,9.921966244,7.526765676,1.797308072
552,9.302148435,-6.027649774,0.6644910562,9.302148435,6.027649774,0.6644910562
553,8.765756185,-6.839253306,1.517334817,8.765756185,6.839253306,1.517334817
554,9.77122009,-7.031517916,2.393896677,9.77122009,7.031517916,2.393896677
555,8.559435691,-6.404421403,1.097555738,8.559435691,6.404421403,1.097555738
556,8.238948693,-7.657784706,3.519672288,8.238948693,7.657784706,3.519672288
557,9.823661572,-7.261283818,1.408727181,9.823661572,7.261283818,1.408727181
558,9.541470864,-6.057891246,2.056183343,9.541470864,6.057891246,2.056183343
559,9.064681914,-7.436386905,4.873376341,9.064681914,7.436386905,4.873376341
560,9.189296595,-6.231507077,3.008631348,9.189296595,6.231507077,3.008631348
561,8.135765294,-4.977644668,2.826373067,8.135765294,4.977644668,2.826373067
562,9.823157747,-5.501764755,3.820755039,9.823157747,5.501764755,3.820755039
563,8.914116855,-5.445111681,3.39429398,8.914116855,5.445111681,3.39429398
564,8.377822513,-6.604226964,2.243912533,8.377822513,6.604226964,2.243912533
565,9.14277698,-6.876772071,0.9495670963,9.14277698,6.876772071,0.9495670963
566,9.864227649,-5.569600847,3.342114656,9.864227649,5.569600847,3.342114656
567,9.528738778,-6.963198547,3.966663043,9.528738778,6.963198547,3.966663043
568,9.910362559,-5.119349183,2.794297474,9.910362559,5.119349183,2.794297474
569,9.350787525,-7.969820074,3.616726365,9.350787525,7.969820074,3.616726365
570,9.649800542,-6.314179923,0.4827654483,9.649800542,6.314179923,0.4827654483
571,9.985634326,-5.452816198,1.099061636,9.985634326,5.452816198,1.099061636
572,9.801512216,-5.092441585,2.644397597,9.801512216,5.092441585,2.644397597
573,9.637296421,-6.450108478,3.328468794,9.637296421,6.450108478,3.328468794
574,9.339747131,-4.815754201,4.703617793,9.339747131,4.815754201,4.703617793
575,8.037137301,-6.830824802,1.622847027,8.037137301,6.830824802,1.622847027
576,8.908729964,-5.022290595,4.663648407,8.908729964,5.022290595,4.663648407
577,8.511533005,-7.905759132,1.802670646,8.511533005,7.905759132,1.802670646
578,8.900321652,-5.606018567,1.48114474,8.900321652,5.606018567,1.48114474
579,8.288048296,-7.10100777,1.100425254,8.288048296,7.10100777,1.100425254
580,8.09653701,-4.237461869,1.830583025,8.09653701,4.237461869,1.830583025
581,8.58279538,-7.15292516,2.352043073,8.58279538,7.15292516,2.352043073
582,9.102031029,-5.975157166,0.7359377937,9.102031029,5.975157166,0.7359377937
583,9.391082083,-5.383081075,0.6125713085,9.391082083,5.383081075,0.6125713085
584,8.979752532,-4.956514272,2.631118172,8.979752532,4.956514272,2.631118172
585,9.156545211,-4.457803348,1.004179459,9.156545211,4.457803348,1.004179459
586,8.987560141,-7.384255557,3.945787144,8.987560141,7.384255557,3.945787144
587,9.942978247,-7.7414348,2.806181334,9.942978247,7.7414348,2.806181334
588,9.932591948,-7.634550134,0.5036860204,9.932591948,7.634550134,0.5036860204
589,8.35651338,-5.841398572,2.464689478,8.35651338,5.841398572,2.464689478
590,8.157715051,-7.412400216,3.086141195,8.157715051,7.412400216,3.086141195
591,8.398473653,-7.954842735,2.905121599,8.398473653,7.954842735,2.905121599
592,9.700847858,-5.988311291,4.939396025,9.700847858,5.988311291,4.939396025
593,9.462085558,-6.711791039,1.735951357,9.462085558,6.711791039,1.735951357
594,8.77998637,-7.499817311,1.791772982,8.77998637,7.499817311,1.791772982
595,9.766602904,-4.731655398,4.239381104,9.766602904,4.731655398,4.239381104
596,9.917263639,-5.23656618,3.862013067,9.917263639,5.23656618,3.862013067
597,8.253754769,-4.244439981,1.447175959,8.253754769,4.244439981,1.447175959
598,8.093475516,-6.205434923,2.165710408,8.093475516,6.205434923,2.165710408
599,9.1135573,-6.863275509,3.731523721,9.1135573,6.863275509,3.731523721
600,9.095599948,-7.862060407,2.210390697,9.095599948,7.862060407,2.210390697
601,9.075440596,-6.731834822,3.725892065,9.075440596,6.731834822,3.725892065
602,9.365566354,-7.779284071,4.474962453,9.365566354,7.779284071,4.474962453
603,8.968598738,-4.421994794,0.6944742982,8.968598738,4.421994794,0.6944742982
604,8.266785388,-7.595838423,0.2250982082,8.266785388,7.595838423,0.2250982082
605,9.050993324,-7.549591156,3.746625448,9.050993324,7.549591156,3.746625448
606,9.749867469,-5.557183639,1.567300326,9.749867469,5.557183639,1.567300326
607,8.614291543,-5.347551448,2.240961219,8.614291543,5.347551448,2.240961219
608,8.320933051,-4.34427144,1.801333054,8.320933051,4.34427144,1.801333054
609,8.433214631,-7.436866094,4.929458328,8.433214631,7.436866094,4.929458328
610,9.301588213,-7.017188382,0.219329369,9.301588213,7.017188382,0.219329369
611,9.939579002,-4.630051711,0.5824793213,9.939579002,4.630051711,0.5824793213
612,9.331895234,-4.423661506,3.411810148,9.331895234,4.423661506,3.411810148
613,8.417243349,-5.464749767,3.12931937,8.417243349,5.464749767,3.12931937
614,8.525655097,-4.294307322,2.783313552,8.525655097,4.294307322,2.783313552
615,9.04399891,-7.785176623,1.504423816,9.04399891,7.785176623,1.504423816
616,8.666419411,-5.736818939,2.526174589,8.666419411,5.736818939,2.526174589
617,9.916170141,-4.367073213,4.056270958,9.916170141,4.367073213,4.056270958
618,8.264513002,-4.532033575,4.438691978,8.264513002,4.532033575,4.438691978
619,9.103596792,-7.43087879,4.34408568,9.103596792,7.43087879,4.34408568
620,9.517858906,-6.420546433,1.1575809,9.517858906,6.420546433,1.1575809
621,9.775260079,-5.833850233,4.597720435,9.775260079,5.833850233,4.597720435
622,9.476698578,-6.656256546,4.073951284,9.476698578,6.656256546,4.073951284
623,8.143861508,-7.513055235,1.869490165,8.143861508,7.513055235,1.869490165
624,8.654782962,-6.012489309,0.1524374694,8.654782962,6.012489309,0.1524374694
625,8.692178722,-5.918356207,4.675400695,8.692178722,5.918356207,4.675400695
626,9.513912532,-4.989158407,0.3254975616,9.513912532,4.989158407,0.3254975616
627,9.31227386,-4.090961236,3.559594136,9.31227386,4.090961236,3.559594136
628,9.637720264,-6.330346912,3.105915818,9.637720264,6.330346912,3.105915818
629,9.714131686,-7.88462442,1.763124326,9.714131686,7.88462442,1.763124326
630,9.873458464,-7.577730558,3.582394872,9.873458464,7.577730558,3.582394872
631,9.002823694,-4.581414898,2.920152729,9.002823694,4.581414898,2.920152729
632,9.532662279,-5.025968243,0.3336724873,9.532662279,5.025968243,0.3336724873
633,9.59884465,-5.622924506,0.215735746,9.59884465,5.622924506,0.215735746
634,8.084556501,-6.193572333,4.829315886,8.084556501,6.193572333,4.829315886
635,9.757117723,-6.974120037,3.634601639,9.757117723,6.974120037,3.634601639
636,9.237841878,-4.171388311,3.159339126,9.237841878,4.171388311,3.159339126
637,9.554825188,-7.186567383,2.115343994,9.554825188,7.186567383,2.115343994
638,9.38118107,-5.667670459,3.044775801,9.38118107,5.667670459,3.044775801
639,8.2514645,-6.768718467,0.545589637,8.2514645,6.768718467,0.545589637
640,9.940694445,-5.253392038,1.887680959,9.940694445,5.253392038,1.887680959
641,8.917364018,-5.054162303,0.4278359518,8.917364018,5.054162303,0.4278359518
642,8.12071161,-4.555886277,4.497698549,8.12071161,4.555886277,4.497698549
643,9.876590096,-4.247463424,4.690338236,9.876590096,4.247463424,4.690338236
644,8.93479821,-6.597723187,2.224931157,8.93479821,6.597723187,2.224931157
645,9.170249166,-5.397233699,3.880834736,9.170249166,5.397233699,3.880834736
646,8.526827115,-5.087908965,4.692588615,8.526827115,5.087908965,4.692588615
647,8.426402386,-4.185686473,1.871791525,8.426402386,4.185686473,1.871791525
648,9.05198282,-7.513588873,4.580657109,9.05198282,7.513588873,4.580657109
649,8.389181433,-6.933886315,1.123679035,8.389181433,6.933886315,1.123679035
650,9.266714966,-5.934464735,1.90206066,9.266714966,5.934464735,1.90206066
651,8.23448847,-6.215512491,1.537559548,8.23448847,6.215512491,1.537559548
652,9.302683508,-7.343639066,3.639615255,9.302683508,7.343639066,3.639615255
653,9.661395505,-6.874987945,4.410665141,9.661395505,6.874987945,4.410665141
654,8.616805559,-4.534604757,0.1952046641,8.616805559,4.534604757,0.1952046641
655,8.731794585,-4.796557246,2.059947648,8.731794585,4.796557246,2.059947648
656,9.968011223,-7.124134036,1.827407776,9.968011223,7.124134036,1.827407776
657,9.327007371,-7.020121258,0.2607080917,9.327007371,7.020121258,0.2607080917
658,8.527884657,-6.556922417,4.621240077,8.527884657,6.556922417,4.621240077
659,9.846203941,-5.110625546,4.862903252,9.846203941,5.110625546,4.862903252
660,9.349897684,-4.704542563,4.810348441,9.349897684,4.704542563,4.810348441
661,9.991122675,-5.236336225,1.289740319,9.991122675,5.236336225,1.289740319
662,8.769576259,-4.525584676,1.740141732,8.769576259,4.525584676,1.740141732
663,8.924493713,-7.185706675,3.225499326,8.924493713,7.185706675,3.225499326
664,9.661066726,-4.94534484,4.967803989,9.661066726,4.94534484,4.967803989
665,9.171758294,-6.353517761,4.686582627,9.171758294,6.353517761,4.686582627
666,8.515829462,-5.724092916,0.005391876536,8.515829462,5.724092916,0.005391876536
667,9.929417267,-7.16784626,2.006615792,9.929417267,7.16784626,2.006615792
668,8.124471955,-5.007346441,4.854373513,8.124471955,5.007346441,4.854373513
669,9.177143254,-7.935961955,3.608683897,9.177143254,7.935961955,3.608683897
670,8.22718269,-5.19671866,1.598746582,8.22718269,5.19671866,1.598746582
671,9.549424252,-7.897755833,1.981765549,9.549424252,7.897755833,1.981765549
672,8.252233765,-4.76534002,2.029622492,8.252233765,4.76534002,2.029622492
673,9.346981995,-6.440538012,3.111042614,9.346981995,6.440538012,3.111042614
674,9.492220621,-4.999592219,0.1928727832,9.492220621,4.999592219,0.1928727832
675,8.555796174,-4.812300571,1.960553846,8.555796174,4.812300571,1.960553846
676,9.486996925,-6.023482739,4.274688897,9.486996925,6.023482739,4.274688897
677,8.145777864,-7.947592424,2.089785063,8.145777864,7.947592424,2.089785063
678,8.609778191,-7.810453308,2.774946255,8.609778191,7.810453308,2.774946255
679,8.251740976,-5.679289002,3.362047658,8.251740976,5.679289002,3.362047658
680,8.914022262,-5.479288664,0.1379318724,8.914022262,5.479288664,0.1379318724
681,9.762330834,-6.951534069,2.121290457,9.762330834,6.951534069,2.121290457
682,9.125088013,-5.588103029,3.102773125,9.125088013,5.588103029,3.102773125
683,9.180255824,-5.787267913,0.4653691276,9.180255824,5.787267913,0.4653691276
684,8.590216109,-7.2776681,3.955891052,8.590216109,7.2776681,3.955891052
685,9.848038481,-4.623820045,3.008416972,9.848038481,4.623820045,3.008416972
686,9.277207681,-6.179628838,4.584724454,9.277207681,6.179628838,4.584724454
687,8.392332374,-5.950308493,0.1241200502,8.392332374,5.950308493,0.1241200502
688,8.186691602,-5.515973329,1.981181629,8.186691602,5.515973329,1.981181629
689,9.817645572,-6.511843194,3.307296876,9.817645572,6.511843194,3.307296876
690,8.371703275,-4.605505178,1.375751977,8.371703275,4.605505178,1.375751977
691,8.524345574,-5.051050213,2.335780118,8.524345574,5.051050213,2.335780118
692,9.104346596,-7.20554654,2.015547397,9.104346596,7.20554654,2.015547397
693,8.739602967,-4.813003447,2.101332155,8.739602967,4.813003447,2.101332155
694,9.461707823,-7.209703559,3.263978732,9.461707823,7.209703559,3.263978732
695,8.693231165,-5.833550079,2.691011113,8.693231165,5.833550079,2.691011113
696,8.997333903,-5.964792656,2.994147683,8.997333903,5.964792656,2.994147683
697,8.259211586,-4.164026506,0.8134377085,8.259211586,4.164026506,0.8134377085
698,8.402112133,-7.943976292,2.485831463,8.402112133,7.943976292,2.485831463
699,9.790324024,-6.270765983,4.392840222,9.790324024,6.270765983,4.392840222
700,8.727189925,-4.113333284,3.296255161,8.727189925,4.113333284,3.296255161
701,9.226244113,-4.31137451,0.90324165,9.226244113,4.31137451,0.90324165
702,9.335787425,-4.762512199,3.952416491,9.335787425,4.762512199,3.952416491
703,9.139494467,-5.069785891,1.231982919,9.139494467,5.069785891,1.231982919
704,9.170778164,-7.856328761,2.167893156,9.170778164,7.856328761,2.167893156
705,8.739750979,-4.079374841,4.882867391,8.739750979,4.079374841,4.882867391
706,9.977378993,-6.435188554,4.495806791,9.977378993,6.435188554,4.495806791
707,9.68248499,-4.741192368,3.632105035,9.68248499,4.741192368,3.632105035
708,9.01809547,-6.892586401,2.533542339,9.01809547,6.892586401,2.533542339
709,9.176274956,-6.728474329,4.203084891,9.176274956,6.728474329,4.203084891
710,8.679351303,-4.044682123,1.651143999,8.679351303,4.044682123,1.651143999
711,8.864116445,-5.147237671,2.637614311,8.864116445,5.147237671,2.637614311
712,8.72137847,-4.049603917,0.6468988452,8.72137847,4.049603917,0.6468988452
713,8.433712006,-7.09680697,3.211035629,8.433712006,7.09680697,3.211035629
714,9.196605523,-7.014725573,3.178928868,9.196605523,7.014725573,3.178928868
715,8.212297215,-4.556781285,1.506608013,8.212297215,4.556781285,1.506608013
716,8.094838983,-6.443229787,3.484767102,8.094838983,6.443229787,3.484767102
717,9.101573494,-5.84404534,3.561394558,9.101573494,5.84404534,3.561394558
718,8.310129936,-6.723832989,0.001605109092,8.310129936,6.723832989,0.001605109092
719,8.242535478,-7.973226891,1.392895125,8.242535478,7.973226891,1.392895125
720,9.714748223,-7.179151225,3.523521133,9.714748223,7.179151225,3.523521133
721,9.559419351,-5.667285988,3.174753059,9.559419351,5.667285988,3.174753059
722,8.026786696,-7.590845892,2.479514157,8.026786696,7.590845892,2.479514157
723,8.76391974,-7.864974432,1.453548838,8.76391974,7.864974432,1.453548838
724,9.232478411,-7.757953487,2.554172627,9.232478411,7.757953487,2.554172627
725,8.108748553,-6.534502603,3.080164587,8.108748553,6.534502603,3.080164587
726,9.941476653,-7.975684241,2.983527581,9.941476653,7.975684241,2.983527581
727,9.923298497,-6.416185629,4.602235323,9.923298497,6.416185629,4.602235323
728,8.988503576,-4.11502551,1.48993174,8.988503576,4.11502551,1.48993174
729,8.159646845,-7.781877749,4.253213116,8.159646845,7.781877749,4.253213116
730,8.529565656,-5.32071639,1.535140006,8.529565656,5.32071639,1.535140006
731,8.39665588,-7.028942009,3.043601655,8.39665588,7.028942009,3.043601655
732,8.903249951,-7.621115874,1.699251786,8.903249951,7.621115874,1.699251786
733,8.22201033,-4.347110939,4.866627152,8.22201033,4.347110939,4.866627152
734,8.631596449,-5.665195974,0.8795306792,8.631596449,5.665195974,0.8795306792
735,8.021445223,-4.046154854,2.670298671,8.021445223,4.046154854,2.670298671
736,8.521077695,-4.388878314,0.2576976114,8.521077695,4.388878314,0.2576976114
737,8.992175782,-4.461576897,1.207374976,8.992175782,4.461576897,1.207374976
738,8.198950898,-4.997241387,2.733079932,8.198950898,4.997241387,2.733079932
739,8.8609084,-7.527870651,2.381749209,8.8609084,7.527870651,2.381749209
740,8.296566701,-7.875272531,1.653580652,8.296566701,7.875272531,1.653580652
741,9.179307139,-4.799991674,2.882343641,9.179307139,4.799991674,2.882343641
742,8.488267061,-6.864868256,3.104052425,8.488267061,6.864868256,3.104052425
743,9.201174693,-6.401892552,3.392564422,9.201174693,6.401892552,3.392564422
744,8.737669067,-7.039222006,1.905155662,8.737669067,7.039222006,1.905155662
745,9.881901041,-4.38702605,4.834114902,9.881901041,4.38702605,4.834114902
746,8.324057724,-7.249613395,1.523636138,8.324057724,7.249613395,1.523636138
747,9.304197771,-6.422924394,4.638548916,9.304197771,6.422924394,4.638548916
748,8.858182116,-7.208457391,2.751273782,8.858182116,7.208457391,2.751273782
749,8.303291343,-4.486084465,0.1190178684,8.303291343,4.486084465,0.1190178684
750,8.793116126,-5.913323268,1.744252005,8.793116126,5.913323268,1.744252005
751,9.874356124,-7.112719633,3.459524054,9.874356124,7.112719633,3.459524054
752,8.542386079,-7.329009,3.562739621,8.542386079,7.329009,3.562739621
753,9.386047425,-4.246251892,3.361551951,9.386047425,4.246251892,3.361551951
754,9.790936533,-5.260708092,4.963025967,9.790936533,5.260708092,4.963025967
755,8.143806632,-4.217005419,0.8407378246,8.143806632,4.217005419,0.8407378246
756,8.887581212,-7.415340822,1.888221259,8.887581212,7.415340822,1.888221259
757,8.548676924,-5.059189591,0.2924358234,8.548676924,5.059189591,0.2924358234
758,8.209516648,-5.217295867,0.9105428437,8.209516648,5.217295867,0.9105428437
759,8.241447547,-5.203226062,2.628420499,8.241447547,5.203226062,2.628420499
760,8.365650272,-5.788650006,0.09641409351,8.365650272,5.788650006,0.09641409351
761,8.124059084,-4.378544163,3.801954495,8.124059084,4.378544163,3.801954495
762,9.23755088,-7.704451506,2.208475945,9.23755088,7.704451506,2.208475945
763,8.082612699,-4.936437884,2.300081348,8.082612699,4.936437884,2.300081348
764,8.732661746,-7.085389297,0.4052596803,8.732661746,7.085389297,0.4052596803
765,8.327551128,-4.180214623,1.495939805,8.327551128,4.180214623,1.495939805
766,9.238162792,-7.000157307,3.244413888,9.238162792,7.000157307,3.244413888
767,8.401383615,-6.908963893,2.066433926,8.401383615,6.908963893,2.066433926
768,9.015921144,-7.03759666,3.699373634,9.015921144,7.03759666,3.699373634
769,8.623724142,-4.292602156,3.828632896,8.623724142,4.292602156,3.828632896
770,8.975966855,-6.60628197,1.438183806,8.975966855,6.60628197,1.438183806
771,8.744672735,-4.262700955,2.309373568,8.744672735,4.262700955,2.309373568
772,8.6207678,-4.671152743,3.928437454,8.6207678,4.671152743,3.928437454
773,9.21420287,-4.501752051,0.5048422417,9.21420287,4.501752051,0.5048422417
774,9.584388986,-5.200097225,1.181194509,9.584388986,5.200097225,1.181194509
775,8.256996117,-6.331251638,4.619222567,8.256996117,6.331251638,4.619222567
776,9.624804347,-4.83761399,4.552161409,9.624804347,4.83761399,4.552161409
777,9.03509708,-5.637073815,0.9932255002,9.03509708,5.637073815,0.9932255002
778,8.595817418,-5.829832649,3.918801148,8.595817418,5.829832649,3.918801148
779,9.907119692,-6.542335575,0.9844947208,9.907119692,6.542335575,0.9844947208
780,9.665138668,-5.889802855,1.451526723,9.665138668,5.889802855,1.451526723
781,8.131029833,-6.769111362,2.673185289,8.131029833,6.769111362,2.673185289
782,9.601294729,-7.721088424,1.81541956,9.601294729,7.721088424,1.81541956
783,9.442528857,-4.259214708,1.008723212,9.442528857,4.259214708,1.008723212
784,8.474606539,-6.830866908,2.961365405,8.474606539,6.830866908,2.961365405
785,8.563781727,-7.201612469,2.349784787,8.563781727,7.201612469,2.349784787
786,8.663103446,-6.892960685,2.193094245,8.663103446,6.892960685,2.193094245
787,8.80493635,-4.5031501,0.3814313026,8.80493635,4.5031501,0.3814313026
788,9.085835207,-7.411049402,2.195941798,9.085835207,7.411049402,2.195941798
789,9.117087673,-6.115931327,3.61425371,9.117087673,6.115931327,3.61425371
790,9.472737629,-4.239760767,0.4664506148,9.472737629,4.239760767,0.4664506148
791,9.999810088,-5.487187232,2.214118123,9.999810088,5.487187232,2.214118123
792,8.997398766,-5.415946674,4.637046452,8.997398766,5.415946674,4.637046452
793,8.975136866,-5.526576033,3.802067342,8.975136866,5.526576033,3.802067342
794,9.428394057,-5.816246243,0.610440091,9.428394057,5.816246243,0.610440091
795,9.485166811,-4.504849608,3.267166826,9.485166811,4.504849608,3.267166826
796,9.184205837,-5.784557478,0.03321741025,9.184205837,5.784557478,0.03321741025
797,8.28084299,-7.632497393,0.1062458983,8.28084299,7.632497393,0.1062458983
798,8.300256704,-7.771307137,4.292010282,8.300256704,7.771307137,4.292010282
799,9.029644268,-7.95560043,4.53987541,9.029644268,7.95560043,4.53987541
800,9.734651421,-6.214961206,2.019056329,9.734651421,6.214961206,2.019056329
801,9.020967423,-7.699493736,4.740437631,9.020967423,7.699493736,4.740437631
802,9.958489089,-7.707087457,2.672812787,9.958489089,7.707087457,2.672812787
803,8.687129431,-5.152214267,0.1733473019,8.687129431,5.152214267,0.1733473019
804,8.109955795,-5.559992752,1.505204701,8.109955795,5.559992752,1.505204701
805,8.038692994,-6.284889375,3.914509768,8.038692994,6.284889375,3.914509768
806,9.757989554,-7.197548486,3.547284458,9.757989554,7.197548486,3.547284458
807,9.0449864,-6.043481861,0.1247674126,9.0449864,6.043481861,0.1247674126
808,9.546502595,-6.584815159,0.8124013153,9.546502595,6.584815159,0.8124013153
809,9.140263135,-7.916425728,4.78478816,9.140263135,7.916425728,4.78478816
810,9.605605779,-6.782516203,0.9189164887,9.605605779,6.782516203,0.9189164887
811,9.22519313,-6.098951321,0.6116303133,9.22519313,6.098951321,0.6116303133
812,8.959880718,-5.552817714,4.727140821,8.959880718,5.552817714,4.727140821
813,9.240814287,-5.263083838,3.471749896,9.240814287,5.263083838,3.471749896
814,9.479644365,-4.960281756,4.337250927,9.479644365,4.960281756,4.337250927
815,8.25246109,-7.340691838,1.895775215,8.25246109,7.340691838,1.895775215
816,9.859723064,-5.62580467,2.141806289,9.859723064,5.62580467,2.141806289
817,8.285548116,-4.38633999,0.6998851591,8.285548116,4.38633999,0.6998851591
818,8.228152686,-4.533859603,1.319122441,8.228152686,4.533859603,1.319122441
819,8.350679513,-4.870346152,0.5796209181,8.350679513,4.870346152,0.5796209181
820,8.247328334,-7.20896533,2.708748318,8.247328334,7.20896533,2.708748318
821,8.285903162,-7.836136746,4.607612755,8.285903162,7.836136746,4.607612755
822,9.841590908,-7.123035837,2.95988804,9.841590908,7.123035837,2.95988804
823,9.488788411,-7.228019972,3.220784181,9.488788411,7.228019972,3.220784181
824,8.243439937,-4.140651124,1.985638113,8.243439937,4.140651124,1.985638113
825,9.226402687,-6.156631799,2.799543817,9.226402687,6.156631799,2.799543817
826,8.077152433,-7.736371973,0.4038646482,8.077152433,7.736371973,0.4038646482
827,9.069453658,-4.532836891,4.736303275,9.069453658,4.532836891,4.736303275
828,9.281449701,-6.021514929,0.8785199872,9.281449701,6.021514929,0.8785199872
829,8.826370243,-6.792571222,2.769054593,8.826370243,6.792571222,2.769054593
830,8.306131477,-6.004360994,3.187921824,8.306131477,6.004360994,3.187921824
831,9.038680044,-6.593269316,3.763977323,9.038680044,6.593269316,3.763977323
832,8.101681486,-5.997099654,0.7993422023,8.101681486,5.997099654,0.7993422023
833,9.181721039,-4.437910943,1.406041641,9.181721039,4.437910943,1.406041641
834,8.762377196,-5.006962619,4.598151817,8.762377196,5.006962619,4.598151817
835,8.891765825,-4.038637837,2.87587253,8.891765825,4.038637837,2.87587253
836,8.49530347,-7.952494311,4.846347048,8.49530347,7.952494311,4.846347048
837,8.16555148,-4.544095548,0.422899882,8.16555148,4.544095548,0.422899882
838,9.989015403,-4.58577664,4.086766941,9.989015403,4.58577664,4.086766941
839,9.060767248,-7.011450553,4.297832625,9.060767248,7.011450553,4.297832625
840,9.771806066,-5.347206857,2.488550133,9.771806066,5.347206857,2.488550133
841,9.132266457,-4.006181472,0.181173201,9.132266457,4.006181472,0.181173201
842,9.212257644,-5.61314465,2.484851049,9.212257644,5.61314465,2.484851049
843,8.990906534,-4.073537247,1.578874268,8.990906534,4.073537247,1.578874268
844,9.261874772,-5.812934497,0.6896448606,9.261874772,5.812934497,0.6896448606
845,8.948498166,-5.970775553,4.581996049,8.948498166,5.970775553,4.581996049
846,9.615259343,-4.897501612,2.216316973,9.615259343,4.897501612,2.216316973
847,9.848123813,-6.717213906,4.475631173,9.848123813,6.717213906,4.475631173
848,8.817876907,-5.15644342,3.142013431,8.817876907,5.15644342,3.142013431
849,9.665086889,-7.260538847,4.395355678,9.665086889,7.260538847,4.395355678
850,9.041629642,-5.236328817,1.969399684,9.041629642,5.236328817,1.969399684
851,9.247237762,-6.235993359,3.169557285,9.247237762,6.235993359,3.169557285
852,8.237071911,-7.554301125,1.298134238,8.237071911,7.554301125,1.298134238
853,9.247908995,-7.08578829,0.6463699806,9.247908995,7.08578829,0.6463699806
854,8.52733507,-7.585093526,3.314241881,8.52733507,7.585093526,3.314241881
855,8.649946068,-5.69764102,3.818380679,8.649946068,5.69764102,3.818380679
856,9.808046158,-5.495735636,1.184520613,9.808046158,5.495735636,1.184520613
857,9.701353731,-4.514510042,3.451189258,9.701353731,4.514510042,3.451189258
858,8.241379991,-4.392588629,0.5686020976,8.241379991,4.392588629,0.5686020976
859,9.154162528,-4.375654132,0.3583453089,9.154162528,4.375654132,0.3583453089
860,9.768762887,-5.424427626,3.562432829,9.768762887,5.424427626,3.562432829
861,8.646765733,-7.597879268,0.0007944473093,8.646765733,7.597879268,0.0007944473093
862,8.909788914,-6.860120638,4.808447921,8.909788914,6.860120638,4.808447921
863,8.280952666,-5.233524268,2.420062784,8.280952666,5.233524268,2.420062784
864,8.365009671,-5.049571702,1.859952961,8.365009671,5.049571702,1.859952961
865,8.959185414,-5.099160878,3.227879453,8.959185414,5.099160878,3.227879453
866,8.604053935,-6.214021042,3.296166302,8.604053935,6.214021042,3.296166302
867,9.062595693,-7.919426664,1.198335935,9.062595693,7.919426664,1.198335935
868,8.410914719,-7.941075852,2.441615183,8.410914719,7.941075852,2.441615183
869,8.4192358,-4.449651239,0.06016765856,8.4192358,4.449651239,0.06016765856
870,9.894353421,-6.037992487,1.756355963,9.894353421,6.037992487,1.756355963
871,9.245066622,-4.21725661,4.125108913,9.245066622,4.21725661,4.125108913
872,8.778596256,-4.293297476,0.2046367913,8.778596256,4.293297476,0.2046367913
873,9.503019287,-4.856095988,0.06292735783,9.503019287,4.856095988,0.06292735783
874,8.79948735,-5.293827624,3.867638464,8.79948735,5.293827624,3.867638464
875,8.740497582,-6.013219546,0.234730116,8.740497582,6.013219546,0.234730116
876,8.08189758,-5.63624809,4.194894667,8.08189758,5.63624809,4.194894667
877,8.411403835,-4.40980696,1.70411592,8.411403835,4.40980696,1.70411592
878,8.709615382,-7.866073281,0.0586551188,8.709615382,7.866073281,0.0586551188
879,9.599942128,-7.575458224,1.182011618,9.599942128,7.575458224,1.182011618
880,8.969552523,-7.792726589,2.921145374,8.969552523,7.792726589,2.921145374
881,8.231093599,-6.598476451,4.437494589,8.231093599,6.598476451,4.437494589
882,9.514525789,-4.298241713,1.197390023,9.514525789,4.298241713,1.197390023
883,8.724034531,-6.307484567,2.976101327,8.724034531,6.307484567,2.976101327
884,8.906016412,-6.524376545,2.312586484,8.906016412,6.524376545,2.312586484
885,9.723394783,-6.797472824,0.2922224289,9.723394783,6.797472824,0.2922224289
886,8.539301491,-6.845203432,2.045188224,8.539301491,6.845203432,2.045188224
887,9.288898377,-7.1244642,0.6269769499,9.288898377,7.1244642,0.6269769499
888,9.093587046,-4.079189927,0.8127110534,9.093587046,4.079189927,0.8127110534
889,8.652602539,-7.118180112,3.68184858,8.652602539,7.118180112,3.68184858
890,9.570892879,-4.04842603,4.4103147,9.570892879,4.04842603,4.4103147
891,8.436927134,-7.214681874,2.066408547,8.436927134,7.214681874,2.066408547
892,9.277333081,-6.247514378,0.9315063355,9.277333081,6.247514378,0.9315063355
893,8.794451392,-4.41672688,2.701290409,8.794451392,4.41672688,2.701290409
894,9.253245166,-7.747755064,0.7806240555,9.253245166,7.747755064,0.7806240555
895,8.166823373,-4.186799025,3.901525144,8.166823373,4.186799025,3.901525144
896,8.574735532,-6.553149886,4.688400146,8.574735532,6.553149886,4.688400146
897,8.806086353,-5.317229273,4.267294502,8.806086353,5.317229273,4.267294502
898,8.435270669,-5.775466162,0.8408909056,8.435270669,5.775466162,0.8408909056
899,9.554549728,-7.466794509,4.786660859,9.554549728,7.466794509,4.786660859
900,9.184840352,-6.850653912,1.769961038,9.184840352,6.850653912,1.769961038
901,8.992527857,-7.77945734,4.076045764,8.992527857,7.77945734,4.076045764
902,9.675096,-7.535344687,0.6875739861,9.675096,7.535344687,0.6875739861
903,9.446609856,-4.296761687,2.457944901,9.446609856,4.296761687,2.457944901
904,8.857109836,-7.869503654,3.899207957,8.857109836,7.869503654,3.899207957
905,8.670619558,-7.041610948,0.5010005524,8.670619558,7.041610948,0.5010005524
906,9.035654316,-5.251585018,2.742266405,9.035654316,5.251585018,2.742266405
907,9.589343597,-5.801015925,2.765138219,9.589343597,5.801015925,2.765138219
908,9.338051426,-7.140296628,1.867488065,9.338051426,7.140296628,1.867488065
909,8.309963017,-6.694676432,4.234686206,8.309963017,6.694676432,4.234686206
910,8.550835384,-6.879329824,3.33480872,8.550835384,6.879329824,3.33480872
911,8.792685977,-7.32324757,3.35650835,8.792685977,7.32324757,3.35650835
912,9.664093397,-5.257701277,2.915232171,9.664093397,5.257701277,2.915232171
913,8.921359491,-7.195614796,2.690122326,8.921359491,7.195614796,2.690122326
914,9.29804386,-7.500702142,4.678020704,9.29804386,7.500702142,4.678020704
915,9.174105624,-4.601737426,1.025076237,9.174105624,4.601737426,1.025076237
916,9.132066826,-4.579400389,0.6644999693,9.132066826,4.579400389,0.6644999693
917,8.266794782,-4.302413271,4.920682829,8.266794782,4.302413271,4.920682829
918,9.882160019,-6.487213487,3.488230855,9.882160019,6.487213487,3.488230855
919,9.788203087,-5.337931855,0.1083517992,9.788203087,5.337931855,0.1083517992
920,9.054045194,-7.229802946,2.604077083,9.054045194,7.229802946,2.604077083
921,9.381017535,-6.714813782,4.091633132,9.381017535,6.714813782,4.091633132
922,9.317535166,-7.791464392,4.819262749,9.317535166,7.791464392,4.819262749
923,9.019716004,-4.32695823,4.748720903,9.019716004,4.32695823,4.748720903
924,8.99118136,-5.671828321,1.206988997,8.99118136,5.671828321,1.206988997
925,9.62327893,-7.630313331,0.3422401565,9.62327893,7.630313331,0.3422401565
926,8.788796098,-4.438081877,1.772260955,8.788796098,4.438081877,1.772260955
927,9.002443413,-5.556938514,0.2679302104,9.002443413,5.556938514,0.2679302104
928,8.061575303,-5.12960113,4.120648224,8.061575303,5.12960113,4.120648224
929,8.018815666,-6.975812125,2.214265699,8.018815666,6.975812125,2.214265699
930,9.577873083,-5.615872672,4.619718375,9.577873083,5.615872672,4.619718375
931,9.023866478,-4.547245478,3.386658302,9.023866478,4.547245478,3.386658302
932,9.130093553,-6.789424759,1.511450571,9.130093553,6.789424759,1.511450571
933,9.003174381,-7.751066616,4.690821321,9.003174381,7.751066616,4.690821321
934,8.563806654,-7.730200599,1.539291283,8.563806654,7.730200599,1.539291283
935,8.385009898,-4.684121571,2.528949726,8.385009898,4.684121571,2.528949726
936,9.21345409,-5.9759316,4.568492581,9.21345409,5.9759316,4.568492581
937,9.848491372,-5.220885879,1.288972093,9.848491372,5.220885879,1.288972093
938,8.133528714,-7.356628277,2.591465582,8.133528714,7.356628277,2.591465582
939,8.507352249,-4.425367329,2.991326926,8.507352249,4.425367329,2.991326926
940,9.271780194,-4.39484324,3.375178366,9.271780194,4.39484324,3.375178366
941,9.029357551,-7.618791647,1.580144543,9.029357551,7.618791647,1.580144543
942,8.085954751,-4.243893691,3.794865877,8.085954751,4.243893691,3.794865877
943,9.213360716,-5.984081965,2.327686149,9.213360716,5.984081965,2.327686149
944,8.708217498,-4.053299348,4.842839448,8.708217498,4.053299348,4.842839448
945,9.576912244,-7.575641554,3.974307717,9.576912244,7.575641554,3.974307717
946,9.168363839,-6.346325769,4.153972421,9.168363839,6.346325769,4.153972421
947,9.05448986,-4.464725078,3.903618857,9.05448986,4.464725078,3.903618857
948,8.361098507,-6.613251341,2.167090748,8.361098507,6.613251341,2.167090748
949,9.073328349,-4.662499553,1.597056622,9.073328349,4.662499553,1.597056622
950,9.253184508,-6.322830873,0.2762410067,9.253184508,6.322830873,0.2762410067
951,8.320251085,-7.413045994,1.207594628,8.320251085,7.413045994,1.207594628
952,8.548531489,-5.702943615,1.315499668,8.548531489,5.702943615,1.315499668
953,8.354863622,-5.237816211,1.613146978,8.354863622,5.237816211,1.613146978
954,9.844944495,-6.021616577,0.7790946319,9.844944495,6.021616577,0.7790946319
955,9.934223606,-4.354709483,2.171474269,9.934223606,4.354709483,2.171474269
956,9.813178091,-7.106037663,2.38424253,9.813178091,7.106037663,2.38424253
957,8.220170419,-4.214762732,0.4056903784,8.220170419,4.214762732,0.4056903784
958,8.601283169,-6.176848439,1.031983852,8.601283169,6.176848439,1.031983852
959,9.827644863,-6.135730152,1.449116928,9.827644863,6.135730152,1.449116928
960,9.415377734,-6.767467737,4.271779855,9.415377734,6.767467737,4.271779855
961,9.481572001,-4.415346504,3.607133862,9.481572001,4.415346504,3.607133862
962,8.858566818,-4.87546764,2.904689114,8.858566818,4.87546764,2.904689114
963,8.578482694,-4.741104887,4.329378537,8.578482694,4.741104887,4.329378537
964,8.335665639,-7.199644956,0.009178937671,8.335665639,7.199644956,0.009178937671
965,8.5505276,-4.85371399,1.096312421,8.5505276,4.85371399,1.096312421
966,9.771786043,-4.30942774,4.1002645,9.771786043,4.30942774,4.1002645
967,8.113658085,-5.756317344,3.718593357,8.113658085,5.756317344,3.718593357
968,9.573122533,-7.142158493,2.259565648,9.573122533,7.142158493,2.259565648
969,8.414525772,-5.591829609,2.725277337,8.414525772,5.591829609,2.725277337
970,8.610057002,-6.910641518,2.339499,8.610057002,6.910641518,2.339499
971,9.094352176,-5.74966861,1.417664784,9.094352176,5.74966861,1.417664784
972,8.863884644,-5.222656804,3.953288695,8.863884644,5.222656804,3.953288695
973,9.341159909,-5.736500984,0.7202661785,9.341159909,5.736500984,0.7202661785
974,9.993187232,-5.172957583,1.13349855,9.993187232,5.172957583,1.13349855
975,8.239097681,-5.591669142,1.740183838,8.239097681,5.591669142,1.740183838
976,9.594533041,-7.886118955,2.760732269,9.594533041,7.886118955,2.760732269
977,8.936156423,-4.69750126,4.413095242,8.936156423,4.69750126,4.413095242
978,9.411408362,-6.297521621,1.13196741,9.411408362,6.297521621,1.13196741
979,8.286619659,-4.091008105,4.370531002,8.286619659,4.091008105,4.370531002
980,8.647972643,-5.004259627,0.1213111313,8.647972643,5.004259627,0.1213111313
981,9.285640827,-7.002319967,2.202418551,9.285640827,7.002319967,2.202418551
982,8.239518507,-7.254903773,4.066995775,8.239518507,7.254903773,4.066995775
983,8.560156925,-4.314899458,4.244706799,8.560156925,4.314899458,4.244706799
984,9.194801094,-5.346342354,0.8450385628,9.194801094,5.346342354,0.8450385628
985,9.828942994,-5.763857326,4.418713571,9.828942994,5.763857326,4.418713571
986,8.638317496,-7.939408575,0.1256351931,8.638317496,7.939408575,0.1256351931
987,9.167260462,-7.574882066,4.151676368,9.167260462,7.574882066,4.151676368
988,8.031058358,-4.487207331,2.88215494,8.031058358,4.487207331,2.88215494
989,8.336758967,-7.323155317,4.072513974,8.336758967,7.323155317,4.072513974
990,9.230358841,-7.798013158,4.179271318,9.230358841,7.798013158,4.179271318
991,8.753831077,-7.297435164,0.6992997898,8.753831077,7.297435164,0.6992997898
992,8.96363938,-5.747849034,3.716659017,8.96363938,5.747849034,3.716659017
993,8.910501236,-7.640042459,0.3023283243,8.910501236,7.640042459,0.3023283243
994,8.243682967,-6.64841195,1.673779744,8.243682967,6.64841195,1.673779744
995,8.42842407,-6.862050923,1.266463036,8.42842407,6.862050923,1.266463036
996,9.957541627,-6.40841331,4.981183827,9.957541627,6.40841331,4.981183827
997,9.27218598,-7.680348887,1.70684443,9.27218598,7.680348887,1.70684443
998,9.936337123,-7.357675124,1.141676126,9.936337123,7.357675124,1.141676126
999,8.982614821,-7.97768667,3.571809303,8.982614821,7.97768667,3.571809303