"""Atmos Mix Number""",SynthRightPosX:,SynthRightPosY:,SynthRightPosZ:,SynthLeftPosX:,SynthLeftPosY:,SynthLeftPosZ:
1,9.781641617,6.193428475,1.698583787,9.781641617,-6.193428475,1.698583787
2,9.022129987,6.412477739,3.048530214,9.022129987,-6.412477739,3.048530214
3,9.30465358,7.827727027,2.692620724,9.30465358,-7.827727027,2.692620724
4,9.555491854,4.916191215,0.5958008782,9.555491854,-4.916191215,0.5958008782
5,9.200840732,7.769733717,2.249148459,9.200840732,-7.769733717,2.249148459
6,8.047487232,4.693376262,1.005373568,8.047487232,-4.693376262,1.005373568
7,8.331571959,5.14751748,1.671784682,8.331571959,-5.14751748,1.671784682
8,8.375394141,7.469342148,0.3651134884,8.375394141,-7.469342148,0.3651134884
9,8.982837485,5.824525996,3.018795346,8.982837485,-5.824525996,3.018795346
10,8.647221506,6.877774479,0.2601280093,8.647221506,-6.877774479,0.2601280093
11,8.287825795,5.310950509,2.209111889,8.287825795,-5.310950509,2.209111889
12,8.772044112,5.366100918,3.970841518,8.772044112,-5.366100918,3.970841518
13,9.415184123,7.867830102,1.412869358,9.415184123,-7.867830102,1.412869358
14,9.013258121,4.624841396,2.013598715,9.013258121,-4.624841396,2.013598715
15,9.178698882,5.905461693,4.125358128,9.178698882,-5.905461693,4.125358128
16,8.064928573,6.217713649,2.57014438,8.064928573,-6.217713649,2.57014438
17,8.624502086,5.268726482,1.438883456,8.624502086,-5.268726482,1.438883456
18,9.67141863,4.719100383,0.4380531588,9.67141863,-4.719100383,0.4380531588
19,8.401519154,5.517644851,1.491329022,8.401519154,-5.517644851,1.491329022
20,9.023541034,5.009435001,0.4890164597,9.023541034,-5.009435001,0.4890164597
21,8.501369619,5.933861393,4.696686204,8.501369619,-5.933861393,4.696686204
22,9.182821367,7.050400801,1.160866739,9.182821367,-7.050400801,1.160866739
23,9.853199206,4.107374442,3.730554043,9.853199206,-4.107374442,3.730554043
24,9.337624085,6.88635656,3.538002966,9.337624085,-6.88635656,3.538002966
25,9.771108906,6.289687343,3.947350357,9.771108906,-6.289687343,3.947350357
26,9.665634686,7.034368578,2.03975722,9.665634686,-7.034368578,2.03975722
27,8.277333722,5.259205018,3.806069168,8.277333722,-5.259205018,3.806069168
28,8.507526134,4.883437267,1.474133181,8.507526134,-4.883437267,1.474133181
29,9.669761047,5.564160934,1.353829875,9.669761047,-5.564160934,1.353829875
30,9.143835291,6.087228297,4.202782287,9.143835291,-6.087228297,4.202782287
31,9.580652182,7.332166417,2.002811278,9.580652182,-7.332166417,2.002811278
32,9.064645955,7.87964382,2.770235847,9.064645955,-7.87964382,2.770235847
33,9.303679772,7.320657041,0.8936619159,9.303679772,-7.320657041,0.8936619159
34,8.739390797,5.257168132,1.585065904,8.739390797,-5.257168132,1.585065904
35,8.874013546,6.798604137,3.48998224,8.874013546,-6.798604137,3.48998224
36,9.697953676,4.356889311,3.002213558,9.697953676,-4.356889311,3.002213558
37,8.702814385,4.778889586,2.632463313,8.702814385,-4.778889586,2.632463313
38,9.546549879,7.2277036,4.484255555,9.546549879,-7.2277036,4.484255555
39,9.33102246,4.957244864,0.8018401709,9.33102246,-4.957244864,0.8018401709
40,9.341092399,6.470239193,0.8455174427,9.341092399,-6.470239193,0.8455174427
41,9.821893811,7.664659372,0.5166991577,9.821893811,-7.664659372,0.5166991577
42,8.661690274,4.646773496,1.978002625,8.661690274,-4.646773496,1.978002625
43,8.607735918,4.725199611,3.610728006,8.607735918,-4.725199611,3.610728006
44,9.565580882,6.486636462,2.883977782,9.565580882,-6.486636462,2.883977782
45,9.300362914,7.16228299,0.09517978723,9.300362914,-7.16228299,0.09517978723
46,8.289439562,4.098586453,4.399297238,8.289439562,-4.098586453,4.399297238
47,9.529820319,7.358148002,2.682750999,9.529820319,-7.358148002,2.682750999
48,9.729152712,5.825178116,0.1773106718,9.729152712,-5.825178116,0.1773106718
49,9.661064886,4.000585131,3.110964965,9.661064886,-4.000585131,3.110964965
50,8.105550143,5.023514928,0.4492792011,8.105550143,-5.023514928,0.4492792011
51,8.028909078,5.717477245,2.704365448,8.028909078,-5.717477245,2.704365448
52,9.24428303,5.732755383,0.8080334207,9.24428303,-5.732755383,0.8080334207
53,9.809302036,6.785369764,2.218833681,9.809302036,-6.785369764,2.218833681
54,9.129274347,5.50461519,3.942181659,9.129274347,-5.50461519,3.942181659
55,9.897802571,5.097681861,4.747243766,9.897802571,-5.097681861,4.747243766
56,8.060470072,6.054654099,3.434186808,8.060470072,-6.054654099,3.434186808
57,9.188049589,7.39831757,1.178204181,9.188049589,-7.39831757,1.178204181
58,9.242752607,6.077635802,2.623359274,9.242752607,-6.077635802,2.623359274
59,8.834541429,4.646861296,3.499131711,8.834541429,-4.646861296,3.499131711
60,9.994853798,4.610489651,2.211176947,9.994853798,-4.610489651,2.211176947
61,8.751736331,5.614285034,3.747363046,8.751736331,-5.614285034,3.747363046
62,8.192191938,4.584653366,0.9788861777,8.192191938,-4.584653366,0.9788861777
63,9.458275858,6.057683338,2.030015019,9.458275858,-6.057683338,2.030015019
64,9.899270169,4.361634741,3.314210051,9.899270169,-4.361634741,3.314210051
65,8.040148332,6.046016095,3.162092654,8.040148332,-6.046016095,3.162092654
66,9.415378573,7.579760639,0.4640006159,9.415378573,-7.579760639,0.4640006159
67,8.505244451,5.475712733,2.785765865,8.505244451,-5.475712733,2.785765865
68,8.817853725,6.857078039,2.692213138,8.817853725,-6.857078039,2.692213138
69,9.065650304,7.107304936,3.520258922,9.065650304,-7.107304936,3.520258922
70,9.362333513,6.908510503,4.117713233,9.362333513,-6.908510503,4.117713233
71,9.251064813,5.466535906,2.705538079,9.251064813,-5.466535906,2.705538079
72,9.267819667,6.370433288,3.61479267,9.267819667,-6.370433288,3.61479267
73,8.471062123,7.892682491,4.613650878,8.471062123,-7.892682491,4.613650878
74,8.110686027,7.821099785,3.102182387,8.110686027,-7.821099785,3.102182387
75,8.355931994,4.402643061,2.844535176,8.355931994,-4.402643061,2.844535176
76,9.567068594,7.691600394,1.035698719,9.567068594,-7.691600394,1.035698719
77,9.472166683,6.703727117,2.749337787,9.472166683,-6.703727117,2.749337787
78,8.024605181,7.342562183,0.3080005322,8.024605181,-7.342562183,0.3080005322
79,8.792207876,4.775561895,3.650373617,8.792207876,-4.775561895,3.650373617
80,9.73577585,7.712359957,2.789428766,9.73577585,-7.712359957,2.789428766
81,8.467967569,6.409136181,1.885038852,8.467967569,-6.409136181,1.885038852
82,9.965895465,4.611515336,0.8003250284,9.965895465,-4.611515336,0.8003250284
83,9.289278277,5.70826633,1.0891184,9.289278277,-5.70826633,1.0891184
84,9.91514114,6.745965658,0.1620158603,9.91514114,-6.745965658,0.1620158603
85,9.883453933,4.907720975,1.966473512,9.883453933,-4.907720975,1.966473512
86,9.138128157,6.512293235,0.5458251871,9.138128157,-6.512293235,0.5458251871
87,9.8184432,4.337416708,1.1461658,9.8184432,-4.337416708,1.1461658
88,9.474990432,5.946578148,2.432710882,9.474990432,-5.946578148,2.432710882
89,8.803772526,5.670522237,4.699389712,8.803772526,-5.670522237,4.699389712
90,9.029445285,4.163573414,3.556706142,9.029445285,-4.163573414,3.556706142
91,8.040997176,5.754517112,0.837503912,8.040997176,-5.754517112,0.837503912
92,9.022937799,6.245167798,1.570184389,9.022937799,-6.245167798,1.570184389
93,8.265345523,5.670274639,1.114944939,8.265345523,-5.670274639,1.114944939
94,8.116939761,6.689890236,3.315609735,8.116939761,-6.689890236,3.315609735
95,9.355547067,7.839610142,2.758480451,9.355547067,-7.839610142,2.758480451
96,8.381330014,7.894291525,4.385036527,8.381330014,-7.894291525,4.385036527
97,8.688614886,5.963477436,0.1943355963,8.688614886,-5.963477436,0.1943355963
98,8.005279174,4.190708021,2.103981942,8.005279174,-4.190708021,2.103981942
99,9.206005303,5.590656337,2.370057959,9.206005303,-5.590656337,2.370057959
100,9.264213327,6.01493464,0.08981492428,9.264213327,-6.01493464,0.08981492428
101,8.868733843,7.772362359,3.507055842,8.868733843,-7.772362359,3.507055842
102,9.494508082,7.935007393,1.646534607,9.494508082,-7.935007393,1.646534607
103,8.649587192,5.446279815,2.676642803,8.649587192,-5.446279815,2.676642803
104,9.865075716,6.464385095,1.398411334,9.865075716,-6.464385095,1.398411334
105,9.18466697,4.121080074,2.286884667,9.18466697,-4.121080074,2.286884667
106,8.706728347,6.547620427,0.3057183999,8.706728347,-6.547620427,0.3057183999
107,8.834531468,5.619092854,4.684919412,8.834531468,-5.619092854,4.684919412
108,9.857135985,7.894893257,2.008612531,9.857135985,-7.894893257,2.008612531
109,8.24380089,5.912457097,0.6206827044,8.24380089,-5.912457097,0.6206827044
110,8.848622395,6.316831641,0.9126644289,8.848622395,-6.316831641,0.9126644289
111,9.000153932,7.601340998,4.049728703,9.000153932,-7.601340998,4.049728703
112,8.411464212,6.048647239,2.554754666,8.411464212,-6.048647239,2.554754666
113,8.048308273,7.788707473,1.457304356,8.048308273,-7.788707473,1.457304356
114,8.446551072,7.741041125,4.204838373,8.446551072,-7.741041125,4.204838373
115,9.887234874,4.77414407,4.610877585,9.887234874,-4.77414407,4.610877585
116,8.754235367,7.135379262,0.8918359416,8.754235367,-7.135379262,0.8918359416
117,9.95114844,7.201514283,0.9574067956,9.95114844,-7.201514283,0.9574067956
118,9.963222131,5.045571601,0.755693352,9.963222131,-5.045571601,0.755693352
119,8.034631067,6.446138993,3.103868103,8.034631067,-6.446138993,3.103868103
120,8.512933046,4.564696462,0.8781133449,8.512933046,-4.564696462,0.8781133449
121,8.163728565,7.823926828,1.299666746,8.163728565,-7.823926828,1.299666746
122,9.58969174,4.638976786,4.227892584,9.58969174,-4.638976786,4.227892584
123,8.338394418,7.666860405,1.187889704,8.338394418,-7.666860405,1.187889704
124,9.642335558,5.356012665,1.660117896,9.642335558,-5.356012665,1.660117896
125,9.383889991,5.768551479,2.434887744,9.383889991,-5.768551479,2.434887744
126,9.703726975,6.341494987,0.7592172053,9.703726975,-6.341494987,0.7592172053
127,8.462569396,6.804728127,1.076014634,8.462569396,-6.804728127,1.076014634
128,9.074632544,5.22473829,1.832190822,9.074632544,-5.22473829,1.832190822
129,8.232024588,6.033544601,4.436713566,8.232024588,-6.033544601,4.436713566
130,9.99532234,5.706569525,3.299058398,9.99532234,-5.706569525,3.299058398
131,9.216232159,4.14904028,4.475392763,9.216232159,-4.14904028,4.475392763
132,9.4040363,4.644166612,4.742054292,9.4040363,-4.644166612,4.742054292
133,8.614767436,7.17994824,4.036133183,8.614767436,-7.17994824,4.036133183
134,9.582430112,4.869640177,0.7534365071,9.582430112,-4.869640177,0.7534365071
135,9.849225402,5.689902789,1.249339768,9.849225402,-5.689902789,1.249339768
136,9.894766604,4.108276942,2.644597353,9.894766604,-4.108276942,2.644597353
137,8.879851914,4.450938589,1.646695334,8.879851914,-4.450938589,1.646695334
138,8.574728456,7.096692069,4.867774906,8.574728456,-7.096692069,4.867774906
139,8.369432728,6.749558439,4.198567871,8.369432728,-6.749558439,4.198567871
140,9.892304514,7.371453954,3.367967433,9.892304514,-7.371453954,3.367967433
141,9.682354293,7.375591766,3.688322221,9.682354293,-7.375591766,3.688322221
142,9.490517942,4.568326495,2.879199146,9.490517942,-4.568326495,2.879199146
143,8.44732746,4.283105505,4.62540616,8.44732746,-4.283105505,4.62540616
144,9.321325526,4.616907724,3.649227723,9.321325526,-4.616907724,3.649227723
145,9.851695497,7.35679831,4.299842627,9.851695497,-7.35679831,4.299842627
146,8.691602756,5.923404318,1.103918584,8.691602756,-5.923404318,1.103918584
147,8.248921699,4.436134892,4.892712311,8.248921699,-4.436134892,4.892712311
148,8.369738496,7.306355908,3.321249166,8.369738496,-7.306355908,3.321249166
149,9.230408505,7.824993672,0.5938381057,9.230408505,-7.824993672,0.5938381057
150,9.57327763,5.699588218,3.790286793,9.57327763,-5.699588218,3.790286793
151,8.62613165,5.341336754,4.018277272,8.62613165,-5.341336754,4.018277272
152,8.686772366,6.889313949,4.08817272,8.686772366,-6.889313949,4.08817272
153,8.449820255,4.246399135,1.452124693,8.449820255,-4.246399135,1.452124693
154,8.631308056,4.046396301,2.764427858,8.631308056,-4.046396301,2.764427858
155,8.493965294,4.155667316,0.4558756082,8.493965294,-4.155667316,0.4558756082
156,9.464067568,6.601118978,0.7136923641,9.464067568,-6.601118978,0.7136923641
157,9.914437293,5.606502022,1.486166965,9.914437293,-5.606502022,1.486166965
158,8.725056373,5.949657569,1.622852711,8.725056373,-5.949657569,1.622852711
159,9.936830921,5.984191822,2.605718839,9.936830921,-5.984191822,2.605718839
160,9.622246363,5.254594204,1.064570178,9.622246363,-5.254594204,1.064570178
161,9.88596565,6.946533627,4.193951509,9.88596565,-6.946533627,4.193951509
162,8.865672537,4.694542305,3.485280294,8.865672537,-4.694542305,3.485280294
163,8.61165361,4.606253431,2.269915806,8.61165361,-4.606253431,2.269915806
164,9.991449603,6.231043425,4.601213604,9.991449603,-6.231043425,4.601213604
165,8.489536029,6.112734278,1.533317822,8.489536029,-6.112734278,1.533317822
166,8.680533337,4.407621724,3.610916169,8.680533337,-4.407621724,3.610916169
167,8.353378521,4.814149797,4.222649871,8.353378521,-4.814149797,4.222649871
168,8.852845366,7.802044253,1.58780266,8.852845366,-7.802044253,1.58780266
169,8.708844981,7.085227376,1.101477054,8.708844981,-7.085227376,1.101477054
170,8.339879821,5.256691606,2.502731126,8.339879821,-5.256691606,2.502731126
171,8.538830513,7.694027619,1.30013312,8.538830513,-7.694027619,1.30013312
172,8.499128888,6.464290838,2.506376717,8.499128888,-6.464290838,2.506376717
173,8.993564577,7.085355756,1.861421681,8.993564577,-7.085355756,1.861421681
174,9.178868365,6.25037787,1.476820798,9.178868365,-6.25037787,1.476820798
175,8.727789385,7.323239565,3.931997323,8.727789385,-7.323239565,3.931997323
176,9.575549653,5.145519974,3.902447122,9.575549653,-5.145519974,3.902447122
177,8.9715136,5.117361718,4.88815719,8.9715136,-5.117361718,4.88815719
178,8.508016233,6.567820048,1.057717581,8.508016233,-6.567820048,1.057717581
179,9.375532022,6.127937305,0.8336359502,9.375532022,-6.127937305,0.8336359502
180,9.879016803,6.940332409,3.16412101,9.879016803,-6.940332409,3.16412101
181,9.939722595,7.682329024,1.921164117,9.939722595,-7.682329024,1.921164117
182,8.177288496,6.962013285,2.975562428,8.177288496,-6.962013285,2.975562428
183,9.998981489,6.53920696,3.65811202,9.998981489,-6.53920696,3.65811202
184,9.021350049,4.460504348,0.5423837907,9.021350049,-4.460504348,0.5423837907
185,9.30266754,7.109330335,1.604222191,9.30266754,-7.109330335,1.604222191
186,8.343837834,4.018668639,3.987336837,8.343837834,-4.018668639,3.987336837
187,9.078996107,6.605583031,2.76659598,9.078996107,-6.605583031,2.76659598
188,9.903757957,4.935166327,2.057101686,9.903757957,-4.935166327,2.057101686
189,8.932586748,5.280759058,1.169710012,8.932586748,-5.280759058,1.169710012
190,9.590675959,7.915733075,4.221892223,9.590675959,-7.915733075,4.221892223
191,9.194219633,4.864309951,3.917902962,9.194219633,-4.864309951,3.917902962
192,8.303142616,5.872004959,1.801469955,8.303142616,-5.872004959,1.801469955
193,9.545935082,6.485854428,4.981716001,9.545935082,-6.485854428,4.981716001
194,8.053319473,6.816992747,4.257301813,8.053319473,-6.816992747,4.257301813
195,8.407306365,5.043249345,1.600548899,8.407306365,-5.043249345,1.600548899
196,9.036843893,7.391427227,1.557048186,9.036843893,-7.391427227,1.557048186
197,8.621672785,7.718458771,0.7907735594,8.621672785,-7.718458771,0.7907735594
198,9.533719312,4.146462391,3.679102984,9.533719312,-4.146462391,3.679102984
199,8.762224435,4.05986532,3.934843555,8.762224435,-4.05986532,3.934843555
200,9.150952502,7.271406807,4.562183998,9.150952502,-7.271406807,4.562183998
201,8.131224303,4.942080033,4.772762689,8.131224303,-4.942080033,4.772762689
202,9.715548918,4.728548136,4.43928305,9.715548918,-4.728548136,4.43928305
203,8.901731639,7.30324848,1.557896988,8.901731639,-7.30324848,1.557896988
204,9.368337623,5.291512929,3.738546596,9.368337623,-5.291512929,3.738546596
205,8.406584187,5.67736025,2.425492841,8.406584187,-5.67736025,2.425492841
206,8.542190743,6.142247634,4.938402926,8.542190743,-6.142247634,4.938402926
207,8.277008643,7.329672068,3.671008868,8.277008643,-7.329672068,3.671008868
208,8.63604908,4.640404711,2.67364823,8.63604908,-4.640404711,2.67364823
209,9.842188639,7.724084822,4.17871235,9.842188639,-7.724084822,4.17871235
210,9.578527844,6.625938414,0.3870419474,9.578527844,-6.625938414,0.3870419474
211,9.196824901,5.871704932,3.476769375,9.196824901,-5.871704932,3.476769375
212,9.027770535,7.951853932,0.1816535765,9.027770535,-7.951853932,0.1816535765
213,8.807809957,6.911897353,2.136762847,8.807809957,-6.911897353,2.136762847
214,9.749911643,6.482580763,1.66778469,9.749911643,-6.482580763,1.66778469
215,8.051503785,6.455436907,2.562297865,8.051503785,-6.455436907,2.562297865
216,9.485515658,7.960141198,1.320434555,9.485515658,-7.960141198,1.320434555
217,8.143873252,5.480916678,2.717825996,8.143873252,-5.480916678,2.717825996
218,9.236442932,4.173447903,3.6152618,9.236442932,-4.173447903,3.6152618
219,8.447343131,7.939903421,4.395396045,8.447343131,-7.939903421,4.395396045
220,8.925774902,7.816451048,4.32974578,8.925774902,-7.816451048,4.32974578
221,9.917235132,7.025482941,4.07968548,9.917235132,-7.025482941,4.07968548
222,9.497969543,7.151772974,4.359294573,9.497969543,-7.151772974,4.359294573
223,8.700039081,7.937327196,0.9919992144,8.700039081,-7.937327196,0.9919992144
224,8.088835458,5.783674134,4.07356007,8.088835458,-5.783674134,4.07356007
225,8.734604236,7.891291899,2.129153734,8.734604236,-7.891291899,2.129153734
226,9.414968719,6.975987087,0.1349822205,9.414968719,-6.975987087,0.1349822205
227,8.161050936,7.342327187,3.986153291,8.161050936,-7.342327187,3.986153291
228,9.176014213,7.327804349,3.219013365,9.176014213,-7.327804349,3.219013365
229,9.842424762,4.498207866,4.600790075,9.842424762,-4.498207866,4.600790075
230,9.352748119,4.355502307,4.75360974,9.352748119,-4.355502307,4.75360974
231,9.188735501,5.092774927,1.78785462,9.188735501,-5.092774927,1.78785462
232,8.798056767,4.549899905,2.565079583,8.798056767,-4.549899905,2.565079583
233,9.486183876,7.268075575,4.16026269,9.486183876,-7.268075575,4.16026269
234,8.591165663,4.52027379,4.749544643,8.591165663,-4.52027379,4.749544643
235,8.226470663,5.804509958,3.249434569,8.226470663,-5.804509958,3.249434569
236,9.048973857,4.453361214,1.646002273,9.048973857,-4.453361214,1.646002273
237,9.558745617,4.668884893,3.738683239,9.558745617,-4.668884893,3.738683239
238,9.009333253,4.668659695,0.07082797305,9.009333253,-4.668659695,0.07082797305
239,8.412877354,4.066658419,0.2777770253,8.412877354,-4.066658419,0.2777770253
240,9.623099715,5.717056007,4.977679719,9.623099715,-5.717056007,4.977679719
241,8.436453756,7.343670721,0.3364719793,8.436453756,-7.343670721,0.3364719793
242,9.174535119,7.236375118,1.06495429,9.174535119,-7.236375118,1.06495429
243,9.424641192,5.953827924,2.127505538,9.424641192,-5.953827924,2.127505538
244,8.809174596,6.445605923,3.089612271,8.809174596,-6.445605923,3.089612271
245,9.083386723,6.37456394,2.348782766,9.083386723,-6.37456394,2.348782766
246,8.05685785,7.342619168,0.4263776714,8.05685785,-7.342619168,0.4263776714
247,9.840324063,4.705985748,2.689380419,9.840324063,-4.705985748,2.689380419
248,8.923767305,4.793929365,0.7906821542,8.923767305,-4.793929365,0.7906821542
249,9.998288879,5.439440232,0.0592501879,9.998288879,-5.439440232,0.0592501879
250,8.475794054,4.007736934,3.718563875,8.475794054,-4.007736934,3.718563875
251,9.21394808,7.546355978,3.948496962,9.21394808,-7.546355978,3.948496962
252,8.287371473,6.413916695,2.953956824,8.287371473,-6.413916695,2.953956824
253,8.385342259,5.95064243,4.324792082,8.385342259,-5.95064243,4.324792082
254,9.082347355,4.600056408,4.06095361,9.082347355,-4.600056408,4.06095361
255,9.260024053,6.252204946,3.928476275,9.260024053,-6.252204946,3.928476275
256,9.200022665,5.346894216,0.4738615999,9.200022665,-5.346894216,0.4738615999
257,8.049084496,5.22228743,4.631430837,8.049084496,-5.22228743,4.631430837
258,8.189932358,6.457823717,0.5799876083,8.189932358,-6.457823717,0.5799876083
259,8.077087265,7.362913268,0.8606944671,8.077087265,-7.362913268,0.8606944671
260,9.539300513,6.286316458,0.9484911482,9.539300513,-6.286316458,0.9484911482
261,8.945418339,6.294696459,4.639571893,8.945418339,-6.294696459,4.639571893
262,9.089628782,4.745441571,1.263384339,9.089628782,-4.745441571,1.263384339
263,8.174694329,4.804266219,2.02169427,8.174694329,-4.804266219,2.02169427
264,8.582095708,6.060905658,0.0704852711,8.582095708,-6.060905658,0.0704852711
265,9.064799042,6.2515196,1.056904162,9.064799042,-6.2515196,1.056904162
266,8.620114196,7.341494996,3.928149752,8.620114196,-7.341494996,3.928149752
267,8.219225442,4.227423438,0.6672784071,8.219225442,-4.227423438,0.6672784071
268,9.442535778,6.739240014,0.6718142545,9.442535778,-6.739240014,0.6718142545
269,8.380327348,7.697158397,0.1780652797,8.380327348,-7.697158397,0.1780652797
270,8.709865794,7.919331368,4.115338623,8.709865794,-7.919331368,4.115338623
271,9.876726889,6.505561475,2.758381669,9.876726889,-6.505561475,2.758381669
272,9.121981446,7.932572554,1.86097958,9.121981446,-7.932572554,1.86097958
273,8.962614913,5.519119488,0.712439297,8.962614913,-5.519119488,0.712439297
274,8.368987281,5.369243472,0.8583745514,8.368987281,-5.369243472,0.8583745514
275,8.906418891,7.600714199,1.721673091,8.906418891,-7.600714199,1.721673091
276,8.583019251,5.673444259,0.7155518188,8.583019251,-5.673444259,0.7155518188
277,9.044931179,6.141964137,1.58493185,9.044931179,-6.141964137,1.58493185
278,9.180282247,5.324583455,0.4367761054,9.180282247,-5.324583455,0.4367761054
279,9.74638575,5.407865264,4.316940194,9.74638575,-5.407865264,4.316940194
280,9.487892164,5.673435988,3.548630462,9.487892164,-5.673435988,3.548630462
281,9.816280104,7.186550607,4.239294723,9.816280104,-7.186550607,4.239294723
282,8.723961441,5.792418764,4.423424657,8.723961441,-5.792418764,4.423424657
283,9.233353846,5.202881296,3.793658895,9.233353846,-5.202881296,3.793658895
284,9.282826277,7.81418589,2.8547255,9.282826277,-7.81418589,2.8547255
285,8.026696603,5.780296614,0.5995476716,8.026696603,-5.780296614,0.5995476716
286,9.567636624,5.752621401,1.56104918,9.567636624,-5.752621401,1.56104918
287,9.811356203,7.965402858,2.910753686,9.811356203,-7.965402858,2.910753686
288,8.163226272,4.401577936,4.658723553,8.163226272,-4.401577936,4.658723553
289,9.108192864,5.721220162,0.2522719924,9.108192864,-5.721220162,0.2522719924
290,8.463019594,7.077563297,3.26239251,8.463019594,-7.077563297,3.26239251
291,9.60947036,6.117342238,4.066405642,9.60947036,-6.117342238,4.066405642
292,8.120728466,5.013792093,4.141016179,8.120728466,-5.013792093,4.141016179
293,8.446425087,5.28055007,3.601027524,8.446425087,-5.28055007,3.601027524
294,9.213010171,6.237872443,4.818561446,9.213010171,-6.237872443,4.818561446
295,8.106709131,7.11217068,1.738865544,8.106709131,-7.11217068,1.738865544
296,9.751616321,7.699684236,0.09253147933,9.751616321,-7.699684236,0.09253147933
297,8.682292292,4.635725725,1.713870022,8.682292292,-4.635725725,1.713870022
298,9.307623392,4.997983882,3.721353048,9.307623392,-4.997983882,3.721353048
299,9.752532786,4.829704012,3.674582616,9.752532786,-4.829704012,3.674582616
300,8.797117385,7.834747955,0.9653255068,8.797117385,-7.834747955,0.9653255068
301,8.479319327,6.757640119,3.335924746,8.479319327,-6.757640119,3.335924746
302,8.874470656,4.66850423,2.857889911,8.874470656,-4.66850423,2.857889911
303,9.874343028,5.875633047,1.776560275,9.874343028,-5.875633047,1.776560275
304,9.489618691,4.117688944,2.027551758,9.489618691,-4.117688944,2.027551758
305,9.061816566,6.03300936,0.07119532619,9.061816566,-6.03300936,0.07119532619
306,8.749276155,6.47068488,4.719682079,8.749276155,-6.47068488,4.719682079
307,9.478708885,4.654570411,1.443701077,9.478708885,-4.654570411,1.443701077
308,9.69485068,5.991427445,4.406043574,9.69485068,-5.991427445,4.406043574
309,9.010449473,4.98478364,2.051266507,9.010449473,-4.98478364,2.051266507
310,8.544174948,5.181585658,3.183277324,8.544174948,-5.181585658,3.183277324
311,8.140965861,7.479921301,4.191006151,8.140965861,-7.479921301,4.191006151
312,9.568607161,4.198122089,2.605405529,9.568607161,-4.198122089,2.605405529
313,9.295992436,7.160545724,3.503285202,9.295992436,-7.160545724,3.503285202
314,9.476305297,6.466787481,1.865947828,9.476305297,-6.466787481,1.865947828
315,9.078220095,4.003414222,2.740845589,9.078220095,-4.003414222,2.740845589
316,8.987583865,4.228591246,2.429428233,8.987583865,-4.228591246,2.429428233
317,9.338681014,7.590875487,0.5055787997,9.338681014,-7.590875487,0.5055787997
318,8.416472329,4.170796305,2.537399167,8.416472329,-4.170796305,2.537399167
319,9.71367954,5.891659932,0.4171152953,9.71367954,-5.891659932,0.4171152953
320,9.36743326,5.10228932,1.098799292,9.36743326,-5.10228932,1.098799292
321,8.999717642,5.17668794,1.876499647,8.999717642,-5.17668794,1.876499647
322,9.127427412,6.323561029,3.577281312,9.127427412,-6.323561029,3.577281312
323,8.565625851,5.946638353,2.596952229,8.565625851,-5.946638353,2.596952229
324,8.647149947,5.214777312,0.7585027541,8.647149947,-5.214777312,0.7585027541
325,8.843127268,5.946585654,3.580558696,8.843127268,-5.946585654,3.580558696
326,9.983571462,5.734809757,2.008313796,9.983571462,-5.734809757,2.008313796
327,9.132229582,7.76154405,2.178777108,9.132229582,-7.76154405,2.178777108
328,8.197415657,4.915405137,0.4989594649,8.197415657,-4.915405137,0.4989594649
329,9.750298639,4.332296842,2.255638106,9.750298639,-4.332296842,2.255638106
330,8.59865765,4.786189565,3.20613249,8.59865765,-4.786189565,3.20613249
331,9.59380412,4.522951573,3.510786872,9.59380412,-4.522951573,3.510786872
332,9.201549087,4.028709306,0.4768773566,9.201549087,-4.028709306,0.4768773566
333,9.026188597,5.442301237,4.466050665,9.026188597,-5.442301237,4.466050665
334,8.735333157,4.394475933,4.989500528,8.735333157,-4.394475933,4.989500528
335,9.616982015,5.714794693,4.990621898,9.616982015,-5.714794693,4.990621898
336,9.661221089,5.708806731,4.714943104,9.661221089,-5.708806731,4.714943104
337,9.505307144,4.770778125,0.06843833644,9.505307144,-4.770778125,0.06843833644
338,9.630126567,6.107400642,2.428316749,9.630126567,-6.107400642,2.428316749
339,8.32069043,6.249183576,4.594782214,8.32069043,-6.249183576,4.594782214
340,9.595111548,7.816847444,1.683901499,9.595111548,-7.816847444,1.683901499
341,8.84724132,4.861040618,0.6409810405,8.84724132,-4.861040618,0.6409810405
342,8.439751842,5.90692657,1.371892646,8.439751842,-5.90692657,1.371892646
343,8.551690558,7.943615351,4.925470091,8.551690558,-7.943615351,4.925470091
344,9.227199643,5.437373487,3.826233134,9.227199643,-5.437373487,3.826233134
345,8.205616974,5.149653511,2.271111455,8.205616974,-5.149653511,2.271111455
346,8.899366678,6.533079779,2.396260513,8.899366678,-6.533079779,2.396260513
347,8.017838784,6.283665133,4.972888601,8.017838784,-6.283665133,4.972888601
348,9.002395598,7.200206646,3.76755333,9.002395598,-7.200206646,3.76755333
349,8.761038175,7.549461783,1.122908884,8.761038175,-7.549461783,1.122908884
350,9.480687731,6.004730733,2.596810881,9.480687731,-6.004730733,2.596810881
351,9.540116338,6.054775978,4.682623844,9.540116338,-6.054775978,4.682623844
352,9.120736202,7.75027553,1.080023041,9.120736202,-7.75027553,1.080023041
353,9.227683882,4.28678865,0.1125724981,9.227683882,-4.28678865,0.1125724981
354,8.347631145,5.501997102,0.4113499813,8.347631145,-5.501997102,0.4113499813
355,8.70986567,7.696296637,0.5905956582,8.70986567,-7.696296637,0.5905956582
356,9.947383595,7.00856767,4.111471341,9.947383595,-7.00856767,4.111471341
357,9.374883426,4.090092668,0.7088492301,9.374883426,-4.090092668,0.7088492301
358,8.229412752,7.888222959,3.448704252,8.229412752,-7.888222959,3.448704252
359,9.575562302,4.125448445,1.242157279,9.575562302,-4.125448445,1.242157279
360,9.134181469,7.793178223,1.574598212,9.134181469,-7.793178223,1.574598212
361,9.849131443,4.03440604,0.3450201372,9.849131443,-4.03440604,0.3450201372
362,9.965807245,4.88776905,1.11929001,9.965807245,-4.88776905,1.11929001
363,9.633840941,5.298432213,4.847280355,9.633840941,-5.298432213,4.847280355
364,8.579538269,4.920205572,3.302536607,8.579538269,-4.920205572,3.302536607
365,9.138644966,7.177906179,3.18002371,9.138644966,-7.177906179,3.18002371
366,8.926532177,4.299130969,2.716604295,8.926532177,-4.299130969,2.716604295
367,8.36238591,4.920419484,3.640361464,8.36238591,-4.920419484,3.640361464
368,8.456924183,5.080025979,3.820219368,8.456924183,-5.080025979,3.820219368
369,8.391704946,4.584004403,4.978522561,8.391704946,-4.584004403,4.978522561
370,9.766487061,4.611182822,2.482380849,9.766487061,-4.611182822,2.482380849
371,8.807687066,4.485702185,4.711037625,8.807687066,-4.485702185,4.711037625
372,8.458281719,7.585261014,1.155409215,8.458281719,-7.585261014,1.155409215
373,9.981665597,4.404366729,1.693195865,9.981665597,-4.404366729,1.693195865
374,8.050844954,7.003626707,1.103199,8.050844954,-7.003626707,1.103199
375,9.328550878,6.22380524,0.6515005452,9.328550878,-6.22380524,0.6515005452
376,8.127167878,7.51253209,1.618914489,8.127167878,-7.51253209,1.618914489
377,8.205655728,4.405312886,0.9272665315,8.205655728,-4.405312886,0.9272665315
378,8.168757959,7.951006085,3.032615319,8.168757959,-7.951006085,3.032615319
379,8.496650013,6.546901048,0.2261509425,8.496650013,-6.546901048,0.2261509425
380,8.697460047,6.810878732,4.120427503,8.697460047,-6.810878732,4.120427503
381,8.310636304,7.652071878,0.8312481058,8.310636304,-7.652071878,0.8312481058
382,9.651704992,7.512926925,1.010432395,9.651704992,-7.512926925,1.010432395
383,8.368282399,5.23839249,4.411034891,8.368282399,-5.23839249,4.411034891
384,8.206973673,7.625497351,4.954586344,8.206973673,-7.625497351,4.954586344
385,9.159619258,6.022401865,2.145125259,9.159619258,-6.022401865,2.145125259
386,8.52227518,6.88140828,3.159507214,8.52227518,-6.88140828,3.159507214
387,9.866903713,4.892064243,1.573357518,9.866903713,-4.892064243,1.573357518
388,9.821355663,7.386238961,0.8912751049,9.821355663,-7.386238961,0.8912751049
389,9.282494076,6.803114931,1.035654086,9.282494076,-6.803114931,1.035654086
390,8.62144569,5.86956667,4.080536629,8.62144569,-5.86956667,4.080536629
391,8.853886582,6.005732998,2.265468147,8.853886582,-6.005732998,2.265468147
392,8.282132745,5.136085433,4.834840819,8.282132745,-5.136085433,4.834840819
393,9.800047971,5.830078255,3.098200498,9.800047971,-5.830078255,3.098200498
394,9.997179223,6.764118966,4.436553936,9.997179223,-6.764118966,4.436553936
395,8.615350675,5.652859354,4.093065921,8.615350675,-5.652859354,4.093065921
396,9.183809962,7.125606212,4.278821779,9.183809962,-7.125606212,4.278821779
397,8.766406564,4.464293526,2.393505433,8.766406564,-4.464293526,2.393505433
398,9.384430753,5.327472156,3.621401504,9.384430753,-5.327472156,3.621401504
399,9.955798357,5.800113068,0.3839735619,9.955798357,-5.800113068,0.3839735619
400,8.388429916,6.875176475,3.275942268,8.388429916,-6.875176475,3.275942268
401,9.844263338,7.153688701,3.671997601,9.844263338,-7.153688701,3.671997601
402,9.56642046,6.723445961,2.240240317,9.56642046,-6.723445961,2.240240317
403,9.864681928,7.108417271,2.931680458,9.864681928,-7.108417271,2.931680458
404,8.302018905,6.707520809,3.667545942,8.302018905,-6.707520809,3.667545942
405,9.908905889,5.41228803,1.001747828,9.908905889,-5.41228803,1.001747828
406,9.979293273,7.75395784,0.2951903525,9.979293273,-7.75395784,0.2951903525
407,9.809918256,5.44952662,3.916956754,9.809918256,-5.44952662,3.916956754
408,9.965861803,4.178927308,0.8723035289,9.965861803,-4.178927308,0.8723035289
409,9.171187634,4.755454997,1.860886439,9.171187634,-4.755454997,1.860886439
410,8.307053438,5.032281723,3.165491125,8.307053438,-5.032281723,3.165491125
411,9.112757461,5.389727116,0.2211914211,9.112757461,-5.389727116,0.2211914211
412,8.956563835,7.888257745,3.620942792,8.956563835,-7.888257745,3.620942792
413,9.716234865,7.461936882,2.381282205,9.716234865,-7.461936882,2.381282205
414,8.010925841,5.581771185,0.6991047147,8.010925841,-5.581771185,0.6991047147
415,9.571302978,5.536774494,4.736710915,9.571302978,-5.536774494,4.736710915
416,8.942371177,4.818661061,0.6419151381,8.942371177,-4.818661061,0.6419151381
417,9.973819505,5.990469372,1.837507109,9.973819505,-5.990469372,1.837507109
418,9.747063473,7.837219443,4.991476723,9.747063473,-7.837219443,4.991476723
419,8.525371294,6.915721519,3.952183783,8.525371294,-6.915721519,3.952183783
420,9.409240421,7.66767863,0.4523261682,9.409240421,-7.66767863,0.4523261682
421,9.567967401,5.460731419,2.663588577,9.567967401,-5.460731419,2.663588577
422,9.448784284,7.139312276,4.717207941,9.448784284,-7.139312276,4.717207941
423,8.893269909,7.433815416,4.045319789,8.893269909,-7.433815416,4.045319789
424,9.54866051,5.547211553,3.089120901,9.54866051,-5.547211553,3.089120901
425,9.237515032,6.815471519,1.249775983,9.237515032,-6.815471519,1.249775983
426,8.484287883,4.550906253,3.201679497,8.484287883,-4.550906253,3.201679497
427,8.361462209,5.014175117,3.95042423,8.361462209,-5.014175117,3.95042423
428,8.590247459,4.985600199,4.827429737,8.590247459,-4.985600199,4.827429737
429,8.075965469,5.112657476,4.52252782,8.075965469,-5.112657476,4.52252782
430,9.748067015,5.187152085,3.772211326,9.748067015,-5.187152085,3.772211326
431,9.870980014,7.122494749,3.38496677,9.870980014,-7.122494749,3.38496677
432,9.965647391,4.339848528,3.676145746,9.965647391,-4.339848528,3.676145746
433,9.208136812,5.853534729,2.843147406,9.208136812,-5.853534729,2.843147406
434,9.803994566,6.239757738,4.312126585,9.803994566,-6.239757738,4.312126585
435,9.819833503,7.180543908,1.617180277,9.819833503,-7.180543908,1.617180277
436,8.606299156,5.5268068,4.715213661,8.606299156,-5.5268068,4.715213661
437,9.202736186,4.33450668,1.073978014,9.202736186,-4.33450668,1.073978014
438,9.270333307,7.488973931,3.356129442,9.270333307,-7.488973931,3.356129442
439,8.988560139,6.754774583,3.835802965,8.988560139,-6.754774583,3.835802965
440,9.406123682,4.407907374,0.1447830299,9.406123682,-4.407907374,0.1447830299
441,8.014133736,4.717784716,1.755788199,8.014133736,-4.717784716,1.755788199
442,9.521680033,4.335158491,2.511695456,9.521680033,-4.335158491,2.511695456
443,8.09644402,4.427867823,1.343428473,8.09644402,-4.427867823,1.343428473
444,8.421222144,7.212829332,4.253282681,8.421222144,-7.212829332,4.253282681
445,9.053250134,4.847784342,2.215961005,9.053250134,-4.847784342,2.215961005
446,9.480122236,5.245064738,4.46871248,9.480122236,-5.245064738,4.46871248
447,9.108828273,5.905590979,4.436534904,9.108828273,-5.905590979,4.436534904
448,8.732181512,7.063249185,3.379645719,8.732181512,-7.063249185,3.379645719
449,9.106614186,7.797277148,1.084321348,9.106614186,-7.797277148,1.084321348
450,9.777650281,7.996274255,2.368398127,9.777650281,-7.996274255,2.368398127
451,8.941333059,7.18086358,2.758108316,8.941333059,-7.18086358,2.758108316
452,8.060600896,5.958617017,0.3443227726,8.060600896,-5.958617017,0.3443227726
453,9.254284658,5.709337676,4.131917078,9.254284658,-5.709337676,4.131917078
454,8.894135185,4.216479354,4.842559702,8.894135185,-4.216479354,4.842559702
455,8.044683652,7.471462947,2.112884277,8.044683652,-7.471462947,2.112884277
456,9.209968324,7.511675783,1.754389391,9.209968324,-7.511675783,1.754389391
457,8.681474613,7.708157625,4.567794307,8.681474613,-7.708157625,4.567794307
458,9.00994548,7.452600231,1.605551499,9.00994548,-7.452600231,1.605551499
459,8.504241466,5.167331535,4.220577811,8.504241466,-5.167331535,4.220577811
460,9.192032935,6.272227304,0.049962493,9.192032935,-6.272227304,0.049962493
461,9.335353544,7.483829193,3.929781595,9.335353544,-7.483829193,3.929781595
462,8.259544315,4.36800369,2.083822295,8.259544315,-4.36800369,2.083822295
463,8.751224485,6.167978877,1.649077488,8.751224485,-6.167978877,1.649077488
464,8.503333324,4.653424868,0.1523126203,8.503333324,-4.653424868,0.1523126203
465,8.747646349,7.613230723,1.487529195,8.747646349,-7.613230723,1.487529195
466,8.832172683,7.654370771,4.201738074,8.832172683,-7.654370771,4.201738074
467,8.757991369,5.760002483,4.217426872,8.757991369,-5.760002483,4.217426872
468,8.432557609,6.275657646,3.098463393,8.432557609,-6.275657646,3.098463393
469,9.025286567,4.761181877,2.639521512,9.025286567,-4.761181877,2.639521512
470,8.937989662,6.858042633,2.107399314,8.937989662,-6.858042633,2.107399314
471,8.677655677,4.579284226,0.4875223023,8.677655677,-4.579284226,0.4875223023
472,9.50792848,4.968870257,1.102741189,9.50792848,-4.968870257,1.102741189
473,8.005523253,4.613061611,0.1305099252,8.005523253,-4.613061611,0.1305099252
474,9.042807984,5.558955552,0.3184653861,9.042807984,-5.558955552,0.3184653861
475,9.288687546,6.221947968,3.573804686,9.288687546,-6.221947968,3.573804686
476,8.23481934,7.72494506,0.07264890998,8.23481934,-7.72494506,0.07264890998
477,9.878520778,5.722119426,1.041788582,9.878520778,-5.722119426,1.041788582
478,8.971826834,4.203555554,2.495536174,8.971826834,-4.203555554,2.495536174
479,8.318049038,6.712696952,4.391825316,8.318049038,-6.712696952,4.391825316
480,8.127325594,5.567552218,1.724601409,8.127325594,-5.567552218,1.724601409
481,9.199632144,7.411736217,2.413963959,9.199632144,-7.411736217,2.413963959
482,8.492530743,5.38136674,0.809428898,8.492530743,-5.38136674,0.809428898
483,8.741802342,4.308681229,2.63941781,8.741802342,-4.308681229,2.63941781
484,8.703529469,6.60765868,3.094475497,8.703529469,-6.60765868,3.094475497
485,8.145166039,6.454926884,4.05034287,8.145166039,-6.454926884,4.05034287
486,9.809188663,6.448166402,1.658729398,9.809188663,-6.448166402,1.658729398
487,9.500018656,4.011574201,1.258309334,9.500018656,-4.011574201,1.258309334
488,8.592712856,6.47866289,1.418591123,8.592712856,-6.47866289,1.418591123
489,8.109609372,6.460404178,3.518793226,8.109609372,-6.460404178,3.518793226
490,8.036152695,7.137002777,0.3152850924,8.036152695,-7.137002777,0.3152850924
491,9.71320701,4.680071721,3.859355076,9.71320701,-4.680071721,3.859355076
492,8.19378817,4.895909151,2.072653276,8.19378817,-4.895909151,2.072653276
493,9.298907689,4.726557761,0.6209056574,9.298907689,-4.726557761,0.6209056574
494,9.164422389,5.161572373,0.9278446766,9.164422389,-5.161572373,0.9278446766
495,8.450373703,5.779556202,1.611184376,8.450373703,-5.779556202,1.611184376
496,9.427732871,7.261111479,1.49935133,9.427732871,-7.261111479,1.49935133
497,9.843545197,7.781730844,1.629512394,9.843545197,-7.781730844,1.629512394
498,8.295704445,4.80475337,4.197841635,8.295704445,-4.80475337,4.197841635
499,9.374211551,7.57519957,1.389894387,9.374211551,-7.57519957,1.389894387
500,9.042829089,5.033001432,0.8297216472,9.042829089,-5.033001432,0.8297216472
501,9.136808701,6.911211293,2.409096519,9.136808701,-6.911211293,2.409096519
502,9.990465815,6.098376495,2.956354803,9.990465815,-6.098376495,2.956354803
503,9.176811383,6.969312475,0.5665310289,9.176811383,-6.969312475,0.5665310289
504,9.660024783,4.011295185,4.209048447,9.660024783,-4.011295185,4.209048447
505,8.597758896,6.678381412,4.128349063,8.597758896,-6.678381412,4.128349063
506,9.461241239,7.438590804,0.8175697299,9.461241239,-7.438590804,0.8175697299
507,8.619676319,7.203274137,0.6694501516,8.619676319,-7.203274137,0.6694501516
508,9.286749544,5.73185438,3.674988222,9.286749544,-5.73185438,3.674988222
509,8.865073433,6.779505585,0.6501112316,8.865073433,-6.779505585,0.6501112316
510,8.039723824,6.344469058,1.06160368,8.039723824,-6.344469058,1.06160368
511,9.204712289,7.288914257,2.300249331,9.204712289,-7.288914257,2.300249331
512,9.381032895,7.846699584,4.803769678,9.381032895,-7.846699584,4.803769678
513,9.547067285,6.528663817,2.841162777,9.547067285,-6.528663817,2.841162777
514,8.855931482,5.555772628,1.908345741,8.855931482,-5.555772628,1.908345741
515,9.028256908,4.303742376,2.104815103,9.028256908,-4.303742376,2.104815103
516,9.713788545,6.663313435,4.239733715,9.713788545,-6.663313435,4.239733715
517,8.084836064,7.851371356,1.982796072,8.084836064,-7.851371356,1.982796072
518,8.990008933,4.779082652,0.3840019711,8.990008933,-4.779082652,0.3840019711
519,8.208100887,4.578959615,4.305132903,8.208100887,-4.578959615,4.305132903
520,9.255644695,6.943454271,1.654141152,9.255644695,-6.943454271,1.654141152
521,8.029608508,4.872455355,2.182839829,8.029608508,-4.872455355,2.182839829
522,8.491989528,6.129780603,0.0533276725,8.491989528,-6.129780603,0.0533276725
523,9.423845843,6.328711108,4.282854046,9.423845843,-6.328711108,4.282854046
524,8.105714916,6.612480649,4.641093514,8.105714916,-6.612480649,4.641093514
525,8.092035759,6.015791746,0.19077625,8.092035759,-6.015791746,0.19077625
526,8.612107507,7.680646486,2.993061587,8.612107507,-7.680646486,2.993061587
527,8.57383358,6.413574988,4.972221922,8.57383358,-6.413574988,4.972221922
528,8.083220135,7.205968929,0.5515720306,8.083220135,-7.205968929,0.5515720306
529,9.690284272,5.990536063,0.2998183423,9.690284272,-5.990536063,0.2998183423
530,9.344016176,4.516121305,3.515874153,9.344016176,-4.516121305,3.515874153
531,8.32727248,5.70080977,3.367805394,8.32727248,-5.70080977,3.367805394
532,9.018888689,4.681187662,4.291017412,9.018888689,-4.681187662,4.291017412
533,8.405441514,6.120512219,2.083293028,8.405441514,-6.120512219,2.083293028
534,9.955534535,4.304563955,0.3191741724,9.955534535,-4.304563955,0.3191741724
535,9.438076628,4.878418922,4.281592301,9.438076628,-4.878418922,4.281592301
536,8.01157527,7.64677377,0.6615337401,8.01157527,-7.64677377,0.6615337401
537,9.746882673,4.180456891,4.55740191,9.746882673,-4.180456891,4.55740191
538,9.566308294,6.639112221,4.929409979,9.566308294,-6.639112221,4.929409979
539,9.087324849,7.599616193,1.594347248,9.087324849,-7.599616193,1.594347248
540,9.956557518,7.114735519,3.916718242,9.956557518,-7.114735519,3.916718242
541,9.93688854,7.234846538,1.988407083,9.93688854,-7.234846538,1.988407083
542,8.029039376,4.261039449,2.540041486,8.029039376,-4.261039449,2.540041486
543,8.234136848,4.478812763,3.637737252,8.234136848,-4.478812763,3.637737252
544,9.505482281,7.554690798,0.8152780246,9.505482281,-7.554690798,0.8152780246
545,8.042944134,6.932065183,3.969516981,8.042944134,-6.932065183,3.969516981
546,8.380701257,7.767780247,1.600146128,8.380701257,-7.767780247,1.600146128
547,8.980154564,7.729773288,4.016583633,8.980154564,-7.729773288,4.016583633
548,9.283951074,7.331027888,1.609012297,9.283951074,-7.331027888,1.609012297
549,8.717789481,4.288703819,0.5812237432,8.717789481,-4.288703819,0.5812237432
550,8.952425056,5.521078944,0.8006619237,8.952425056,-5.521078944,0.8006619237
551,8.29070713,6.131123364,2.13469721,8.29070713,-6.131123364,2.13469721
552,8.671248821,7.529459612,1.081401601,8.671248821,-7.529459612,1.081401601
553,9.051433235,4.205813149,2.418569471,9.051433235,-4.205813149,2.418569471
554,9.861505694,7.208995822,1.426560497,9.861505694,-7.208995822,1.426560497
555,8.06612882,5.523918944,3.923107153,8.06612882,-5.523918944,3.923107153
556,9.737735784,7.730221195,3.964959173,9.737735784,-7.730221195,3.964959173
557,8.595982095,6.790960297,0.01979583624,8.595982095,-6.790960297,0.01979583624
558,9.056243372,6.878789132,4.395780803,9.056243372,-6.878789132,4.395780803
559,9.519589764,7.190522162,2.786094698,9.519589764,-7.190522162,2.786094698
560,8.038938794,7.460943708,0.8086636697,8.038938794,-7.460943708,0.8086636697
561,8.493278078,7.016975582,2.763058451,8.493278078,-7.016975582,2.763058451
562,9.344101705,7.24596853,4.689544322,9.344101705,-7.24596853,4.689544322
563,8.093190339,7.233556319,3.578294979,8.093190339,-7.233556319,3.578294979
564,9.881392416,4.863017851,1.641208193,9.881392416,-4.863017851,1.641208193
565,9.816976798,4.330302794,3.611362121,9.816976798,-4.330302794,3.611362121
566,9.905928665,7.698100993,1.293710559,9.905928665,-7.698100993,1.293710559
567,9.731959378,6.468247374,3.505230618,9.731959378,-6.468247374,3.505230618
568,8.403797378,5.531041383,0.5814614283,8.403797378,-5.531041383,0.5814614283
569,8.734841376,7.528899772,3.180602712,8.734841376,-7.528899772,3.180602712
570,9.683752764,5.650228952,3.217122232,9.683752764,-5.650228952,3.217122232
571,8.235789319,6.360987998,3.199994175,8.235789319,-6.360987998,3.199994175
572,8.35807892,4.53572676,4.884455084,8.35807892,-4.53572676,4.884455084
573,8.903665756,5.56166726,4.481575364,8.903665756,-5.56166726,4.481575364
574,9.726932403,6.772041391,1.630426353,9.726932403,-6.772041391,1.630426353
575,8.622229006,4.191491992,3.870396546,8.622229006,-4.191491992,3.870396546
576,9.828442441,7.316427049,1.779370619,9.828442441,-7.316427049,1.779370619
577,9.628383488,5.858413849,3.344035558,9.628383488,-5.858413849,3.344035558
578,9.091201582,4.095222261,4.677650163,9.091201582,-4.095222261,4.677650163
579,8.958448804,5.885439798,2.333751089,8.958448804,-5.885439798,2.333751089
580,8.292541324,6.430216378,0.8554181052,8.292541324,-6.430216378,0.8554181052
581,9.748556649,6.381398281,3.969378373,9.748556649,-6.381398281,3.969378373
582,8.207421344,5.122679034,0.05284402287,8.207421344,-5.122679034,0.05284402287
583,8.958580469,7.859044153,4.960562325,8.958580469,-7.859044153,4.960562325
584,8.40738525,7.07024774,3.68215801,8.40738525,-7.07024774,3.68215801
585,9.959582273,5.796518814,4.278224655,9.959582273,-5.796518814,4.278224655
586,8.771611233,7.799637538,1.005399878,8.771611233,-7.799637538,1.005399878
587,9.793026368,7.736499204,4.033744556,9.793026368,-7.736499204,4.033744556
588,9.693634862,6.816885661,0.8127376973,9.693634862,-6.816885661,0.8127376973
589,8.332593157,7.99425432,1.720182152,8.332593157,-7.99425432,1.720182152
590,8.155101734,6.569869208,4.040186289,8.155101734,-6.569869208,4.040186289
591,8.019223121,7.945804935,0.7965917101,8.019223121,-7.945804935,0.7965917101
592,9.895442772,4.26089941,4.311670344,9.895442772,-4.26089941,4.311670344
593,9.166170117,6.647488288,1.995273945,9.166170117,-6.647488288,1.995273945
594,9.09341292,4.728598925,1.212433916,9.09341292,-4.728598925,1.212433916
595,9.31873471,7.967992892,3.510575004,9.31873471,-7.967992892,3.510575004
596,8.209017818,4.938777072,1.473206891,8.209017818,-4.938777072,1.473206891
597,9.984624979,6.575383418,0.7000048377,9.984624979,-6.575383418,0.7000048377
598,9.98473168,6.896922273,1.582343805,9.98473168,-6.896922273,1.582343805
599,8.813441821,4.409307139,1.173145541,8.813441821,-4.409307139,1.173145541
600,9.801603941,7.446008126,2.45200751,9.801603941,-7.446008126,2.45200751
601,9.491752224,7.389501229,1.255762251,9.491752224,-7.389501229,1.255762251
602,9.513623918,5.68084281,0.09067869106,9.513623918,-5.68084281,0.09067869106
603,8.13398337,5.085428932,4.156069184,8.13398337,-5.085428932,4.156069184
604,9.083581146,7.644957669,1.114738819,9.083581146,-7.644957669,1.114738819
605,8.595589716,5.23039493,1.603224716,8.595589716,-5.23039493,1.603224716
606,9.512885052,7.441320824,2.8441373,9.512885052,-7.441320824,2.8441373
607,9.126498106,5.951361917,1.916426126,9.126498106,-5.951361917,1.916426126
608,8.049912613,6.559742148,4.539385559,8.049912613,-6.559742148,4.539385559
609,9.23886798,4.35993406,2.053676534,9.23886798,-4.35993406,2.053676534
610,9.986197396,7.590006409,0.5581017798,9.986197396,-7.590006409,0.5581017798
611,8.109104367,5.980128584,0.1052542026,8.109104367,-5.980128584,0.1052542026
612,9.673175295,7.851292721,2.238476729,9.673175295,-7.851292721,2.238476729
613,9.701469305,7.956651578,2.376607053,9.701469305,-7.956651578,2.376607053
614,8.036528091,5.93861098,1.694385738,8.036528091,-5.93861098,1.694385738
615,8.927445999,4.987957035,4.85292079,8.927445999,-4.987957035,4.85292079
616,8.808929703,7.691578078,1.363096079,8.808929703,-7.691578078,1.363096079
617,8.285357914,4.668434198,2.672694674,8.285357914,-4.668434198,2.672694674
618,8.079967369,7.368152741,3.65289929,8.079967369,-7.368152741,3.65289929
619,9.709024246,6.923171998,0.7456587491,9.709024246,-6.923171998,0.7456587491
620,8.365198023,5.406736221,3.856453862,8.365198023,-5.406736221,3.856453862
621,9.849083074,4.308907788,4.83225757,9.849083074,-4.308907788,4.83225757
622,8.171972863,6.447592406,4.228689451,8.171972863,-6.447592406,4.228689451
623,9.178925421,4.280531622,1.024299869,9.178925421,-4.280531622,1.024299869
624,8.591336734,5.434647866,0.7689675959,8.591336734,-5.434647866,0.7689675959
625,9.528098555,6.540903552,4.411474797,9.528098555,-6.540903552,4.411474797
626,8.532750417,6.619657103,1.429599377,8.532750417,-6.619657103,1.429599377
627,9.674944466,4.072284423,3.834097712,9.674944466,-4.072284423,3.834097712
628,8.257604705,7.943265226,2.721208477,8.257604705,-7.943265226,2.721208477
629,9.158780475,6.472417887,1.572161659,9.158780475,-6.472417887,1.572161659
630,9.430768398,7.184931989,2.664831712,9.430768398,-7.184931989,2.664831712
631,9.58799588,4.181753836,1.933625877,9.58799588,-4.181753836,1.933625877
632,8.225243663,4.881790536,3.806736222,8.225243663,-4.881790536,3.806736222
633,8.418168657,6.797513826,4.325607501,8.418168657,-6.797513826,4.325607501
634,8.468167415,4.553579106,4.260989258,8.468167415,-4.553579106,4.260989258
635,9.854093596,4.944785248,0.1310949671,9.854093596,-4.944785248,0.1310949671
636,8.447904016,6.287580518,4.063760897,8.447904016,-6.287580518,4.063760897
637,8.498095552,5.446640721,2.696963014,8.498095552,-5.446640721,2.696963014
638,8.009093422,6.097326272,4.239706269,8.009093422,-6.097326272,4.239706269
639,9.337072315,4.44892462,4.858029832,9.337072315,-4.44892462,4.858029832
640,8.798763208,6.347433969,3.012730357,8.798763208,-6.347433969,3.012730357
641,9.251507778,4.667880981,3.583886371,9.251507778,-4.667880981,3.583886371
642,8.001747601,5.422647092,0.2997705692,8.001747601,-5.422647092,0.2997705692
643,8.466613018,5.309728235,3.713101913,8.466613018,-5.309728235,3.713101913
644,8.283701571,4.012700594,3.656358948,8.283701571,-4.012700594,3.656358948
645,9.180426135,6.042664815,3.021640525,9.180426135,-6.042664815,3.021640525
646,9.767212173,4.999338355,0.9866782071,9.767212173,-4.999338355,0.9866782071
647,9.334026411,7.57813382,4.513011436,9.334026411,-7.57813382,4.513011436
648,8.179414229,6.89343182,2.769277902,8.179414229,-6.89343182,2.769277902
649,9.379131044,4.146522561,0.2865538582,9.379131044,-4.146522561,0.2865538582
650,8.462876898,7.816978227,1.103850444,8.462876898,-7.816978227,1.103850444
651,9.598638892,4.952355048,3.372668297,9.598638892,-4.952355048,3.372668297
652,8.426354007,5.707572953,4.266397056,8.426354007,-5.707572953,4.266397056
653,9.602799469,5.397479124,1.770737594,9.602799469,-5.397479124,1.770737594
654,9.875556292,6.105032998,2.522281293,9.875556292,-6.105032998,2.522281293
655,9.020515017,7.612293116,4.603518825,9.020515017,-7.612293116,4.603518825
656,9.20991695,5.736980767,2.932239474,9.20991695,-5.736980767,2.932239474
657,9.000961953,6.091722944,1.843178623,9.000961953,-6.091722944,1.843178623
658,8.959154038,4.140660066,3.679173715,8.959154038,-4.140660066,3.679173715
659,9.210643075,4.763988703,1.766720171,9.210643075,-4.763988703,1.766720171
660,9.079295519,5.542828211,0.8179160075,9.079295519,-5.542828211,0.8179160075
661,9.736787568,4.708214485,2.975801039,9.736787568,-4.708214485,2.975801039
662,9.103995396,7.781535575,0.2211615365,9.103995396,-7.781535575,0.2211615365
663,9.277598916,5.376171121,4.046963887,9.277598916,-5.376171121,4.046963887
664,9.181942067,5.618742412,3.168076804,9.181942067,-5.618742412,3.168076804
665,8.707345759,6.27093204,3.25782033,8.707345759,-6.27093204,3.25782033
666,8.509715933,7.599318404,0.4440029916,8.509715933,-7.599318404,0.4440029916
667,8.450095281,4.6104912,0.2231021009,8.450095281,-4.6104912,0.2231021009
668,8.232600156,6.710801301,4.827090171,8.232600156,-6.710801301,4.827090171
669,8.886634633,4.889480478,1.047686019,8.886634633,-4.889480478,1.047686019
670,9.230858222,7.352640216,2.408170818,9.230858222,-7.352640216,2.408170818
671,9.467714041,4.091555182,3.903331057,9.467714041,-4.091555182,3.903331057
672,8.68937638,7.209295545,1.691859385,8.68937638,-7.209295545,1.691859385
673,9.432306112,4.555822781,3.919138634,9.432306112,-4.555822781,3.919138634
674,9.474095693,5.026796563,4.868553093,9.474095693,-5.026796563,4.868553093
675,9.557508857,6.432410911,3.365540347,9.557508857,-6.432410911,3.365540347
676,9.275341839,7.317945836,4.928107279,9.275341839,-7.317945836,4.928107279
677,8.628658412,5.856924101,2.246382468,8.628658412,-5.856924101,2.246382468
678,8.54826765,7.780591427,1.44651804,8.54826765,-7.780591427,1.44651804
679,9.152057694,4.3256651,2.297533379,9.152057694,-4.3256651,2.297533379
680,8.462667777,6.632043302,3.347618821,8.462667777,-6.632043302,3.347618821
681,9.982607314,7.470130301,1.743101181,9.982607314,-7.470130301,1.743101181
682,8.503174909,6.879071042,1.793885138,8.503174909,-6.879071042,1.793885138
683,8.154933164,4.029944469,3.967182102,8.154933164,-4.029944469,3.967182102
684,9.827314707,5.307765694,1.555847387,9.827314707,-5.307765694,1.555847387
685,9.345988784,6.140132422,4.02102041,9.345988784,-6.140132422,4.02102041
686,8.940351542,6.054164629,4.850883265,8.940351542,-6.054164629,4.850883265
687,9.522452297,6.225944209,0.8691741088,9.522452297,-6.225944209,0.8691741088
688,9.285811746,7.180700532,3.222454796,9.285811746,-7.180700532,3.222454796
689,9.80668476,7.293401127,4.765949649,9.80668476,-7.293401127,4.765949649
690,9.73879363,6.723528104,2.683967545,9.73879363,-6.723528104,2.683967545
691,8.205954396,5.985837345,4.692867994,8.205954396,-5.985837345,4.692867994
692,8.14167625,7.99238916,0.1017678602,8.14167625,-7.99238916,0.1017678602
693,9.272705954,4.52800762,0.4427090023,9.272705954,-4.52800762,0.4427090023
694,8.510891863,6.111171121,3.80440203,8.510891863,-6.111171121,3.80440203
695,8.086749347,7.994351765,2.534869137,8.086749347,-7.994351765,2.534869137
696,8.597541805,5.309486366,3.235800065,8.597541805,-5.309486366,3.235800065
697,9.167505979,5.923774355,1.535076742,9.167505979,-5.923774355,1.535076742
698,9.488579662,7.551727386,2.314809667,9.488579662,-7.551727386,2.314809667
699,8.436267937,7.179350244,4.640293553,8.436267937,-7.179350244,4.640293553
700,9.930075908,4.770911132,3.109399686,9.930075908,-4.770911132,3.109399686
701,9.461440077,6.449736659,3.20286664,9.461440077,-6.449736659,3.20286664
702,8.23697523,4.123510372,3.708424671,8.23697523,-4.123510372,3.708424671
703,8.646835633,6.554283187,1.598286481,8.646835633,-6.554283187,1.598286481
704,9.878286744,7.974146595,0.3952500673,9.878286744,-7.974146595,0.3952500673
705,9.383425067,4.702921053,2.895473203,9.383425067,-4.702921053,2.895473203
706,8.102560492,5.243776128,4.654574594,8.102560492,-5.243776128,4.654574594
707,9.50388441,5.344413263,4.840215946,9.50388441,-5.344413263,4.840215946
708,8.961831483,6.612626862,3.325862324,8.961831483,-6.612626862,3.325862324
709,8.588495521,6.794482082,3.899698354,8.588495521,-6.794482082,3.899698354
710,9.625206497,6.972898221,2.643958844,9.625206497,-6.972898221,2.643958844
711,9.108304638,7.363241163,3.493060026,9.108304638,-7.363241163,3.493060026
712,9.424456919,7.401931023,1.660364146,9.424456919,-7.401931023,1.660364146
713,8.30109242,6.406267914,4.019399363,8.30109242,-6.406267914,4.019399363
714,9.278119455,4.512440257,1.938576665,9.278119455,-4.512440257,1.938576665
715,9.708032182,4.125096276,3.125863179,9.708032182,-4.125096276,3.125863179
716,9.288715945,4.883284609,0.6758025605,9.288715945,-4.883284609,0.6758025605
717,8.01056224,5.872918265,4.585475933,8.01056224,-5.872918265,4.585475933
718,8.847048408,5.745391775,4.87369968,8.847048408,-5.745391775,4.87369968
719,8.160855566,7.324384568,2.693732145,8.160855566,-7.324384568,2.693732145
720,9.611622087,4.368651606,1.605843723,9.611622087,-4.368651606,1.605843723
721,8.664482944,4.601627541,1.776938161,8.664482944,-4.601627541,1.776938161
722,9.519859653,7.655116298,2.193071245,9.519859653,-7.655116298,2.193071245
723,9.525818288,5.081517353,0.03169989044,9.525818288,-5.081517353,0.03169989044
724,9.446916885,7.09247987,2.47416394,9.446916885,-7.09247987,2.47416394
725,9.987076306,4.223738708,4.797277635,9.987076306,-4.223738708,4.797277635
726,9.329850144,7.072839794,2.763554672,9.329850144,-7.072839794,2.763554672
727,8.368482391,7.75007882,3.579882587,8.368482391,-7.75007882,3.579882587
728,8.248143354,4.06094468,0.3254947419,8.248143354,-4.06094468,0.3254947419
729,9.544104714,4.579363751,3.795085693,9.544104714,-4.579363751,3.795085693
730,8.980937152,5.441790335,1.711741645,8.980937152,-5.441790335,1.711741645
731,9.765710912,4.099316321,3.63170861,9.765710912,-4.099316321,3.63170861
732,9.487731753,4.140317411,2.444193342,9.487731753,-4.140317411,2.444193342
733,8.482292412,6.968258804,4.543843846,8.482292412,-6.968258804,4.543843846
734,9.28012618,6.149380921,1.752569928,9.28012618,-6.149380921,1.752569928
735,9.708515136,7.330573943,0.2886004393,9.708515136,-7.330573943,0.2886004393
736,8.120821876,5.601864236,0.268379544,8.120821876,-5.601864236,0.268379544
737,9.490451011,5.057213046,1.803035505,9.490451011,-5.057213046,1.803035505
738,9.412426694,4.467107362,0.2387906463,9.412426694,-4.467107362,0.2387906463
739,8.6269058,4.655817646,2.477340405,8.6269058,-4.655817646,2.477340405
740,8.188560269,4.641466346,0.3570898103,8.188560269,-4.641466346,0.3570898103
741,8.461130788,5.416239363,3.971204331,8.461130788,-5.416239363,3.971204331
742,9.115649037,6.251116384,4.250162692,9.115649037,-6.251116384,4.250162692
743,8.098576583,6.060933217,2.840453623,8.098576583,-6.060933217,2.840453623
744,9.334126319,7.317929166,1.948565225,9.334126319,-7.317929166,1.948565225
745,8.575757864,6.862891277,3.111313695,8.575757864,-6.862891277,3.111313695
746,9.447282085,6.294678034,2.862541403,9.447282085,-6.294678034,2.862541403
747,9.453638609,5.396007793,2.045293108,9.453638609,-5.396007793,2.045293108
748,8.295757981,4.904732204,0.3597041689,8.295757981,-4.904732204,0.3597041689
749,8.092861121,4.626055686,1.67973451,8.092861121,-4.626055686,1.67973451
750,8.282918024,6.587080863,4.589568148,8.282918024,-6.587080863,4.589568148
751,9.950516483,4.079340198,3.074113507,9.950516483,-4.079340198,3.074113507
752,9.544562336,6.825751949,4.719874281,9.544562336,-6.825751949,4.719874281
753,8.98812974,7.797607088,0.3224193686,8.98812974,-7.797607088,0.3224193686
754,9.945453655,6.721745567,3.8734558,9.945453655,-6.721745567,3.8734558
755,9.473506123,4.471451939,1.355271353,9.473506123,-4.471451939,1.355271353
756,8.150912124,4.146271604,2.306692275,8.150912124,-4.146271604,2.306692275
757,8.776685864,6.622337666,4.915294645,8.776685864,-6.622337666,4.915294645
758,9.436566341,5.309637883,3.416405151,9.436566341,-5.309637883,3.416405151
759,8.290385406,4.36990702,0.1747908529,8.290385406,-4.36990702,0.1747908529
760,9.691745845,4.016371187,0.05704402252,9.691745845,-4.016371187,0.05704402252
761,8.342095987,7.883609292,0.6206282957,8.342095987,-7.883609292,0.6206282957
762,8.626725584,4.492340097,4.090474868,8.626725584,-4.492340097,4.090474868
763,8.308859176,4.095275328,2.667887042,8.308859176,-4.095275328,2.667887042
764,8.55210291,7.514575186,1.663531969,8.55210291,-7.514575186,1.663531969
765,8.403285219,7.974205445,1.107111665,8.403285219,-7.974205445,1.107111665
766,8.457269025,5.512423453,1.141268327,8.457269025,-5.512423453,1.141268327
767,8.483511711,5.283109539,1.831638621,8.483511711,-5.283109539,1.831638621
768,9.327743078,4.015414836,1.034700977,9.327743078,-4.015414836,1.034700977
769,8.369660434,6.198891937,2.238615011,8.369660434,-6.198891937,2.238615011
770,9.717835473,5.787043457,4.409588534,9.717835473,-5.787043457,4.409588534
771,9.550328652,7.76633366,3.422854143,9.550328652,-7.76633366,3.422854143
772,8.201712868,4.505342375,4.796806743,8.201712868,-4.505342375,4.796806743
773,9.766386963,7.437225473,1.475056708,9.766386963,-7.437225473,1.475056708
774,9.284714723,5.043963686,1.335251908,9.284714723,-5.043963686,1.335251908
775,8.103742997,5.82697469,3.309278559,8.103742997,-5.82697469,3.309278559
776,8.146239531,6.197218712,2.945556355,8.146239531,-6.197218712,2.945556355
777,8.155906613,7.502183115,1.948550954,8.155906613,-7.502183115,1.948550954
778,8.840438527,7.817491016,4.578540635,8.840438527,-7.817491016,4.578540635
779,9.181548445,7.615698593,0.8276356959,9.181548445,-7.615698593,0.8276356959
780,9.592346329,7.344373857,2.718164233,9.592346329,-7.344373857,2.718164233
781,8.538422772,4.3622129,3.678976221,8.538422772,-4.3622129,3.678976221
782,9.042203072,7.96509182,1.197312333,9.042203072,-7.96509182,1.197312333
783,9.985915623,7.682144867,2.9686076,9.985915623,-7.682144867,2.9686076
784,8.813100823,6.331024066,1.249229129,8.813100823,-6.331024066,1.249229129
785,9.583221172,5.851341725,3.675332364,9.583221172,-5.851341725,3.675332364
786,9.866479106,5.853734147,2.451575306,9.866479106,-5.853734147,2.451575306
787,9.144136685,4.32858224,0.7566987244,9.144136685,-4.32858224,0.7566987244
788,9.682421906,6.916607021,2.598355488,9.682421906,-6.916607021,2.598355488
789,9.724334283,5.574003998,1.732732046,9.724334283,-5.574003998,1.732732046
790,9.429430878,4.478287909,2.472375154,9.429430878,-4.478287909,2.472375154
791,8.000613764,6.893943856,4.022040041,8.000613764,-6.893943856,4.022040041
792,8.69988742,7.937381798,4.293102465,8.69988742,-7.937381798,4.293102465
793,9.148197988,5.418287484,4.579597044,9.148197988,-5.418287484,4.579597044
794,8.967531841,5.012589766,0.2281309173,8.967531841,-5.012589766,0.2281309173
795,8.831998739,7.094825947,3.871533002,8.831998739,-7.094825947,3.871533002
796,8.213000251,4.819418476,2.617760695,8.213000251,-4.819418476,2.617760695
797,8.007590875,7.423324843,2.65560866,8.007590875,-7.423324843,2.65560866
798,8.860028955,7.157068587,2.449092964,8.860028955,-7.157068587,2.449092964
799,9.590281376,5.194570334,3.558342244,9.590281376,-5.194570334,3.558342244
800,8.621885859,7.93288511,4.496620545,8.621885859,-7.93288511,4.496620545
801,8.815285268,7.703588612,1.208185327,8.815285268,-7.703588612,1.208185327
802,9.584675138,7.135100473,0.4293890094,9.584675138,-7.135100473,0.4293890094
803,9.804013604,6.041079103,3.121590525,9.804013604,-6.041079103,3.121590525
804,9.017409699,5.118319741,1.969808111,9.017409699,-5.118319741,1.969808111
805,9.902481858,4.714880256,0.583740803,9.902481858,-4.714880256,0.583740803
806,8.320412797,4.303549848,0.916160427,8.320412797,-4.303549848,0.916160427
807,9.605749036,7.908542539,1.122216027,9.605749036,-7.908542539,1.122216027
808,9.18221951,6.641358509,2.940431403,9.18221951,-6.641358509,2.940431403
809,9.071238575,7.353833953,4.559698939,9.071238575,-7.353833953,4.559698939
810,8.545459294,4.081231362,0.6165816505,8.545459294,-4.081231362,0.6165816505
811,9.504166651,6.597791993,3.036301545,9.504166651,-6.597791993,3.036301545
812,8.175232164,6.383169743,4.083692205,8.175232164,-6.383169743,4.083692205
813,8.126745843,7.214788762,0.314219919,8.126745843,-7.214788762,0.314219919
814,8.426508777,4.262308743,0.2060927945,8.426508777,-4.262308743,0.2060927945
815,8.48223835,4.394520767,0.3837862468,8.48223835,-4.394520767,0.3837862468
816,9.823600507,5.24962635,3.551782035,9.823600507,-5.24962635,3.551782035
817,9.844441758,7.784911777,4.162819099,9.844441758,-7.784911777,4.162819099
818,8.054531829,5.769928722,2.104967396,8.054531829,-5.769928722,2.104967396
819,8.278191423,4.254148107,2.468323515,8.278191423,-4.254148107,2.468323515
820,9.362212111,7.583030711,2.382797653,9.362212111,-7.583030711,2.382797653
821,9.108599029,5.440488139,3.504535523,9.108599029,-5.440488139,3.504535523
822,9.654919347,5.518669444,1.705373816,9.654919347,-5.518669444,1.705373816
823,8.293906387,7.976630955,3.68314982,8.293906387,-7.976630955,3.68314982
824,8.189285955,6.785986175,4.327572262,8.189285955,-6.785986175,4.327572262
825,9.453158881,4.81432335,2.515034909,9.453158881,-4.81432335,2.515034909
826,8.784482762,4.292663616,4.177378423,8.784482762,-4.292663616,4.177378423
827,8.475782451,7.154061211,3.69817915,8.475782451,-7.154061211,3.69817915
828,9.247650563,6.417791059,4.145234771,9.247650563,-6.417791059,4.145234771
829,9.04222588,4.436236635,2.00000644,9.04222588,-4.436236635,2.00000644
830,8.22508883,4.4095373,3.459879744,8.22508883,-4.4095373,3.459879744
831,8.725992678,5.318416043,0.4851424696,8.725992678,-5.318416043,0.4851424696
832,9.894800717,5.69951282,4.286473716,9.894800717,-5.69951282,4.286473716
833,8.246778892,7.505653105,2.479441912,8.246778892,-7.505653105,2.479441912
834,9.793471772,4.428588299,1.551247485,9.793471772,-4.428588299,1.551247485
835,8.927441953,6.986361419,2.060439971,8.927441953,-6.986361419,2.060439971
836,8.29084729,5.664680832,4.282893531,8.29084729,-5.664680832,4.282893531
837,8.405794077,5.237334929,4.011859795,8.405794077,-5.237334929,4.011859795
838,8.609032719,5.274907437,4.754485389,8.609032719,-5.274907437,4.754485389
839,9.503631279,6.192538468,2.029477955,9.503631279,-6.192538468,2.029477955
840,9.311989309,4.118316957,1.091520087,9.311989309,-4.118316957,1.091520087
841,8.104116331,6.428323498,1.487265198,8.104116331,-6.428323498,1.487265198
842,9.496200263,7.889428229,4.103019681,9.496200263,-7.889428229,4.103019681
843,8.585022778,7.622296028,1.501611523,8.585022778,-7.622296028,1.501611523
844,8.788153126,4.117805458,2.10542102,8.788153126,-4.117805458,2.10542102
845,9.356056213,6.72619388,0.1186125731,9.356056213,-6.72619388,0.1186125731
846,8.145193161,6.878172016,4.795758591,8.145193161,-6.878172016,4.795758591
847,8.316390249,5.599360443,0.7114180336,8.316390249,-5.599360443,0.7114180336
848,8.46695952,5.864884261,0.5345743104,8.46695952,-5.864884261,0.5345743104
849,9.452829929,4.535756901,2.64376398,9.452829929,-4.535756901,2.64376398
850,8.414790786,7.622235456,4.103856008,8.414790786,-7.622235456,4.103856008
851,9.615030365,5.953469851,2.729876138,9.615030365,-5.953469851,2.729876138
852,8.52219516,5.698821094,0.3855305002,8.52219516,-5.698821094,0.3855305002
853,8.913601065,5.583372634,2.313413453,8.913601065,-5.583372634,2.313413453
854,9.732982853,7.923350846,3.876649171,9.732982853,-7.923350846,3.876649171
855,9.77760137,7.187525416,3.978127811,9.77760137,-7.187525416,3.978127811
856,9.65347979,4.306619123,0.3240797492,9.65347979,-4.306619123,0.3240797492
857,9.974022124,6.865071643,4.085173702,9.974022124,-6.865071643,4.085173702
858,8.936135992,5.498128286,2.470534634,8.936135992,-5.498128286,2.470534634
859,8.733745431,4.383349716,1.866850807,8.733745431,-4.383349716,1.866850807
860,8.864837375,5.316878247,2.292046523,8.864837375,-5.316878247,2.292046523
861,9.35281679,5.036712893,0.5699990967,9.35281679,-5.036712893,0.5699990967
862,9.084579643,7.497371626,1.652078989,9.084579643,-7.497371626,1.652078989
863,9.457542181,5.929667139,3.775873942,9.457542181,-5.929667139,3.775873942
864,9.863393576,5.119718905,1.867501756,9.863393576,-5.119718905,1.867501756
865,9.656081465,6.261435215,4.184342349,9.656081465,-6.261435215,4.184342349
866,9.802279792,7.715142466,1.785456206,9.802279792,-7.715142466,1.785456206
867,8.073231336,7.425458797,3.761514144,8.073231336,-7.425458797,3.761514144
868,8.685439082,7.055957612,3.007093611,8.685439082,-7.055957612,3.007093611
869,9.710628403,4.111693741,2.649924201,9.710628403,-4.111693741,2.649924201
870,9.510534969,5.265523302,3.40433876,9.510534969,-5.265523302,3.40433876
871,9.529533242,5.006370144,3.833220962,9.529533242,-5.006370144,3.833220962
872,9.635612636,6.044502863,4.989864566,9.635612636,-6.044502863,4.989864566
873,9.361830836,7.330202033,1.45271615,9.361830836,-7.330202033,1.45271615
874,9.560393445,5.243318774,0.08965918504,9.560393445,-5.243318774,0.08965918504
875,9.36728664,7.861384974,0.3764611503,9.36728664,-7.861384974,0.3764611503
876,9.915973798,7.267723731,4.093833914,9.915973798,-7.267723731,4.093833914
877,8.828072421,4.086132104,4.123717741,8.828072421,-4.086132104,4.123717741
878,9.715758076,7.248208595,1.427199125,9.715758076,-7.248208595,1.427199125
879,9.06801283,6.851507662,3.315382309,9.06801283,-6.851507662,3.315382309
880,9.425251789,4.710321694,1.77979133,9.425251789,-4.710321694,1.77979133
881,8.57304399,7.819957614,4.236332357,8.57304399,-7.819957614,4.236332357
882,9.698908614,7.640151637,0.7027517777,9.698908614,-7.640151637,0.7027517777
883,9.746407598,4.911728939,0.9066403343,9.746407598,-4.911728939,0.9066403343
884,9.124570612,4.148021105,4.931160168,9.124570612,-4.148021105,4.931160168
885,8.83877053,5.852353454,1.828625569,8.83877053,-5.852353454,1.828625569
886,8.582438875,4.007120351,4.907640009,8.582438875,-4.007120351,4.907640009
887,8.537651642,7.312080859,1.634883107,8.537651642,-7.312080859,1.634883107
888,9.094468197,6.608171398,2.004452301,9.094468197,-6.608171398,2.004452301
889,8.476392443,5.639598309,1.55347418,8.476392443,-5.639598309,1.55347418
890,8.69637046,7.564524272,4.573666712,8.69637046,-7.564524272,4.573666712
891,9.930820947,5.873116744,1.540729903,9.930820947,-5.873116744,1.540729903
892,9.949041574,4.375137882,1.78175173,9.949041574,-4.375137882,1.78175173
893,8.518365564,4.889959443,0.2355921321,8.518365564,-4.889959443,0.2355921321
894,9.416471475,5.068966611,2.93410685,9.416471475,-5.068966611,2.93410685
895,8.51257018,6.875685964,0.4536891607,8.51257018,-6.875685964,0.4536891607
896,8.626566639,6.289138037,3.784828488,8.626566639,-6.289138037,3.784828488
897,9.054885621,4.712566392,2.671644775,9.054885621,-4.712566392,2.671644775
898,8.709572721,6.31725484,2.91614525,8.709572721,-6.31725484,2.91614525
899,8.110651214,7.674401651,4.025309713,8.110651214,-7.674401651,4.025309713
900,9.741956063,6.387961996,1.309896784,9.741956063,-6.387961996,1.309896784
901,8.408981697,7.552314934,1.448140624,8.408981697,-7.552314934,1.448140624
902,8.633941549,6.414869736,1.51019897,8.633941549,-6.414869736,1.51019897
903,9.164721137,5.918732442,0.1619602571,9.164721137,-5.918732442,0.1619602571
904,8.66493447,7.866796863,4.472696345,8.66493447,-7.866796863,4.472696345
905,9.348866866,5.871371296,4.271516227,9.348866866,-5.871371296,4.271516227
906,9.127537402,7.736379606,4.132855749,9.127537402,-7.736379606,4.132855749
907,9.302283716,7.805180593,3.44198485,9.302283716,-7.805180593,3.44198485
908,8.278826496,4.882155321,1.615490887,8.278826496,-4.882155321,1.615490887
909,8.132771407,5.369881435,0.8058050315,8.132771407,-5.369881435,0.8058050315
910,8.364239421,4.863563971,1.702695561,8.364239421,-4.863563971,1.702695561
911,9.560499064,7.928538536,4.368583271,9.560499064,-7.928538536,4.368583271
912,9.978367836,7.901692075,2.920739517,9.978367836,-7.901692075,2.920739517
913,8.550627428,5.995516461,0.2955097836,8.550627428,-5.995516461,0.2955097836
914,9.717902224,4.775296851,0.2820545367,9.717902224,-4.775296851,0.2820545367
915,8.46998699,7.069749835,1.857616798,8.46998699,-7.069749835,1.857616798
916,8.880965957,6.102469827,0.1006139639,8.880965957,-6.102469827,0.1006139639
917,8.808612376,5.073521256,1.314772608,8.808612376,-5.073521256,1.314772608
918,8.946361685,6.176517119,2.302827144,8.946361685,-6.176517119,2.302827144
919,8.304640526,7.652428681,2.188640769,8.304640526,-7.652428681,2.188640769
920,9.454352069,4.746021308,0.5871945056,9.454352069,-4.746021308,0.5871945056
921,8.096701102,5.595961427,0.8286642223,8.096701102,-5.595961427,0.8286642223
922,8.592277153,4.091897083,4.590693717,8.592277153,-4.091897083,4.590693717
923,8.20185583,7.619625684,0.7578189379,8.20185583,-7.619625684,0.7578189379
924,8.804581918,4.50933172,3.735096252,8.804581918,-4.50933172,3.735096252
925,9.98601554,5.040896897,1.378391554,9.98601554,-5.040896897,1.378391554
926,9.794963944,6.713100981,1.629697329,9.794963944,-6.713100981,1.629697329
927,9.570476327,6.126958045,4.362972361,9.570476327,-6.126958045,4.362972361
928,8.721858785,7.426650243,0.166436908,8.721858785,-7.426650243,0.166436908
929,9.421902174,6.049240562,2.609446999,9.421902174,-6.049240562,2.609446999
930,8.71713361,6.976805169,2.767884219,8.71713361,-6.976805169,2.767884219
931,8.22913871,6.717753633,1.423872513,8.22913871,-6.717753633,1.423872513
932,8.247667178,4.397817987,3.537475632,8.247667178,-4.397817987,3.537475632
933,9.010308323,5.869091669,1.550201037,9.010308323,-5.869091669,1.550201037
934,9.612726796,5.46393583,4.354762193,9.612726796,-5.46393583,4.354762193
935,9.055599336,7.540388756,0.4949842205,9.055599336,-7.540388756,0.4949842205
936,8.005221788,6.144582601,1.686912607,8.005221788,-6.144582601,1.686912607
937,8.539168767,6.684366142,0.01816681015,8.539168767,-6.684366142,0.01816681015
938,9.196788119,5.948857941,2.122617332,9.196788119,-5.948857941,2.122617332
939,8.578011078,7.687533023,3.663219475,8.578011078,-7.687533023,3.663219475
940,9.826251705,7.047150694,1.337755333,9.826251705,-7.047150694,1.337755333
941,9.233154158,7.776575659,2.28213913,9.233154158,-7.776575659,2.28213913
942,9.425598066,4.290533083,0.4762721907,9.425598066,-4.290533083,0.4762721907
943,8.902009135,5.881543263,0.9398639234,8.902009135,-5.881543263,0.9398639234
944,8.31065517,7.469009815,2.267822456,8.31065517,-7.469009815,2.267822456
945,9.109274743,4.925639094,1.640641293,9.109274743,-4.925639094,1.640641293
946,8.05504352,5.345943763,3.739654345,8.05504352,-5.345943763,3.739654345
947,8.642857708,6.499780784,4.553687641,8.642857708,-6.499780784,4.553687641
948,8.871576994,4.978833615,3.138366482,8.871576994,-4.978833615,3.138366482
949,9.982471857,4.537642557,0.8905850147,9.982471857,-4.537642557,0.8905850147
950,8.417473138,7.199362773,4.822585157,8.417473138,-7.199362773,4.822585157
951,9.119797408,6.328159488,3.131355833,9.119797408,-6.328159488,3.131355833
952,9.546974606,6.304065671,1.975965173,9.546974606,-6.304065671,1.975965173
953,8.164471895,7.694492764,3.754778375,8.164471895,-7.694492764,3.754778375
954,9.742049549,7.239328587,4.217488236,9.742049549,-7.239328587,4.217488236
955,8.970126126,5.450758941,0.1116053423,8.970126126,-5.450758941,0.1116053423
956,9.399755838,5.901556523,4.639742736,9.399755838,-5.901556523,4.639742736
957,9.705816705,4.652442301,2.212892992,9.705816705,-4.652442301,2.212892992
958,9.040876754,6.478468708,1.713253277,9.040876754,-6.478468708,1.713253277
959,9.55343524,7.327873178,3.381253848,9.55343524,-7.327873178,3.381253848
960,8.682086315,7.706412026,4.474145388,8.682086315,-7.706412026,4.474145388
961,9.150125677,7.273495446,3.337725709,9.150125677,-7.273495446,3.337725709
962,9.092945767,4.999592343,4.722284097,9.092945767,-4.999592343,4.722284097
963,9.041814022,6.384392837,4.043961867,9.041814022,-6.384392837,4.043961867
964,9.105480212,5.92099214,0.7469136081,9.105480212,-5.92099214,0.7469136081
965,8.201285912,7.455734021,3.67707172,8.201285912,-7.455734021,3.67707172
966,8.380207754,4.524758479,0.6567940949,8.380207754,-4.524758479,0.6567940949
967,8.929726172,6.324952089,1.436767896,8.929726172,-6.324952089,1.436767896
968,8.536804163,4.631778124,2.402552563,8.536804163,-4.631778124,2.402552563
969,9.448406005,7.835635628,4.441245332,9.448406005,-7.835635628,4.441245332
970,9.964849374,7.84230284,1.361705982,9.964849374,-7.84230284,1.361705982
971,8.847652778,4.911802657,3.994768902,8.847652778,-4.911802657,3.994768902
972,9.231338847,4.592610892,2.123520765,9.231338847,-4.592610892,2.123520765
973,8.350011138,6.867485225,1.757268632,8.350011138,-6.867485225,1.757268632
974,9.244110353,5.190091777,0.2140484771,9.244110353,-5.190091777,0.2140484771
975,8.02648605,5.085906856,1.330920203,8.02648605,-5.085906856,1.330920203
976,8.317558988,6.688581256,3.684517619,8.317558988,-6.688581256,3.684517619
977,8.048096919,5.842015772,3.03297002,8.048096919,-5.842015772,3.03297002
978,9.278749988,4.681550158,2.13253328,9.278749988,-4.681550158,2.13253328
979,8.535049927,4.081275264,1.945780203,8.535049927,-4.081275264,1.945780203
980,9.664308514,7.395637295,3.109666403,9.664308514,-7.395637295,3.109666403
981,8.264300329,4.488441144,3.037712103,8.264300329,-4.488441144,3.037712103
982,8.963533307,5.474292537,3.406033854,8.963533307,-5.474292537,3.406033854
983,8.501013341,7.577104256,3.3111271,8.501013341,-7.577104256,3.3111271
984,9.489561815,7.976751561,1.198053398,9.489561815,-7.976751561,1.198053398
985,9.524586518,4.511078927,1.651196961,9.524586518,-4.511078927,1.651196961
986,9.692874438,4.619467955,1.945976988,9.692874438,-4.619467955,1.945976988
987,8.925852855,6.951799868,1.681725401,8.925852855,-6.951799868,1.681725401
988,8.110979975,6.206275346,1.56999691,8.110979975,-6.206275346,1.56999691
989,9.265491483,6.743790135,4.357770383,9.265491483,-6.743790135,4.357770383
990,8.372040522,7.393210067,4.295198305,8.372040522,-7.393210067,4.295198305
991,9.417412083,4.347507125,2.881123838,9.417412083,-4.347507125,2.881123838
992,9.0919836,7.089887661,4.504584556,9.0919836,-7.089887661,4.504584556
993,8.994100083,7.562494075,1.470875483,8.994100083,-7.562494075,1.470875483
994,8.634083496,4.399865491,3.484598602,8.634083496,-4.399865491,3.484598602
995,8.18899619,4.523293445,2.480214329,8.18899619,-4.523293445,2.480214329
996,8.703082276,5.348325424,2.488431253,8.703082276,-5.348325424,2.488431253
997,9.605580869,5.778049876,2.760782208,9.605580869,-5.778049876,2.760782208
998,9.944935029,6.849954007,1.618981677,9.944935029,-6.849954007,1.618981677
999,8.011829391,6.36966664,4.241387611,8.011829391,-6.36966664,4.241387611